{
    "test_loss": 0.522810697555542,
    "test_brier_0th_event": 0.09018578380346298,
    "test_brier_0th_event_n": 490,
    "test_brier_1th_event": 0.09277267009019852,
    "test_brier_1th_event_n": 452,
    "test_brier_weighted_avg": 0.09142704983489022,
    "test_ipcw_0th_event": 0.8004052060307663,
    "test_ipcw_0th_event_0.25": 0.7997108697891235,
    "test_ipcw_0th_event_0.50": 0.7983631491661072,
    "test_ipcw_0th_event_0.75": 0.8011196255683899,
    "test_ipcw_0th_event_1.00": 0.8010513186454773,
    "test_ipcw_0th_event_n": 1516,
    "test_ipcw_1th_event": 0.7912436555074045,
    "test_ipcw_1th_event_0.25": 0.7905787825584412,
    "test_ipcw_1th_event_0.50": 0.7915326952934265,
    "test_ipcw_1th_event_0.75": 0.7917900681495667,
    "test_ipcw_1th_event_1.00": 0.7908430099487305,
    "test_ipcw_1th_event_n": 1516,
    "test_ipcw_weighted_avg": 0.7958244307690854,
    "test_runtime": 0.5803,
    "test_samples_per_second": 2612.243,
    "test_steps_per_second": 5.169
}