{
    "test_loss": 3.563011407852173,
    "test_brier_0th_event": 0.3530779182910919,
    "test_brier_0th_event_n": 490,
    "test_brier_1th_event": 0.2940517067909241,
    "test_brier_1th_event_n": 452,
    "test_brier_weighted_avg": 0.3247553624544933,
    "test_ipcw_0th_event": 0.5258279558430782,
    "test_ipcw_0th_event_0.25": 0.5589306950569153,
    "test_ipcw_0th_event_0.50": 0.5164646506309509,
    "test_ipcw_0th_event_0.75": 0.5285416841506958,
    "test_ipcw_0th_event_1.00": 0.5194444060325623,
    "test_ipcw_0th_event_n": 1516,
    "test_ipcw_1th_event": 0.5168695132309031,
    "test_ipcw_1th_event_0.25": 0.4729451835155487,
    "test_ipcw_1th_event_0.50": 0.47298550605773926,
    "test_ipcw_1th_event_0.75": 0.47799962759017944,
    "test_ipcw_1th_event_1.00": 0.5833982229232788,
    "test_ipcw_1th_event_n": 1516,
    "test_ipcw_weighted_avg": 0.5213487345369906,
    "test_runtime": 0.6318,
    "test_samples_per_second": 2399.495,
    "test_steps_per_second": 4.748
}