{
    "n": 3,
    "brier": {
        "mean": 0.205253991859247,
        "variance": 3.480084713195774e-05,
        "sd": 0.005899224282222006
    },
    "ipcw": {
        "mean": 0.6280965373051053,
        "variance": 1.584293059395765e-05,
        "sd": 0.003980317901117654
    }
}