{
  "ipcw.mean": 0.6280965373051053,
  "brier.mean": 0.205253991859247
}