{
    "n": 3,
    "brier": {
        "mean": 0.20331896989079842,
        "variance": 1.7433573575589176e-05,
        "sd": 0.004175353107892694
    },
    "ipcw": {
        "mean": 0.6557344316463074,
        "variance": 0.000618646996847499,
        "sd": 0.02487261540022478
    }
}