{
  "ipcw.mean": 0.6557344316463074,
  "brier.mean": 0.20331896989079842
}