{
  "ipcw.mean": 0.8591312268395737,
  "brier.mean": 0.08179468421394101
}