{
    "n": 3,
    "brier": {
        "mean": 0.08179468421394101,
        "variance": 2.375945484440186e-06,
        "sd": 0.0015414102258776493
    },
    "ipcw": {
        "mean": 0.8591312268395737,
        "variance": 6.735970982898682e-06,
        "sd": 0.0025953749214513654
    }
}