{
    "n": 3,
    "brier": {
        "mean": 0.21804190907420282,
        "variance": 6.73802375505131e-06,
        "sd": 0.0025957703586895566
    },
    "ipcw": {
        "mean": 0.5753351713364999,
        "variance": 7.301421204574062e-05,
        "sd": 0.008544835401910362
    }
}