{
  "ipcw.mean": 0.5753351713364999,
  "brier.mean": 0.21804190907420282
}