{
    "test_loss": 1.7567634582519531,
    "test_brier_0th_event": 0.42254796624183655,
    "test_brier_0th_event_n": 490,
    "test_brier_1th_event": 0.5595845580101013,
    "test_brier_1th_event_n": 452,
    "test_brier_weighted_avg": 0.4883022544363755,
    "test_ipcw_0th_event": 0.4465808419084587,
    "test_ipcw_0th_event_0.25": 0.4234424829483032,
    "test_ipcw_0th_event_0.50": 0.4440120756626129,
    "test_ipcw_0th_event_0.75": 0.4438442289829254,
    "test_ipcw_0th_event_1.00": 0.45616620779037476,
    "test_ipcw_0th_event_n": 1516,
    "test_ipcw_1th_event": 0.5039652161103948,
    "test_ipcw_1th_event_0.25": 0.5135488510131836,
    "test_ipcw_1th_event_0.50": 0.5070515275001526,
    "test_ipcw_1th_event_0.75": 0.5054336190223694,
    "test_ipcw_1th_event_1.00": 0.4984816014766693,
    "test_ipcw_1th_event_n": 1516,
    "test_ipcw_weighted_avg": 0.47527302900942675,
    "test_runtime": 0.5861,
    "test_samples_per_second": 2586.55,
    "test_steps_per_second": 5.119
}