{
    "n": 3,
    "brier": {
        "mean": 0.0,
        "variance": 0.0,
        "sd": 0.0
    },
    "ipcw": {
        "mean": 0.6350916630932689,
        "variance": 9.559174447229551e-05,
        "sd": 0.009777103071579817
    }
}