{
  "ipcw.mean": 0.8424806326843092,
  "brier.mean": 0.09085299672739242
}