{
    "n": 3,
    "brier": {
        "mean": 0.09085299672739242,
        "variance": 7.844672663108662e-07,
        "sd": 0.0008857015672961555
    },
    "ipcw": {
        "mean": 0.8424806326843092,
        "variance": 5.3973859213069455e-06,
        "sd": 0.002323227479457607
    }
}