{
    "n": 3,
    "brier": {
        "mean": 0.1207995752057666,
        "variance": 7.762889866212873e-06,
        "sd": 0.0027861963079102796
    },
    "ipcw": {
        "mean": 0.6314185294602425,
        "variance": 0.002782608376600642,
        "sd": 0.05275043484750284
    }
}