{
  "ipcw.mean": 0.6314185294602425,
  "brier.mean": 0.1207995752057666
}