{
    "n": 3,
    "brier": {
        "mean": 0.18498165690180127,
        "variance": 2.7105692742588123e-06,
        "sd": 0.0016463806589786009
    },
    "ipcw": {
        "mean": 0.6579779182880694,
        "variance": 8.880354834691616e-06,
        "sd": 0.002979992421918488
    }
}