{
  "ipcw.mean": 0.6579779182880694,
  "brier.mean": 0.18498165690180127
}