{
    "n": 3,
    "test_brier_weighted_avg": {
        "mean": 0.10015654846061708,
        "variance": 2.822037358164878e-07,
        "sd": 0.0005312285156281502
    },
    "test_ipcw_weighted_avg": {
        "mean": 0.7980255538845147,
        "variance": 7.865686407743101e-05,
        "sd": 0.008868870507422634
    }
}