{
    "n": 3,
    "test_brier_weighted_avg": {
        "mean": 0.22022839387257895,
        "variance": 5.930850308762581e-05,
        "sd": 0.007701201405470825
    },
    "test_ipcw_weighted_avg": {
        "mean": 0.6081780930666433,
        "variance": 4.386409939056707e-05,
        "sd": 0.006622997764650617
    }
}