{
    "n": 3,
    "test_brier_weighted_avg": {
        "mean": 0.13514372974305597,
        "variance": 4.531014347909307e-05,
        "sd": 0.0067312809686636225
    },
    "test_ipcw_weighted_avg": {
        "mean": 0.49614914003656935,
        "variance": 0.0003071322702363046,
        "sd": 0.017525189592021668
    }
}