{
    "n": 3,
    "brier": {
        "mean": 0.18971358535759195,
        "variance": 8.50137660942231e-06,
        "sd": 0.0029157120244328503
    },
    "ipcw": {
        "mean": 0.6469969940421773,
        "variance": 4.898911290345479e-05,
        "sd": 0.006999222307046318
    }
}