{
  "ipcw.mean": 0.6469969940421773,
  "brier.mean": 0.18971358535759195
}