{
  "ipcw.mean": 0.6527869234491827,
  "brier.mean": 0.1953914589174332
}