{
    "n": 3,
    "brier": {
        "mean": 0.1953914589174332,
        "variance": 2.038136425263423e-06,
        "sd": 0.001427633155002861
    },
    "ipcw": {
        "mean": 0.6527869234491827,
        "variance": 2.387226479990119e-05,
        "sd": 0.004885925173383357
    }
}