{
  "ipcw.mean": 0.8579837982025399,
  "brier.mean": 0.08796943018673586
}