{
    "n": 3,
    "brier": {
        "mean": 0.08796943018673586,
        "variance": 1.5674776934145385e-06,
        "sd": 0.0012519894941310564
    },
    "ipcw": {
        "mean": 0.8579837982025399,
        "variance": 3.8051033057483814e-06,
        "sd": 0.001950667400083464
    }
}