{
    "n": 3,
    "brier": {
        "mean": 0.20014136066149382,
        "variance": 1.1481522454946337e-06,
        "sd": 0.0010715186631574055
    },
    "ipcw": {
        "mean": 0.6241263602734914,
        "variance": 0.0002759918303370735,
        "sd": 0.016613001846056404
    }
}