{
  "ipcw.mean": 0.6241263602734914,
  "brier.mean": 0.20014136066149382
}