{
    "test_loss": 0.526377260684967,
    "test_brier_0th_event": 0.09457500278949738,
    "test_brier_0th_event_n": 490,
    "test_brier_1th_event": 0.09829913079738617,
    "test_brier_1th_event_n": 452,
    "test_brier_weighted_avg": 0.0963619516850024,
    "test_ipcw_0th_event": 0.808326667079833,
    "test_ipcw_0th_event_0.25": 0.8099703788757324,
    "test_ipcw_0th_event_0.50": 0.8069167733192444,
    "test_ipcw_0th_event_0.75": 0.8081198930740356,
    "test_ipcw_0th_event_1.00": 0.8087351322174072,
    "test_ipcw_0th_event_n": 1516,
    "test_ipcw_1th_event": 0.7899969584777787,
    "test_ipcw_1th_event_0.25": 0.7830520272254944,
    "test_ipcw_1th_event_0.50": 0.790299117565155,
    "test_ipcw_1th_event_0.75": 0.7919839024543762,
    "test_ipcw_1th_event_1.00": 0.7901995778083801,
    "test_ipcw_1th_event_n": 1516,
    "test_ipcw_weighted_avg": 0.7991618127788059,
    "test_runtime": 0.8222,
    "test_samples_per_second": 1843.82,
    "test_steps_per_second": 3.649
}