{
  "ipcw.mean": 0.8412831808158039,
  "brier.mean": 0.08947919025454529
}