{
    "n": 3,
    "brier": {
        "mean": 0.08947919025454529,
        "variance": 6.711503231373898e-07,
        "sd": 0.000819237647534212
    },
    "ipcw": {
        "mean": 0.8412831808158039,
        "variance": 1.7471224951430807e-05,
        "sd": 0.004179859441587816
    }
}