{
    "test_loss": 1.7495603561401367,
    "test_brier_0th_event": 0.6310892701148987,
    "test_brier_0th_event_n": 490,
    "test_brier_1th_event": 0.4977460205554962,
    "test_brier_1th_event_n": 452,
    "test_brier_weighted_avg": 0.5671071588613426,
    "test_ipcw_0th_event": 0.5213424961896509,
    "test_ipcw_0th_event_0.25": 0.5384687185287476,
    "test_ipcw_0th_event_0.50": 0.5098153352737427,
    "test_ipcw_0th_event_0.75": 0.5055217146873474,
    "test_ipcw_0th_event_1.00": 0.5344738364219666,
    "test_ipcw_0th_event_n": 1516,
    "test_ipcw_1th_event": 0.4947792271131566,
    "test_ipcw_1th_event_0.25": 0.5153297185897827,
    "test_ipcw_1th_event_0.50": 0.49457496404647827,
    "test_ipcw_1th_event_0.75": 0.4934692084789276,
    "test_ipcw_1th_event_1.00": 0.4902668595314026,
    "test_ipcw_1th_event_n": 1516,
    "test_ipcw_weighted_avg": 0.5080608616514037,
    "test_runtime": 0.6002,
    "test_samples_per_second": 2525.926,
    "test_steps_per_second": 4.999
}