{
  "ipcw.mean": 0.8406029724523081,
  "brier.mean": 0.09196529226159869
}