{
    "n": 3,
    "brier": {
        "mean": 0.09196529226159869,
        "variance": 2.877018964491381e-06,
        "sd": 0.0016961777514433389
    },
    "ipcw": {
        "mean": 0.8406029724523081,
        "variance": 8.684859021939114e-06,
        "sd": 0.002947008486913316
    }
}