{
  "ipcw.mean": 0.5589524149364802,
  "brier.mean": 0.2163328588896151
}