{
    "n": 3,
    "brier": {
        "mean": 0.2163328588896151,
        "variance": 0.00014630781345183365,
        "sd": 0.012095776678321804
    },
    "ipcw": {
        "mean": 0.5589524149364802,
        "variance": 0.002266522865519526,
        "sd": 0.04760801261888093
    }
}