{
    "test_loss": 0.9299129247665405,
    "test_brier_0th_event": 0.23182769119739532,
    "test_brier_0th_event_n": 325,
    "test_brier_weighted_avg": 0.23182769119739532,
    "test_ipcw_0th_event": 0.5842330646746368,
    "test_ipcw_0th_event_0.25": 0.566946268081665,
    "test_ipcw_0th_event_0.50": 0.5839858055114746,
    "test_ipcw_0th_event_0.75": 0.5912014245986938,
    "test_ipcw_0th_event_1.00": 0.5834662914276123,
    "test_ipcw_0th_event_n": 567,
    "test_ipcw_weighted_avg": 0.5842330646746368,
    "test_runtime": 0.2264,
    "test_samples_per_second": 2503.93,
    "test_steps_per_second": 8.832
}