{
    "n": 3,
    "brier": {
        "mean": 0.2076881233623065,
        "variance": 2.716425714646621e-06,
        "sd": 0.0016481582796098865
    },
    "ipcw": {
        "mean": 0.610472246067412,
        "variance": 7.054879868837221e-05,
        "sd": 0.008399333228796928
    }
}