{
  "ipcw.mean": 0.610472246067412,
  "brier.mean": 0.2076881233623065
}