{
    "test_loss": 0.5241036415100098,
    "test_brier_0th_event": 0.09301269799470901,
    "test_brier_0th_event_n": 490,
    "test_brier_1th_event": 0.09271054714918137,
    "test_brier_1th_event_n": 452,
    "test_brier_weighted_avg": 0.09286771690959383,
    "test_ipcw_0th_event": 0.8022394902588575,
    "test_ipcw_0th_event_0.25": 0.8009461164474487,
    "test_ipcw_0th_event_0.50": 0.7987037301063538,
    "test_ipcw_0th_event_0.75": 0.8026471734046936,
    "test_ipcw_0th_event_1.00": 0.8040157556533813,
    "test_ipcw_0th_event_n": 1516,
    "test_ipcw_1th_event": 0.794604721166567,
    "test_ipcw_1th_event_0.25": 0.7967355251312256,
    "test_ipcw_1th_event_0.50": 0.7975693941116333,
    "test_ipcw_1th_event_0.75": 0.7944390773773193,
    "test_ipcw_1th_event_1.00": 0.7924951910972595,
    "test_ipcw_1th_event_n": 1516,
    "test_ipcw_weighted_avg": 0.7984221057127122,
    "test_runtime": 0.5968,
    "test_samples_per_second": 2540.04,
    "test_steps_per_second": 5.026
}