{
  "ipcw.mean": 0.641396807593793,
  "brier.mean": 0.15498062961145617
}