{
    "n": 3,
    "brier": {
        "mean": 0.15498062961145617,
        "variance": 0.002524559722797924,
        "sd": 0.05024499699271485
    },
    "ipcw": {
        "mean": 0.641396807593793,
        "variance": 0.002742145161428552,
        "sd": 0.05236549590549632
    }
}