{
    "n": 3,
    "test_brier_weighted_avg": {
        "mean": 0.19032526512940726,
        "variance": 7.431549806343386e-05,
        "sd": 0.008620643715142963
    },
    "test_ipcw_weighted_avg": {
        "mean": 0.6234554831928347,
        "variance": 0.0006603065253486426,
        "sd": 0.025696430206327153
    }
}