{
  "ipcw.mean": 0.8574200979449896,
  "brier.mean": 0.08153434123309761
}