{
    "n": 3,
    "brier": {
        "mean": 0.08153434123309761,
        "variance": 2.355572546604099e-06,
        "sd": 0.001534787459749427
    },
    "ipcw": {
        "mean": 0.8574200979449896,
        "variance": 2.9194544960294205e-05,
        "sd": 0.005403197660672262
    }
}