{
    "test_loss": 0.527991533279419,
    "test_brier_0th_event": 0.09311217814683914,
    "test_brier_0th_event_n": 490,
    "test_brier_1th_event": 0.09629258513450623,
    "test_brier_1th_event_n": 452,
    "test_brier_weighted_avg": 0.0946382333044034,
    "test_ipcw_0th_event": 0.8037583088816995,
    "test_ipcw_0th_event_0.25": 0.8035668134689331,
    "test_ipcw_0th_event_0.50": 0.8037956953048706,
    "test_ipcw_0th_event_0.75": 0.8035844564437866,
    "test_ipcw_0th_event_1.00": 0.8039242029190063,
    "test_ipcw_0th_event_n": 1516,
    "test_ipcw_1th_event": 0.7820032015632753,
    "test_ipcw_1th_event_0.25": 0.7823923230171204,
    "test_ipcw_1th_event_0.50": 0.7823219895362854,
    "test_ipcw_1th_event_0.75": 0.782036304473877,
    "test_ipcw_1th_event_1.00": 0.781693160533905,
    "test_ipcw_1th_event_n": 1516,
    "test_ipcw_weighted_avg": 0.7928807552224874,
    "test_runtime": 0.7769,
    "test_samples_per_second": 1951.383,
    "test_steps_per_second": 3.862
}