{
  "ipcw.mean": 0.8344455742792805,
  "brier.mean": 0.09115029929483737
}