{
    "n": 3,
    "brier": {
        "mean": 0.09115029929483737,
        "variance": 1.2520419373288357e-05,
        "sd": 0.0035384204630439777
    },
    "ipcw": {
        "mean": 0.8344455742792805,
        "variance": 0.00010090664086058283,
        "sd": 0.010045229756485554
    }
}