{
    "n": 3,
    "brier": {
        "mean": 0.19343785037948644,
        "variance": 1.032004867678677e-05,
        "sd": 0.003212483257043804
    },
    "ipcw": {
        "mean": 0.6439416641300995,
        "variance": 1.569971769100641e-05,
        "sd": 0.00396228692689038
    }
}