{
  "ipcw.mean": 0.6439416641300995,
  "brier.mean": 0.19343785037948644
}