{
    "n": 3,
    "brier": {
        "mean": 0.17259262080308188,
        "variance": 1.8725681571244623e-07,
        "sd": 0.00043273180575553516
    },
    "ipcw": {
        "mean": 0.6868922374019375,
        "variance": 6.709758639445832e-06,
        "sd": 0.002590320180874525
    }
}