{
  "ipcw.mean": 0.6868922374019375,
  "brier.mean": 0.17259262080308188
}