{
    "n": 3,
    "test_brier_weighted_avg": {
        "mean": 0.18995639185110727,
        "variance": 0.0002055552744784823,
        "sd": 0.014337198976037205
    },
    "test_ipcw_weighted_avg": {
        "mean": 0.6259514147669213,
        "variance": 0.0002928271201313484,
        "sd": 0.017112192148621648
    }
}