{
    "test_loss": 0.8450776934623718,
    "test_brier_0th_event": 0.2360030561685562,
    "test_brier_0th_event_n": 325,
    "test_brier_weighted_avg": 0.2360030561685562,
    "test_ipcw_0th_event": 0.5694808262644462,
    "test_ipcw_0th_event_0.25": 0.5522968173027039,
    "test_ipcw_0th_event_0.50": 0.558315634727478,
    "test_ipcw_0th_event_0.75": 0.5713287591934204,
    "test_ipcw_0th_event_1.00": 0.5781692266464233,
    "test_ipcw_0th_event_n": 567,
    "test_ipcw_weighted_avg": 0.5694808262644462,
    "test_runtime": 0.1878,
    "test_samples_per_second": 3019.477,
    "test_steps_per_second": 10.651
}