{
    "n": 3,
    "brier": {
        "mean": 0.19039468517104208,
        "variance": 2.2130120654795965e-05,
        "sd": 0.004704266218529301
    },
    "ipcw": {
        "mean": 0.649543400297528,
        "variance": 0.00011694527386756725,
        "sd": 0.010814123814140804
    }
}