{
  "ipcw.mean": 0.649543400297528,
  "brier.mean": 0.19039468517104208
}