{
  "ipcw.mean": 0.8447474044018838,
  "brier.mean": 0.08731796093346077
}