{
    "n": 3,
    "brier": {
        "mean": 0.08731796093346077,
        "variance": 5.869152857177648e-06,
        "sd": 0.002422633454977795
    },
    "ipcw": {
        "mean": 0.8447474044018838,
        "variance": 1.613410137920556e-06,
        "sd": 0.0012702008258226555
    }
}