{
  "ipcw.mean": 0.8398703373737679,
  "brier.mean": 0.08693171592321028
}