{
    "n": 3,
    "brier": {
        "mean": 0.08693171592321028,
        "variance": 2.6392416314918263e-07,
        "sd": 0.0005137354992106177
    },
    "ipcw": {
        "mean": 0.8398703373737679,
        "variance": 2.3846789299516813e-05,
        "sd": 0.004883317448161323
    }
}