{
    "n": 3,
    "brier": {
        "mean": 0.19750266331052324,
        "variance": 1.1495548276298214e-05,
        "sd": 0.003390508557178143
    },
    "ipcw": {
        "mean": 0.6396006768559277,
        "variance": 4.3335950233940827e-05,
        "sd": 0.0065830046509128964
    }
}