{
  "ipcw.mean": 0.6396006768559277,
  "brier.mean": 0.19750266331052324
}