{
    "n": 3,
    "test_brier_weighted_avg": {
        "mean": 0.20910837749640146,
        "variance": 4.989836660359195e-05,
        "sd": 0.007063877589793863
    },
    "test_ipcw_weighted_avg": {
        "mean": 0.6016399375384099,
        "variance": 0.0018212628054819068,
        "sd": 0.04267625575752759
    }
}