{
    "n": 3,
    "test_brier_weighted_avg": {
        "mean": 0.20398322741190592,
        "variance": 5.410962431902823e-05,
        "sd": 0.007355924436739969
    },
    "test_ipcw_weighted_avg": {
        "mean": 0.6112857368279042,
        "variance": 0.0009321624545921668,
        "sd": 0.030531335617561293
    }
}