{
    "test_loss": 1.6125319004058838,
    "test_brier_0th_event": 0.3822103440761566,
    "test_brier_0th_event_n": 490,
    "test_brier_1th_event": 0.5290312170982361,
    "test_brier_1th_event_n": 452,
    "test_brier_weighted_avg": 0.4526594253988529,
    "test_ipcw_0th_event": 0.5285794397660968,
    "test_ipcw_0th_event_0.25": 0.5141700506210327,
    "test_ipcw_0th_event_0.50": 0.5453999042510986,
    "test_ipcw_0th_event_0.75": 0.5293376445770264,
    "test_ipcw_0th_event_1.00": 0.5236095190048218,
    "test_ipcw_0th_event_n": 1516,
    "test_ipcw_1th_event": 0.48878787081932357,
    "test_ipcw_1th_event_0.25": 0.439460813999176,
    "test_ipcw_1th_event_0.50": 0.4982825815677643,
    "test_ipcw_1th_event_0.75": 0.49246296286582947,
    "test_ipcw_1th_event_1.00": 0.49418893456459045,
    "test_ipcw_1th_event_n": 1516,
    "test_ipcw_weighted_avg": 0.5086836552927101,
    "test_runtime": 0.5903,
    "test_samples_per_second": 2568.025,
    "test_steps_per_second": 5.082
}