{
    "n": 3,
    "brier": {
        "mean": 0.20119707203924522,
        "variance": 2.72433458383276e-06,
        "sd": 0.0016505558408708141
    },
    "ipcw": {
        "mean": 0.6259476321383542,
        "variance": 0.00011881474486174633,
        "sd": 0.0109002176520355
    }
}