{
  "ipcw.mean": 0.6259476321383542,
  "brier.mean": 0.20119707203924522
}