{
  "ipcw.mean": 0.6519358545783857,
  "brier.mean": 0.20408929575053142
}