{
    "n": 3,
    "brier": {
        "mean": 0.20408929575053142,
        "variance": 0.0001214753989941593,
        "sd": 0.011021587861744755
    },
    "ipcw": {
        "mean": 0.6519358545783857,
        "variance": 0.001298127231066179,
        "sd": 0.03602953276225185
    }
}