{
  "ipcw.mean": 0.6551343740565657,
  "brier.mean": 0.18831904604554875
}