{
    "n": 3,
    "brier": {
        "mean": 0.18831904604554875,
        "variance": 3.191311075265772e-05,
        "sd": 0.005649169032048671
    },
    "ipcw": {
        "mean": 0.6551343740565657,
        "variance": 0.0016148235210818218,
        "sd": 0.040184866816773475
    }
}