{
  "ipcw.mean": 0.630047492709012,
  "brier.mean": 0.19944748458681516
}