{
    "n": 3,
    "brier": {
        "mean": 0.19944748458681516,
        "variance": 4.018379463373774e-06,
        "sd": 0.0020045895997370068
    },
    "ipcw": {
        "mean": 0.630047492709012,
        "variance": 8.633385496151759e-05,
        "sd": 0.009291601313095477
    }
}