{
  "ipcw.mean": 0.6691715832264858,
  "brier.mean": 0.18697567985949756
}