{
    "n": 3,
    "brier": {
        "mean": 0.18697567985949756,
        "variance": 1.3512874871273527e-05,
        "sd": 0.00367598624470679
    },
    "ipcw": {
        "mean": 0.6691715832264858,
        "variance": 0.00015720625259789612,
        "sd": 0.012538191759496109
    }
}