{
    "n": 3,
    "brier": {
        "mean": 0.0,
        "variance": 0.0,
        "sd": 0.0
    },
    "ipcw": {
        "mean": 0.6678745438254964,
        "variance": 0.00012677771402599413,
        "sd": 0.011259561005030087
    }
}