{
  "ipcw.mean": 0.639025458147764,
  "brier.mean": 0.19381517732966086
}