{
    "n": 3,
    "brier": {
        "mean": 0.19381517732966086,
        "variance": 1.782061593940884e-05,
        "sd": 0.004221447138056906
    },
    "ipcw": {
        "mean": 0.639025458147764,
        "variance": 0.00010000224799673398,
        "sd": 0.01000011239920502
    }
}