{
  "ipcw.mean": 0.6875529171069527,
  "brier.mean": 0.17812109402791357
}