{
    "n": 3,
    "brier": {
        "mean": 0.17812109402791357,
        "variance": 5.146052170659221e-06,
        "sd": 0.0022684911660968005
    },
    "ipcw": {
        "mean": 0.6875529171069527,
        "variance": 2.1022429796529204e-05,
        "sd": 0.0045850223332639505
    }
}