{
    "n": 3,
    "brier": {
        "mean": 0.08991150241024363,
        "variance": 1.2537155592576562e-06,
        "sd": 0.0011196944044057986
    },
    "ipcw": {
        "mean": 0.8370178165140475,
        "variance": 7.383980162980321e-06,
        "sd": 0.002717348001817272
    }
}