{
  "ipcw.mean": 0.8370178165140475,
  "brier.mean": 0.08991150241024363
}