{
    "n": 3,
    "brier": {
        "mean": 0.07745089885348759,
        "variance": 5.400224920450702e-07,
        "sd": 0.0007348622265738457
    },
    "ipcw": {
        "mean": 0.8473305503305778,
        "variance": 4.673704781997031e-05,
        "sd": 0.006836449942767833
    }
}