{
  "ipcw.mean": 0.8473305503305778,
  "brier.mean": 0.07745089885348759
}