{
    "n": 3,
    "brier": {
        "mean": 0.0,
        "variance": 0.0,
        "sd": 0.0
    },
    "ipcw": {
        "mean": 0.6646894288172828,
        "variance": 4.536048680750432e-05,
        "sd": 0.00673501943631229
    }
}