{
    "test_loss": 1.7292686700820923,
    "test_brier_0th_event": 0.40799620747566223,
    "test_brier_0th_event_n": 490,
    "test_brier_1th_event": 0.561915397644043,
    "test_brier_1th_event_n": 452,
    "test_brier_weighted_avg": 0.48185127536961986,
    "test_ipcw_0th_event": 0.4448187722972833,
    "test_ipcw_0th_event_0.25": 0.4201848804950714,
    "test_ipcw_0th_event_0.50": 0.4416130483150482,
    "test_ipcw_0th_event_0.75": 0.44167569279670715,
    "test_ipcw_0th_event_1.00": 0.4554305374622345,
    "test_ipcw_0th_event_n": 1516,
    "test_ipcw_1th_event": 0.5045214572394411,
    "test_ipcw_1th_event_0.25": 0.5142437219619751,
    "test_ipcw_1th_event_0.50": 0.5078716278076172,
    "test_ipcw_1th_event_0.75": 0.5059560537338257,
    "test_ipcw_1th_event_1.00": 0.4988788068294525,
    "test_ipcw_1th_event_n": 1516,
    "test_ipcw_weighted_avg": 0.4746701147683622,
    "test_runtime": 0.5935,
    "test_samples_per_second": 2554.467,
    "test_steps_per_second": 5.055
}