{
    "n": 3,
    "brier": {
        "mean": 0.19558402593235522,
        "variance": 8.569239647657122e-07,
        "sd": 0.0009257018768295288
    },
    "ipcw": {
        "mean": 0.6475147264171092,
        "variance": 0.00017041250941967687,
        "sd": 0.013054214239841358
    }
}