{
  "ipcw.mean": 0.6475147264171092,
  "brier.mean": 0.19558402593235522
}