{
    "n": 3,
    "brier": {
        "mean": 0.08272904479668468,
        "variance": 1.7681607407196385e-06,
        "sd": 0.0013297220539344448
    },
    "ipcw": {
        "mean": 0.8500631264395362,
        "variance": 2.5030258606139733e-06,
        "sd": 0.0015820954018686652
    }
}