{
  "ipcw.mean": 0.8500631264395362,
  "brier.mean": 0.08272904479668468
}