{
    "n": 3,
    "brier": {
        "mean": 0.21428257796567735,
        "variance": 9.82313649537721e-06,
        "sd": 0.00313418833119154
    },
    "ipcw": {
        "mean": 0.6111542324882608,
        "variance": 2.4565124059017914e-05,
        "sd": 0.004956321625865084
    }
}