{
  "ipcw.mean": 0.6111542324882608,
  "brier.mean": 0.21428257796567735
}