{
    "n": 3,
    "brier": {
        "mean": 0.0,
        "variance": 0.0,
        "sd": 0.0
    },
    "ipcw": {
        "mean": 0.6742643548479307,
        "variance": 6.062072255612924e-06,
        "sd": 0.002462127587192208
    }
}