{
    "test_loss": 0.7675653696060181,
    "test_brier_0th_event": 0.20842136442661285,
    "test_brier_0th_event_n": 325,
    "test_brier_weighted_avg": 0.20842136442661285,
    "test_ipcw_0th_event": 0.6212264781148688,
    "test_ipcw_0th_event_0.25": 0.6206425428390503,
    "test_ipcw_0th_event_0.50": 0.620888888835907,
    "test_ipcw_0th_event_0.75": 0.621575117111206,
    "test_ipcw_0th_event_1.00": 0.6212806105613708,
    "test_ipcw_0th_event_n": 567,
    "test_ipcw_weighted_avg": 0.6212264781148688,
    "test_runtime": 0.2796,
    "test_samples_per_second": 2028.237,
    "test_steps_per_second": 7.154
}