{
    "n": 3,
    "brier": {
        "mean": 0.0,
        "variance": 0.0,
        "sd": 0.0
    },
    "ipcw": {
        "mean": 0.6462530028363581,
        "variance": 0.0001431708978354653,
        "sd": 0.011965404206940328
    }
}