{
    "test_loss": 3.205965757369995,
    "test_brier_0th_event": 0.12094344943761826,
    "test_brier_0th_event_n": 490,
    "test_brier_1th_event": 0.11602574586868286,
    "test_brier_1th_event_n": 452,
    "test_brier_weighted_avg": 0.11858378700326709,
    "test_ipcw_0th_event": 0.8142249535531312,
    "test_ipcw_0th_event_0.25": 0.8142905235290527,
    "test_ipcw_0th_event_0.50": 0.8141114115715027,
    "test_ipcw_0th_event_0.75": 0.8142953515052795,
    "test_ipcw_0th_event_1.00": 0.8142094016075134,
    "test_ipcw_0th_event_n": 1516,
    "test_ipcw_1th_event": 0.8079130390283914,
    "test_ipcw_1th_event_0.25": 0.8087943196296692,
    "test_ipcw_1th_event_0.50": 0.808411717414856,
    "test_ipcw_1th_event_0.75": 0.807847261428833,
    "test_ipcw_1th_event_1.00": 0.8074440360069275,
    "test_ipcw_1th_event_n": 1516,
    "test_ipcw_weighted_avg": 0.8110689962907612,
    "test_runtime": 3.4459,
    "test_samples_per_second": 439.939,
    "test_steps_per_second": 0.871
}