{
    "n": 3,
    "test_brier_weighted_avg": {
        "mean": 0.08705779872074586,
        "variance": 7.854767820166385e-06,
        "sd": 0.002802635870063463
    },
    "test_ipcw_weighted_avg": {
        "mean": 0.7973555081187901,
        "variance": 0.00011890945924151885,
        "sd": 0.010904561396109375
    }
}