{
    "test_loss": 0.6976926922798157,
    "test_brier_0th_event": 0.19814883172512054,
    "test_brier_0th_event_n": 325,
    "test_brier_weighted_avg": 0.19814883172512054,
    "test_ipcw_0th_event": 0.5981015210736145,
    "test_ipcw_0th_event_0.25": 0.5910808444023132,
    "test_ipcw_0th_event_0.50": 0.60711270570755,
    "test_ipcw_0th_event_0.75": 0.6124247908592224,
    "test_ipcw_0th_event_1.00": 0.5843232870101929,
    "test_ipcw_0th_event_n": 567,
    "test_ipcw_weighted_avg": 0.5981015210736145,
    "test_runtime": 0.205,
    "test_samples_per_second": 2765.366,
    "test_steps_per_second": 9.754
}