{
    "test_loss": 0.7135587930679321,
    "test_brier_0th_event": 0.13792306184768677,
    "test_brier_0th_event_n": 490,
    "test_brier_1th_event": 0.13293687999248505,
    "test_brier_1th_event_n": 452,
    "test_brier_weighted_avg": 0.1355305414670592,
    "test_ipcw_0th_event": 0.7418824312854604,
    "test_ipcw_0th_event_0.25": 0.7511633634567261,
    "test_ipcw_0th_event_0.50": 0.6879534721374512,
    "test_ipcw_0th_event_0.75": 0.752223551273346,
    "test_ipcw_0th_event_1.00": 0.7580134868621826,
    "test_ipcw_0th_event_n": 1516,
    "test_ipcw_1th_event": 0.6414659137227522,
    "test_ipcw_1th_event_0.25": 0.5926664471626282,
    "test_ipcw_1th_event_0.50": 0.608087956905365,
    "test_ipcw_1th_event_0.75": 0.6419652104377747,
    "test_ipcw_1th_event_1.00": 0.6730768084526062,
    "test_ipcw_1th_event_n": 1516,
    "test_ipcw_weighted_avg": 0.6916741725041062,
    "test_runtime": 0.6901,
    "test_samples_per_second": 2196.634,
    "test_steps_per_second": 4.347
}