{
    "test_loss": 1.0435796976089478,
    "test_brier_0th_event": 0.2396313101053238,
    "test_brier_0th_event_n": 325,
    "test_brier_weighted_avg": 0.2396313101053238,
    "test_ipcw_0th_event": 0.5643099037912285,
    "test_ipcw_0th_event_0.25": 0.5460666418075562,
    "test_ipcw_0th_event_0.50": 0.5576138496398926,
    "test_ipcw_0th_event_0.75": 0.5680404305458069,
    "test_ipcw_0th_event_1.00": 0.5695549845695496,
    "test_ipcw_0th_event_n": 567,
    "test_ipcw_weighted_avg": 0.5643099037912285,
    "test_runtime": 0.2435,
    "test_samples_per_second": 2328.818,
    "test_steps_per_second": 8.215
}