{
  "ipcw.mean": 0.6444011155014807,
  "brier.mean": 0.19287687059924621
}