{
    "n": 3,
    "brier": {
        "mean": 0.19287687059924621,
        "variance": 8.708223872574877e-07,
        "sd": 0.0009331786470218271
    },
    "ipcw": {
        "mean": 0.6444011155014807,
        "variance": 0.00011792838417798773,
        "sd": 0.010859483605493759
    }
}