{
    "n": 3,
    "brier": {
        "mean": 0.0856955713745695,
        "variance": 2.1122086445636827e-07,
        "sd": 0.0004595877113852896
    },
    "ipcw": {
        "mean": 0.8548338195875751,
        "variance": 3.81475361680751e-07,
        "sd": 0.0006176369173557803
    }
}