{
  "ipcw.mean": 0.8548338195875751,
  "brier.mean": 0.0856955713745695
}