{
  "ipcw.mean": 0.6099467745004916,
  "brier.mean": 0.2182409921665541
}