{
    "n": 3,
    "brier": {
        "mean": 0.2182409921665541,
        "variance": 4.718134227731255e-05,
        "sd": 0.006868867612446214
    },
    "ipcw": {
        "mean": 0.6099467745004916,
        "variance": 0.001344323178323598,
        "sd": 0.03666501300045587
    }
}