{
  "ipcw.mean": 0.8511019157258986,
  "brier.mean": 0.08556542376175627
}