{
    "n": 3,
    "brier": {
        "mean": 0.08556542376175627,
        "variance": 2.1868199858456548e-06,
        "sd": 0.0014787900411639425
    },
    "ipcw": {
        "mean": 0.8511019157258986,
        "variance": 2.2965144400383056e-06,
        "sd": 0.001515425498016417
    }
}