{
    "n": 3,
    "brier": {
        "mean": 0.22580948962082026,
        "variance": 1.56586055808036e-05,
        "sd": 0.003957095599148901
    },
    "ipcw": {
        "mean": 0.5994079293970666,
        "variance": 0.0001991750746960145,
        "sd": 0.014112939973514184
    }
}