{
  "ipcw.mean": 0.5994079293970666,
  "brier.mean": 0.22580948962082026
}