{
    "test_loss": 1.393560767173767,
    "test_brier_0th_event": 0.5102589130401611,
    "test_brier_0th_event_n": 490,
    "test_brier_1th_event": 0.36307501792907715,
    "test_brier_1th_event_n": 452,
    "test_brier_weighted_avg": 0.4396356427745455,
    "test_ipcw_0th_event": 0.5253270132799928,
    "test_ipcw_0th_event_0.25": 0.452813059091568,
    "test_ipcw_0th_event_0.50": 0.363523930311203,
    "test_ipcw_0th_event_0.75": 0.5657229423522949,
    "test_ipcw_0th_event_1.00": 0.5936092734336853,
    "test_ipcw_0th_event_n": 1516,
    "test_ipcw_1th_event": 0.5114553323618517,
    "test_ipcw_1th_event_0.25": 0.4856138825416565,
    "test_ipcw_1th_event_0.50": 0.4838089942932129,
    "test_ipcw_1th_event_0.75": 0.557338535785675,
    "test_ipcw_1th_event_1.00": 0.4985305070877075,
    "test_ipcw_1th_event_n": 1516,
    "test_ipcw_weighted_avg": 0.5183911728209222,
    "test_runtime": 0.7154,
    "test_samples_per_second": 2119.017,
    "test_steps_per_second": 4.193
}