{
    "n": 3,
    "brier": {
        "mean": 0.0,
        "variance": 0.0,
        "sd": 0.0
    },
    "ipcw": {
        "mean": 0.6638680196442387,
        "variance": 0.0001403594102009357,
        "sd": 0.011847337684093236
    }
}