{
    "n": 3,
    "brier": {
        "mean": 0.08611705327279391,
        "variance": 1.5976160979286698e-06,
        "sd": 0.0012639683927728057
    },
    "ipcw": {
        "mean": 0.8450148205869118,
        "variance": 4.146555202349142e-06,
        "sd": 0.00203630921088845
    }
}