{
  "ipcw.mean": 0.8450148205869118,
  "brier.mean": 0.08611705327279391
}