{
  "ipcw.mean": 0.8349552632575176,
  "brier.mean": 0.09022672374223847
}