{
    "n": 3,
    "brier": {
        "mean": 0.09022672374223847,
        "variance": 2.0389324777583016e-06,
        "sd": 0.001427911929272356
    },
    "ipcw": {
        "mean": 0.8349552632575176,
        "variance": 1.9507607444482804e-05,
        "sd": 0.00441674172263704
    }
}