{
    "test_loss": 0.9467651844024658,
    "test_brier_0th_event": 0.2583911418914795,
    "test_brier_0th_event_n": 325,
    "test_brier_weighted_avg": 0.2583911418914795,
    "test_ipcw_0th_event": 0.5548448676189172,
    "test_ipcw_0th_event_0.25": 0.5442434549331665,
    "test_ipcw_0th_event_0.50": 0.5403735041618347,
    "test_ipcw_0th_event_0.75": 0.5476133227348328,
    "test_ipcw_0th_event_1.00": 0.5704946517944336,
    "test_ipcw_0th_event_n": 567,
    "test_ipcw_weighted_avg": 0.5548448676189172,
    "test_runtime": 0.1826,
    "test_samples_per_second": 3105.658,
    "test_steps_per_second": 10.955
}