{
    "n": 3,
    "brier": {
        "mean": 0.08184623162048993,
        "variance": 8.901767884541012e-07,
        "sd": 0.0009434918062464036
    },
    "ipcw": {
        "mean": 0.8486554613651329,
        "variance": 1.3466927238014644e-05,
        "sd": 0.0036697312214949264
    }
}