{
  "ipcw.mean": 0.8486554613651329,
  "brier.mean": 0.08184623162048993
}