{
    "n": 3,
    "test_brier_weighted_avg": {
        "mean": 0.1887357234954834,
        "variance": 0.00013941121544003288,
        "sd": 0.01180725266266598
    },
    "test_ipcw_weighted_avg": {
        "mean": 0.6245999788915134,
        "variance": 0.0009675206226441822,
        "sd": 0.0311049935322961
    }
}