{
  "ipcw.mean": 0.663371719340721,
  "brier.mean": 0.18403074825607194
}