{
    "n": 3,
    "brier": {
        "mean": 0.18403074825607194,
        "variance": 1.477754711725059e-06,
        "sd": 0.001215629348002531
    },
    "ipcw": {
        "mean": 0.663371719340721,
        "variance": 2.3867636425684475e-05,
        "sd": 0.004885451506839923
    }
}