{
    "validation": {
        "n": 1,
        "loss": {
            "mean": 0.6283857226371765,
            "variance": 0.0,
            "sd": 0.0
        },
        "brier_0th_event": {
            "mean": 0.1795923411846161,
            "variance": 0.0,
            "sd": 0.0
        },
        "brier_0th_event_n": {
            "mean": 247,
            "variance": 0.0,
            "sd": 0.0
        },
        "brier_weighted_avg": {
            "mean": 0.1795923411846161,
            "variance": 0.0,
            "sd": 0.0
        },
        "ipcw_0th_event": {
            "mean": 0.6336230538986825,
            "variance": 0.0,
            "sd": 0.0
        },
        "ipcw_0th_event_0.25": {
            "mean": 0.6241475939750671,
            "variance": 0.0,
            "sd": 0.0
        },
        "ipcw_0th_event_0.50": {
            "mean": 0.6303333044052124,
            "variance": 0.0,
            "sd": 0.0
        },
        "ipcw_0th_event_0.75": {
            "mean": 0.6410084366798401,
            "variance": 0.0,
            "sd": 0.0
        },
        "ipcw_0th_event_1.00": {
            "mean": 0.6318886876106262,
            "variance": 0.0,
            "sd": 0.0
        },
        "ipcw_0th_event_n": {
            "mean": 473,
            "variance": 0.0,
            "sd": 0.0
        },
        "ipcw_weighted_avg": {
            "mean": 0.6336230538986825,
            "variance": 0.0,
            "sd": 0.0
        },
        "runtime": {
            "mean": 0.1441,
            "variance": 0.0,
            "sd": 0.0
        },
        "samples_per_second": {
            "mean": 3281.966,
            "variance": 0.0,
            "sd": 0.0
        },
        "steps_per_second": {
            "mean": 6.939,
            "variance": 0.0,
            "sd": 0.0
        }
    }
}