{
    "validation": {
        "n": 1,
        "loss": {
            "mean": 0.6283542513847351,
            "variance": 0.0,
            "sd": 0.0
        },
        "brier_0th_event": {
            "mean": 0.17606210708618164,
            "variance": 0.0,
            "sd": 0.0
        },
        "brier_0th_event_n": {
            "mean": 247,
            "variance": 0.0,
            "sd": 0.0
        },
        "brier_weighted_avg": {
            "mean": 0.17606210708618164,
            "variance": 0.0,
            "sd": 0.0
        },
        "ipcw_0th_event": {
            "mean": 0.613488807468801,
            "variance": 0.0,
            "sd": 0.0
        },
        "ipcw_0th_event_0.25": {
            "mean": 0.6086291074752808,
            "variance": 0.0,
            "sd": 0.0
        },
        "ipcw_0th_event_0.50": {
            "mean": 0.6134750247001648,
            "variance": 0.0,
            "sd": 0.0
        },
        "ipcw_0th_event_0.75": {
            "mean": 0.6190427541732788,
            "variance": 0.0,
            "sd": 0.0
        },
        "ipcw_0th_event_1.00": {
            "mean": 0.6105413436889648,
            "variance": 0.0,
            "sd": 0.0
        },
        "ipcw_0th_event_n": {
            "mean": 473,
            "variance": 0.0,
            "sd": 0.0
        },
        "ipcw_weighted_avg": {
            "mean": 0.613488807468801,
            "variance": 0.0,
            "sd": 0.0
        },
        "runtime": {
            "mean": 0.14,
            "variance": 0.0,
            "sd": 0.0
        },
        "samples_per_second": {
            "mean": 3378.546,
            "variance": 0.0,
            "sd": 0.0
        },
        "steps_per_second": {
            "mean": 7.143,
            "variance": 0.0,
            "sd": 0.0
        }
    },
    "test": {
        "n": 1,
        "loss": {
            "mean": 0.7055981755256653,
            "variance": 0.0,
            "sd": 0.0
        },
        "brier_0th_event": {
            "mean": 0.20111435651779175,
            "variance": 0.0,
            "sd": 0.0
        },
        "brier_0th_event_n": {
            "mean": 325,
            "variance": 0.0,
            "sd": 0.0
        },
        "brier_weighted_avg": {
            "mean": 0.20111435651779175,
            "variance": 0.0,
            "sd": 0.0
        },
        "ipcw_0th_event": {
            "mean": 0.5900955239979966,
            "variance": 0.0,
            "sd": 0.0
        },
        "ipcw_0th_event_0.25": {
            "mean": 0.5896297097206116,
            "variance": 0.0,
            "sd": 0.0
        },
        "ipcw_0th_event_0.50": {
            "mean": 0.5968660712242126,
            "variance": 0.0,
            "sd": 0.0
        },
        "ipcw_0th_event_0.75": {
            "mean": 0.5999967455863953,
            "variance": 0.0,
            "sd": 0.0
        },
        "ipcw_0th_event_1.00": {
            "mean": 0.5791622400283813,
            "variance": 0.0,
            "sd": 0.0
        },
        "ipcw_0th_event_n": {
            "mean": 567,
            "variance": 0.0,
            "sd": 0.0
        },
        "ipcw_weighted_avg": {
            "mean": 0.5900955239979966,
            "variance": 0.0,
            "sd": 0.0
        },
        "runtime": {
            "mean": 0.1981,
            "variance": 0.0,
            "sd": 0.0
        },
        "samples_per_second": {
            "mean": 2862.331,
            "variance": 0.0,
            "sd": 0.0
        },
        "steps_per_second": {
            "mean": 10.096,
            "variance": 0.0,
            "sd": 0.0
        }
    }
}