{
    "n": 3,
    "brier": {
        "mean": 0.18568584331080187,
        "variance": 6.346674869854141e-07,
        "sd": 0.0007966602079841908
    },
    "ipcw": {
        "mean": 0.6400304909078915,
        "variance": 1.3921744868036735e-05,
        "sd": 0.003731185450769867
    }
}