{
  "ipcw.mean": 0.6400304909078915,
  "brier.mean": 0.18568584331080187
}