{
  "ipcw.mean": 0.839907718122769,
  "brier.mean": 0.08926124460628618
}