{
    "n": 3,
    "brier": {
        "mean": 0.08926124460628618,
        "variance": 6.140697527581721e-07,
        "sd": 0.000783626028637495
    },
    "ipcw": {
        "mean": 0.839907718122769,
        "variance": 8.650613363986016e-06,
        "sd": 0.0029411925071280215
    }
}