{
    "n": 3,
    "validation_brier_weighted_avg": {
        "mean": 0.19385229547818503,
        "variance": 0.00011012245208215832,
        "sd": 0.01049392453194506
    },
    "validation_ipcw_weighted_avg": {
        "mean": 0.6225539784525645,
        "variance": 0.00017151414247156688,
        "sd": 0.013096340804651004
    }
}