{
    "n": 3,
    "test_brier_weighted_avg": {
        "mean": 0.09648559701785232,
        "variance": 4.6862888981809566e-05,
        "sd": 0.006845647447963528
    },
    "test_ipcw_weighted_avg": {
        "mean": 0.7635866820181239,
        "variance": 0.0018257510287520992,
        "sd": 0.042728807949112026
    }
}