{
    "n": 3,
    "test_brier_weighted_avg": {
        "mean": 0.20566760003566742,
        "variance": 3.767660237752324e-05,
        "sd": 0.006138126943744585
    },
    "test_ipcw_weighted_avg": {
        "mean": 0.5623848162316043,
        "variance": 2.423352075576686e-05,
        "sd": 0.004922755402796981
    }
}