{
    "n": 3,
    "brier": {
        "mean": 0.1898838024124227,
        "variance": 1.6888161243579413e-05,
        "sd": 0.004109520804616934
    },
    "ipcw": {
        "mean": 0.641067198610814,
        "variance": 7.696380940023254e-05,
        "sd": 0.008772901994222466
    }
}