{
  "ipcw.mean": 0.641067198610814,
  "brier.mean": 0.1898838024124227
}