{
    "n": 3,
    "test_brier_weighted_avg": {
        "mean": 0.197599728902181,
        "variance": 0.00016427686473815178,
        "sd": 0.012817053668380724
    },
    "test_ipcw_weighted_avg": {
        "mean": 0.6277467800636649,
        "variance": 5.450121159239162e-05,
        "sd": 0.007382493589051847
    }
}