{
  "ipcw.mean": 0.861385943107133,
  "brier.mean": 0.08657513784292441
}