{
    "n": 3,
    "brier": {
        "mean": 0.08657513784292441,
        "variance": 3.124732882303745e-05,
        "sd": 0.0055899310213130046
    },
    "ipcw": {
        "mean": 0.861385943107133,
        "variance": 3.1796651883951847e-05,
        "sd": 0.005638852000536266
    }
}