{
    "n": 3,
    "brier": {
        "mean": 0.22409551614212092,
        "variance": 1.1668692343206348e-05,
        "sd": 0.0034159467711318845
    },
    "ipcw": {
        "mean": 0.4881725503085557,
        "variance": 0.01835300562975915,
        "sd": 0.13547326536907253
    }
}