{
  "ipcw.mean": 0.4881725503085557,
  "brier.mean": 0.22409551614212092
}