{
    "n": 3,
    "test_brier_weighted_avg": {
        "mean": 0.44620767816817114,
        "variance": 0.0005301349309786119,
        "sd": 0.023024659193538827
    },
    "test_ipcw_weighted_avg": {
        "mean": 0.489255474776126,
        "variance": 6.42110100095926e-05,
        "sd": 0.008013177273066696
    }
}