{
    "test_loss": 0.5255699753761292,
    "test_brier_0th_event": 0.0956096425652504,
    "test_brier_0th_event_n": 490,
    "test_brier_1th_event": 0.09476523846387863,
    "test_brier_1th_event_n": 452,
    "test_brier_weighted_avg": 0.09520447201979389,
    "test_ipcw_0th_event": 0.8026115787347285,
    "test_ipcw_0th_event_0.25": 0.8025267124176025,
    "test_ipcw_0th_event_0.50": 0.8024994134902954,
    "test_ipcw_0th_event_0.75": 0.8021894097328186,
    "test_ipcw_0th_event_1.00": 0.8030118346214294,
    "test_ipcw_0th_event_n": 1516,
    "test_ipcw_1th_event": 0.8063601754738703,
    "test_ipcw_1th_event_0.25": 0.8074097633361816,
    "test_ipcw_1th_event_0.50": 0.8066308498382568,
    "test_ipcw_1th_event_0.75": 0.8061590194702148,
    "test_ipcw_1th_event_1.00": 0.8060766458511353,
    "test_ipcw_1th_event_n": 1516,
    "test_ipcw_weighted_avg": 0.8044858771042994,
    "test_runtime": 0.5655,
    "test_samples_per_second": 2680.894,
    "test_steps_per_second": 5.305
}