{
    "n": 3,
    "brier": {
        "mean": 0.18157754780419208,
        "variance": 4.471940467986495e-06,
        "sd": 0.0021146963063254486
    },
    "ipcw": {
        "mean": 0.6588927205608793,
        "variance": 0.00012032907307942281,
        "sd": 0.010969460929299252
    }
}