{
  "ipcw.mean": 0.6588927205608793,
  "brier.mean": 0.18157754780419208
}