{
  "ipcw.mean": 0.7763100841988775,
  "brier.mean": 0.10118607421147294
}