{
    "n": 3,
    "brier": {
        "mean": 0.10118607421147294,
        "variance": 3.042966430036028e-05,
        "sd": 0.005516308938081721
    },
    "ipcw": {
        "mean": 0.7763100841988775,
        "variance": 0.0008557178395201841,
        "sd": 0.02925265525589402
    }
}