{
  "ipcw.mean": 0.5478707233839786,
  "brier.mean": 0.2210254696988683
}