{
    "n": 3,
    "brier": {
        "mean": 0.2210254696988683,
        "variance": 3.8195832257589265e-06,
        "sd": 0.001954375405534701
    },
    "ipcw": {
        "mean": 0.5478707233839786,
        "variance": 0.002869111078653103,
        "sd": 0.053564083849657156
    }
}