{
    "n": 3,
    "brier": {
        "mean": 0.21553409750226663,
        "variance": 4.866547574135126e-05,
        "sd": 0.006976064488044191
    },
    "ipcw": {
        "mean": 0.5979377319236423,
        "variance": 0.000616421639084624,
        "sd": 0.024827840000383117
    }
}