{
  "ipcw.mean": 0.5979377319236423,
  "brier.mean": 0.21553409750226663
}