{
  "ipcw.mean": 0.6741203066047069,
  "brier.mean": 0.19553830479507195
}