{
    "n": 3,
    "brier": {
        "mean": 0.19553830479507195,
        "variance": 1.7157876819353868e-06,
        "sd": 0.0013098807892076999
    },
    "ipcw": {
        "mean": 0.6741203066047069,
        "variance": 1.4858672592961377e-05,
        "sd": 0.003854694876765394
    }
}