{
  "ipcw.mean": 0.8144561804601389,
  "brier.mean": 0.09653763980412866
}