{
    "n": 3,
    "brier": {
        "mean": 0.09653763980412866,
        "variance": 1.3700898171983088e-05,
        "sd": 0.0037014724329627376
    },
    "ipcw": {
        "mean": 0.8144561804601389,
        "variance": 0.00017735337644431183,
        "sd": 0.01331740877364331
    }
}