{
    "n": 3,
    "test_brier_weighted_avg": {
        "mean": 0.0861901051807826,
        "variance": 3.0819804893623257e-06,
        "sd": 0.0017555570310765543
    },
    "test_ipcw_weighted_avg": {
        "mean": 0.7987586253454245,
        "variance": 0.00013590789606937557,
        "sd": 0.011657954197429992
    }
}