{
    "n": 3,
    "test_brier_weighted_avg": {
        "mean": 0.14885885527409792,
        "variance": 0.00022002996226718234,
        "sd": 0.01483340696762488
    },
    "test_ipcw_weighted_avg": {
        "mean": 0.5818805576665236,
        "variance": 0.0030606613851235274,
        "sd": 0.055323244528168516
    }
}