{
    "n": 3,
    "brier": {
        "mean": 0.0872109816676592,
        "variance": 1.5066607882988463e-06,
        "sd": 0.0012274611147807682
    },
    "ipcw": {
        "mean": 0.8485407589756846,
        "variance": 1.5968042093756873e-06,
        "sd": 0.0012636471854816467
    }
}