{
  "ipcw.mean": 0.8485407589756846,
  "brier.mean": 0.0872109816676592
}