{
  "ipcw.mean": 0.8359689494615833,
  "brier.mean": 0.08606336499333773
}