{
    "n": 3,
    "brier": {
        "mean": 0.08606336499333773,
        "variance": 3.7894982392891346e-08,
        "sd": 0.0001946663360545201
    },
    "ipcw": {
        "mean": 0.8359689494615833,
        "variance": 2.1208739305494766e-06,
        "sd": 0.0014563220559167113
    }
}