{
  "ipcw.mean": 0.8436804728354911,
  "brier.mean": 0.08593651061491463
}