{
    "n": 3,
    "brier": {
        "mean": 0.08593651061491463,
        "variance": 1.1151964664876898e-06,
        "sd": 0.0010560286295776692
    },
    "ipcw": {
        "mean": 0.8436804728354911,
        "variance": 2.016963440983713e-06,
        "sd": 0.0014201983808551934
    }
}