{
    "n": 3,
    "test_brier_weighted_avg": {
        "mean": 0.5552236653838271,
        "variance": 0.0033499758258793795,
        "sd": 0.05787897568097918
    },
    "test_ipcw_weighted_avg": {
        "mean": 0.5147922622415333,
        "variance": 0.00031837544238302884,
        "sd": 0.017843078276548272
    }
}