{
    "n": 3,
    "test_brier_weighted_avg": {
        "mean": 0.19679428140322366,
        "variance": 5.7290607331579994e-05,
        "sd": 0.007569055907547519
    },
    "test_ipcw_weighted_avg": {
        "mean": 0.6179293488092147,
        "variance": 0.00017679371866852827,
        "sd": 0.013296379908400944
    }
}