{
  "ipcw.mean": 0.684143494027425,
  "brier.mean": 0.18275655663269816
}