{
    "n": 3,
    "brier": {
        "mean": 0.18275655663269816,
        "variance": 1.1848435869274332e-05,
        "sd": 0.0034421557009052237
    },
    "ipcw": {
        "mean": 0.684143494027425,
        "variance": 5.951115931678388e-05,
        "sd": 0.007714347627426695
    }
}