{
    "test_loss": 0.711020290851593,
    "test_brier_0th_event": 0.19914504885673523,
    "test_brier_0th_event_n": 325,
    "test_brier_weighted_avg": 0.19914504885673523,
    "test_ipcw_0th_event": 0.5794295070385469,
    "test_ipcw_0th_event_0.25": 0.5850673913955688,
    "test_ipcw_0th_event_0.50": 0.584968090057373,
    "test_ipcw_0th_event_0.75": 0.5797351002693176,
    "test_ipcw_0th_event_1.00": 0.5749253630638123,
    "test_ipcw_0th_event_n": 567,
    "test_ipcw_weighted_avg": 0.5794295070385469,
    "test_runtime": 0.1921,
    "test_samples_per_second": 2952.151,
    "test_steps_per_second": 10.413
}