{
    "test_loss": 0.5176171660423279,
    "test_brier_0th_event": 0.09042610228061676,
    "test_brier_0th_event_n": 490,
    "test_brier_1th_event": 0.09290075302124023,
    "test_brier_1th_event_n": 452,
    "test_brier_weighted_avg": 0.09161351431327261,
    "test_ipcw_0th_event": 0.8093169109900342,
    "test_ipcw_0th_event_0.25": 0.8059786558151245,
    "test_ipcw_0th_event_0.50": 0.8045780062675476,
    "test_ipcw_0th_event_0.75": 0.8074629306793213,
    "test_ipcw_0th_event_1.00": 0.8139620423316956,
    "test_ipcw_0th_event_n": 1516,
    "test_ipcw_1th_event": 0.7937156185317871,
    "test_ipcw_1th_event_0.25": 0.7933530807495117,
    "test_ipcw_1th_event_0.50": 0.793212354183197,
    "test_ipcw_1th_event_0.75": 0.7927131056785583,
    "test_ipcw_1th_event_1.00": 0.7948697209358215,
    "test_ipcw_1th_event_n": 1516,
    "test_ipcw_weighted_avg": 0.8015162647609106,
    "test_runtime": 0.5653,
    "test_samples_per_second": 2681.539,
    "test_steps_per_second": 5.306
}