{
    "n": 3,
    "brier": {
        "mean": 0.0,
        "variance": 0.0,
        "sd": 0.0
    },
    "ipcw": {
        "mean": 0.5561607966274714,
        "variance": 0.0004358532817335718,
        "sd": 0.020877099456906648
    }
}