{
    "n": 3,
    "test_brier_weighted_avg": {
        "mean": 0.1906916399796804,
        "variance": 8.851168489439535e-05,
        "sd": 0.009408064885745387
    },
    "test_ipcw_weighted_avg": {
        "mean": 0.6368272430609628,
        "variance": 0.000389610067790312,
        "sd": 0.019738542696721862
    }
}