{
  "ipcw.mean": 0.6161091179026649,
  "brier.mean": 0.21186955323388554
}