{
    "n": 3,
    "brier": {
        "mean": 0.21186955323388554,
        "variance": 4.680767969409891e-05,
        "sd": 0.0068416138223447625
    },
    "ipcw": {
        "mean": 0.6161091179026649,
        "variance": 8.357057613745392e-05,
        "sd": 0.009141694380007129
    }
}