{
  "ipcw.mean": 0.8621274800528094,
  "brier.mean": 0.08526187664889448
}