{
    "n": 3,
    "brier": {
        "mean": 0.08526187664889448,
        "variance": 6.350782656264682e-07,
        "sd": 0.0007969179792340415
    },
    "ipcw": {
        "mean": 0.8621274800528094,
        "variance": 3.807038932025867e-07,
        "sd": 0.0006170120689278182
    }
}