{
  "ipcw.mean": 0.8304174264370681,
  "brier.mean": 0.08954635291965723
}