{
    "n": 3,
    "brier": {
        "mean": 0.08954635291965723,
        "variance": 1.612441817540191e-05,
        "sd": 0.004015522154764173
    },
    "ipcw": {
        "mean": 0.8304174264370681,
        "variance": 0.0002672215867820265,
        "sd": 0.0163469136775731
    }
}