{
  "ipcw.mean": 0.6549770574856757,
  "brier.mean": 0.1952408373783649
}