{
    "n": 3,
    "brier": {
        "mean": 0.1952408373783649,
        "variance": 4.8867763645666536e-05,
        "sd": 0.006990548164891401
    },
    "ipcw": {
        "mean": 0.6549770574856757,
        "variance": 0.0005984895435286912,
        "sd": 0.024464045935386307
    }
}