{
  "ipcw.mean": 0.847021867028757,
  "brier.mean": 0.08800750348737736
}