{
    "n": 3,
    "brier": {
        "mean": 0.08800750348737736,
        "variance": 5.027862108204779e-06,
        "sd": 0.0022422894791272554
    },
    "ipcw": {
        "mean": 0.847021867028757,
        "variance": 1.3186152218000495e-05,
        "sd": 0.0036312741865632365
    }
}