{
    "n": 3,
    "brier": {
        "mean": 0.21716539277049468,
        "variance": 6.485795786503957e-06,
        "sd": 0.002546722557818962
    },
    "ipcw": {
        "mean": 0.5946031137251574,
        "variance": 0.0009163127546642645,
        "sd": 0.030270658312370156
    }
}