{
  "ipcw.mean": 0.5946031137251574,
  "brier.mean": 0.21716539277049468
}