{
    "n": 3,
    "brier": {
        "mean": 0.2011032988572182,
        "variance": 1.1364922310754271e-05,
        "sd": 0.0033711900437018187
    },
    "ipcw": {
        "mean": 0.6201248043566112,
        "variance": 5.856153002246526e-06,
        "sd": 0.0024199489668682117
    }
}