{
  "ipcw.mean": 0.6201248043566112,
  "brier.mean": 0.2011032988572182
}