{
    "test_loss": 0.6847376823425293,
    "test_brier_0th_event": 0.1927017867565155,
    "test_brier_0th_event_n": 325,
    "test_brier_weighted_avg": 0.1927017867565155,
    "test_ipcw_0th_event": 0.6107778284445549,
    "test_ipcw_0th_event_0.25": 0.6094663143157959,
    "test_ipcw_0th_event_0.50": 0.6143906712532043,
    "test_ipcw_0th_event_0.75": 0.6145973205566406,
    "test_ipcw_0th_event_1.00": 0.6063445210456848,
    "test_ipcw_0th_event_n": 567,
    "test_ipcw_weighted_avg": 0.6107778284445549,
    "test_runtime": 0.2073,
    "test_samples_per_second": 2735.192,
    "test_steps_per_second": 9.648
}