{
    "n": 3,
    "brier": {
        "mean": 0.2233657571802989,
        "variance": 2.022359039309876e-06,
        "sd": 0.0014220967053298014
    },
    "ipcw": {
        "mean": 0.5358915083091873,
        "variance": 5.1986152856434094e-05,
        "sd": 0.007210142360344496
    }
}