{
  "ipcw.mean": 0.5358915083091873,
  "brier.mean": 0.2233657571802989
}