{
    "test_loss": 0.6914686560630798,
    "test_brier_0th_event": 0.1949007660150528,
    "test_brier_0th_event_n": 325,
    "test_brier_weighted_avg": 0.1949007660150528,
    "test_ipcw_0th_event": 0.5768716680338082,
    "test_ipcw_0th_event_0.25": 0.5792202353477478,
    "test_ipcw_0th_event_0.50": 0.5814188718795776,
    "test_ipcw_0th_event_0.75": 0.5912800431251526,
    "test_ipcw_0th_event_1.00": 0.5628727078437805,
    "test_ipcw_0th_event_n": 567,
    "test_ipcw_weighted_avg": 0.5768716680338082,
    "test_runtime": 0.2202,
    "test_samples_per_second": 2574.357,
    "test_steps_per_second": 9.081
}