{
    "test_loss": 0.5123353004455566,
    "test_brier_0th_event": 0.0932704359292984,
    "test_brier_0th_event_n": 490,
    "test_brier_1th_event": 0.09174016118049622,
    "test_brier_1th_event_n": 452,
    "test_brier_weighted_avg": 0.09253616396915128,
    "test_ipcw_0th_event": 0.8090377392649362,
    "test_ipcw_0th_event_0.25": 0.8118690252304077,
    "test_ipcw_0th_event_0.50": 0.8074404001235962,
    "test_ipcw_0th_event_0.75": 0.8086066246032715,
    "test_ipcw_0th_event_1.00": 0.8093897104263306,
    "test_ipcw_0th_event_n": 1516,
    "test_ipcw_1th_event": 0.7957363734330377,
    "test_ipcw_1th_event_0.25": 0.7970177531242371,
    "test_ipcw_1th_event_0.50": 0.79731285572052,
    "test_ipcw_1th_event_0.75": 0.7957584857940674,
    "test_ipcw_1th_event_1.00": 0.7944888472557068,
    "test_ipcw_1th_event_n": 1516,
    "test_ipcw_weighted_avg": 0.8023870563489869,
    "test_runtime": 0.5907,
    "test_samples_per_second": 2566.243,
    "test_steps_per_second": 5.078
}