{
  "ipcw.mean": 0.6525540363167441,
  "brier.mean": 0.1999911449607055
}