{
    "n": 3,
    "brier": {
        "mean": 0.1999911449607055,
        "variance": 1.6496309745024226e-06,
        "sd": 0.001284379606853995
    },
    "ipcw": {
        "mean": 0.6525540363167441,
        "variance": 4.0920327108855903e-07,
        "sd": 0.000639689980450342
    }
}