{
  "ipcw.mean": 0.8493292268994854,
  "brier.mean": 0.08322833865061578
}