{
    "n": 3,
    "brier": {
        "mean": 0.08322833865061578,
        "variance": 7.1755417292751775e-06,
        "sd": 0.002678720166287471
    },
    "ipcw": {
        "mean": 0.8493292268994854,
        "variance": 1.5619259849625427e-06,
        "sd": 0.001249770372893574
    }
}