Batch Size,Buffer Size,Effective Batch,Buffer Ratio,Effective Events
8,13,21,1.625,10.013104838709678
16,5,21,0.3125,10.013104838709678
32,32,64,1.0,30.516129032258064
64,64,128,1.0,61.03225806451613
128,128,256,1.0,122.06451612903226
256,256,512,1.0,244.1290322580645
512,496,1008,0.96875,480.6290322580645
