{
    "n": 3,
    "brier": {
        "mean": 0.21434327654884167,
        "variance": 6.0273149684644525e-05,
        "sd": 0.007763578407193716
    },
    "ipcw": {
        "mean": 0.5848802901292086,
        "variance": 0.0004417143571499232,
        "sd": 0.02101700162130467
    }
}