{
  "ipcw.mean": 0.5848802901292086,
  "brier.mean": 0.21434327654884167
}