{
    "n": 3,
    "brier": {
        "mean": 0.0904780403329632,
        "variance": 2.0225982904907652e-05,
        "sd": 0.004497330642159597
    },
    "ipcw": {
        "mean": 0.8328364284649721,
        "variance": 4.6439698294477614e-05,
        "sd": 0.006814667878515989
    }
}