{
  "ipcw.mean": 0.8328364284649721,
  "brier.mean": 0.0904780403329632
}