{
    "n": 3,
    "brier": {
        "mean": 0.0,
        "variance": 0.0,
        "sd": 0.0
    },
    "ipcw": {
        "mean": 0.6633078733906435,
        "variance": 1.1329918453272903e-05,
        "sd": 0.0033659944226443546
    }
}