{
    "n": 3,
    "brier": {
        "mean": 0.0,
        "variance": 0.0,
        "sd": 0.0
    },
    "ipcw": {
        "mean": 0.6685596225412402,
        "variance": 1.3371105445633814e-05,
        "sd": 0.0036566522183048545
    }
}