{
    "n": 3,
    "brier": {
        "mean": 0.08696365901164602,
        "variance": 3.4292764497908056e-07,
        "sd": 0.0005856002433222518
    },
    "ipcw": {
        "mean": 0.8507047920057157,
        "variance": 6.6535555052895785e-06,
        "sd": 0.002579448682429945
    }
}