{
  "ipcw.mean": 0.8507047920057157,
  "brier.mean": 0.08696365901164602
}