{
    "test_loss": 0.5983750820159912,
    "test_brier_0th_event": 0.12770336866378784,
    "test_brier_0th_event_n": 490,
    "test_brier_1th_event": 0.11231447756290436,
    "test_brier_1th_event_n": 452,
    "test_brier_weighted_avg": 0.12031931475975458,
    "test_ipcw_0th_event": 0.6189808581948956,
    "test_ipcw_0th_event_0.25": 0.6191150546073914,
    "test_ipcw_0th_event_0.50": 0.6189633011817932,
    "test_ipcw_0th_event_0.75": 0.6189689040184021,
    "test_ipcw_0th_event_1.00": 0.6189624667167664,
    "test_ipcw_0th_event_n": 1516,
    "test_ipcw_1th_event": 0.7228937156644026,
    "test_ipcw_1th_event_0.25": 0.722827672958374,
    "test_ipcw_1th_event_0.50": 0.7229065895080566,
    "test_ipcw_1th_event_0.75": 0.7229134440422058,
    "test_ipcw_1th_event_1.00": 0.7228894233703613,
    "test_ipcw_1th_event_n": 1516,
    "test_ipcw_weighted_avg": 0.6709372869296492,
    "test_runtime": 0.5861,
    "test_samples_per_second": 2586.492,
    "test_steps_per_second": 5.118
}