{
    "n": 3,
    "test_brier_weighted_avg": {
        "mean": 0.11323426741157486,
        "variance": 3.5397528019659383e-06,
        "sd": 0.0018814230789394337
    },
    "test_ipcw_weighted_avg": {
        "mean": 0.6485828280767051,
        "variance": 0.0004061858434671819,
        "sd": 0.020154052780202346
    }
}