{
  "ipcw.mean": 0.6461366009760726,
  "brier.mean": 0.20201115421254404
}