{
    "n": 3,
    "brier": {
        "mean": 0.20201115421254404,
        "variance": 1.7922954102579845e-06,
        "sd": 0.001338766376280038
    },
    "ipcw": {
        "mean": 0.6461366009760726,
        "variance": 5.603295416171751e-05,
        "sd": 0.007485516292261844
    }
}