{
    "n": 3,
    "test_brier_weighted_avg": {
        "mean": 0.19650601347287497,
        "variance": 0.00021285703717451504,
        "sd": 0.014589620871513935
    },
    "test_ipcw_weighted_avg": {
        "mean": 0.6100112370734673,
        "variance": 4.039083683210698e-05,
        "sd": 0.006355378575042322
    }
}