{
    "test_loss": 0.6976721882820129,
    "test_brier_0th_event": 0.19931446015834808,
    "test_brier_0th_event_n": 325,
    "test_brier_weighted_avg": 0.19931446015834808,
    "test_ipcw_0th_event": 0.5944674260986662,
    "test_ipcw_0th_event_0.25": 0.5992095470428467,
    "test_ipcw_0th_event_0.50": 0.5990599393844604,
    "test_ipcw_0th_event_0.75": 0.6029820442199707,
    "test_ipcw_0th_event_1.00": 0.5843604803085327,
    "test_ipcw_0th_event_n": 567,
    "test_ipcw_weighted_avg": 0.5944674260986662,
    "test_runtime": 0.18,
    "test_samples_per_second": 3149.636,
    "test_steps_per_second": 11.11
}