{
  "ipcw.mean": 0.6137562709915875,
  "brier.mean": 0.2138089618902151
}