{
    "n": 3,
    "brier": {
        "mean": 0.2138089618902151,
        "variance": 3.5275692966203005e-05,
        "sd": 0.00593933438747163
    },
    "ipcw": {
        "mean": 0.6137562709915875,
        "variance": 0.0002707008156177639,
        "sd": 0.016452988045268978
    }
}