{
    "test_loss": 0.5296064019203186,
    "test_brier_0th_event": 0.09097038954496384,
    "test_brier_0th_event_n": 490,
    "test_brier_1th_event": 0.09593498706817627,
    "test_brier_1th_event_n": 452,
    "test_brier_weighted_avg": 0.09335255311236514,
    "test_ipcw_0th_event": 0.8096167395552417,
    "test_ipcw_0th_event_0.25": 0.8115525841712952,
    "test_ipcw_0th_event_0.50": 0.808837890625,
    "test_ipcw_0th_event_0.75": 0.8097760081291199,
    "test_ipcw_0th_event_1.00": 0.8093567490577698,
    "test_ipcw_0th_event_n": 1516,
    "test_ipcw_1th_event": 0.778838843740238,
    "test_ipcw_1th_event_0.25": 0.7687259316444397,
    "test_ipcw_1th_event_0.50": 0.7805342078208923,
    "test_ipcw_1th_event_0.75": 0.7800753116607666,
    "test_ipcw_1th_event_1.00": 0.7797132730484009,
    "test_ipcw_1th_event_n": 1516,
    "test_ipcw_weighted_avg": 0.7942277916477398,
    "test_runtime": 0.5994,
    "test_samples_per_second": 2529.369,
    "test_steps_per_second": 5.005
}