{
  "ipcw.mean": 0.844151598273164,
  "brier.mean": 0.08709688380640349
}