{
    "n": 3,
    "brier": {
        "mean": 0.08709688380640349,
        "variance": 2.0001464230587786e-05,
        "sd": 0.00447229965795985
    },
    "ipcw": {
        "mean": 0.844151598273164,
        "variance": 4.7616504526496776e-06,
        "sd": 0.0021821206320113648
    }
}