{
  "ipcw.mean": 0.6413640116797127,
  "brier.mean": 0.19984848063989955
}