{
    "n": 3,
    "brier": {
        "mean": 0.19984848063989955,
        "variance": 6.276688135276453e-06,
        "sd": 0.002505331941136035
    },
    "ipcw": {
        "mean": 0.6413640116797127,
        "variance": 6.292156786356616e-05,
        "sd": 0.007932311634294644
    }
}