{
  "ipcw.mean": 0.8348981035331062,
  "brier.mean": 0.0853401649798028
}