{
    "n": 3,
    "brier": {
        "mean": 0.0853401649798028,
        "variance": 2.089004179630931e-06,
        "sd": 0.0014453387767685924
    },
    "ipcw": {
        "mean": 0.8348981035331062,
        "variance": 1.4581286364200205e-06,
        "sd": 0.0012075299733008786
    }
}