{
    "test_loss": 3.172390937805176,
    "test_brier_0th_event": 0.11100272834300995,
    "test_brier_0th_event_n": 490,
    "test_brier_1th_event": 0.11537634581327438,
    "test_brier_1th_event_n": 452,
    "test_brier_weighted_avg": 0.11310132186377378,
    "test_ipcw_0th_event": 0.8047992442053176,
    "test_ipcw_0th_event_0.25": 0.803386926651001,
    "test_ipcw_0th_event_0.50": 0.8040045499801636,
    "test_ipcw_0th_event_0.75": 0.8052831292152405,
    "test_ipcw_0th_event_1.00": 0.8052012324333191,
    "test_ipcw_0th_event_n": 1516,
    "test_ipcw_1th_event": 0.7911792218735791,
    "test_ipcw_1th_event_0.25": 0.7914915084838867,
    "test_ipcw_1th_event_0.50": 0.789602518081665,
    "test_ipcw_1th_event_0.75": 0.7918200492858887,
    "test_ipcw_1th_event_1.00": 0.7914777994155884,
    "test_ipcw_1th_event_n": 1516,
    "test_ipcw_weighted_avg": 0.7979892330394485,
    "test_runtime": 0.8472,
    "test_samples_per_second": 1789.405,
    "test_steps_per_second": 3.541
}