{
  "ipcw.mean": 0.841149529588037,
  "brier.mean": 0.08794204772782747
}