{
    "n": 3,
    "brier": {
        "mean": 0.08794204772782747,
        "variance": 5.0672997663750534e-06,
        "sd": 0.002251066362054894
    },
    "ipcw": {
        "mean": 0.841149529588037,
        "variance": 6.446940953505007e-05,
        "sd": 0.008029284497080052
    }
}