{
    "n": 3,
    "brier": {
        "mean": 0.0896457833082981,
        "variance": 3.331278984299813e-06,
        "sd": 0.001825179164986225
    },
    "ipcw": {
        "mean": 0.8445978795835531,
        "variance": 3.9213410986002064e-07,
        "sd": 0.0006262061240997414
    }
}