{
  "ipcw.mean": 0.8445978795835531,
  "brier.mean": 0.0896457833082981
}