{
    "n": 3,
    "brier": {
        "mean": 0.20791059501746106,
        "variance": 2.464456614595574e-06,
        "sd": 0.0015698587881066164
    },
    "ipcw": {
        "mean": 0.6822193496934023,
        "variance": 5.9659289388469655e-05,
        "sd": 0.0077239426064976465
    }
}