{
  "ipcw.mean": 0.6822193496934023,
  "brier.mean": 0.20791059501746106
}