{
  "ipcw.mean": 0.581210809071284,
  "brier.mean": 0.21308133131512352
}