{
    "n": 3,
    "brier": {
        "mean": 0.21308133131512352,
        "variance": 2.757805762252984e-06,
        "sd": 0.0016606642533194313
    },
    "ipcw": {
        "mean": 0.581210809071284,
        "variance": 0.00033399704217261923,
        "sd": 0.01827558595976116
    }
}