{
  "ipcw.mean": 0.6468100498587636,
  "brier.mean": 0.18512964590569964
}