{
    "n": 3,
    "brier": {
        "mean": 0.18512964590569964,
        "variance": 4.150231936255983e-05,
        "sd": 0.0064422293782944295
    },
    "ipcw": {
        "mean": 0.6468100498587636,
        "variance": 0.0015896192710682158,
        "sd": 0.039870029734980335
    }
}