{
    "n": 3,
    "brier": {
        "mean": 0.19263850726512968,
        "variance": 5.946919268942603e-07,
        "sd": 0.0007711627110372105
    },
    "ipcw": {
        "mean": 0.6551446352835031,
        "variance": 3.1552732096398044e-06,
        "sd": 0.001776308872251615
    }
}