{
  "ipcw.mean": 0.6551446352835031,
  "brier.mean": 0.19263850726512968
}