{
  "ipcw.mean": 0.8438120888644018,
  "brier.mean": 0.08766746010778825
}