{
    "n": 3,
    "brier": {
        "mean": 0.08766746010778825,
        "variance": 3.1782822465929636e-06,
        "sd": 0.0017827737508144335
    },
    "ipcw": {
        "mean": 0.8438120888644018,
        "variance": 1.4942108957875622e-06,
        "sd": 0.0012223791947622317
    }
}