{
  "ipcw.mean": 0.6757739454415466,
  "brier.mean": 0.19358671383731071
}