{
    "n": 3,
    "brier": {
        "mean": 0.19358671383731071,
        "variance": 1.0218788231086204e-08,
        "sd": 0.00010108802219395829
    },
    "ipcw": {
        "mean": 0.6757739454415466,
        "variance": 5.6322403021656663e-05,
        "sd": 0.007504825315865564
    }
}