{
    "n": 3,
    "brier": {
        "mean": 0.0,
        "variance": 0.0,
        "sd": 0.0
    },
    "ipcw": {
        "mean": 0.6264884543113346,
        "variance": 0.0017394087215969348,
        "sd": 0.04170621921964319
    }
}