{
  "ipcw.mean": 0.7453117410930905,
  "brier.mean": 0.10725310362623594
}