{
    "n": 3,
    "brier": {
        "mean": 0.10725310362623594,
        "variance": 4.008678092134086e-06,
        "sd": 0.002002168347600692
    },
    "ipcw": {
        "mean": 0.7453117410930905,
        "variance": 0.0020015613853614188,
        "sd": 0.04473881296325841
    }
}