{
    "n": 3,
    "brier": {
        "mean": 0.0,
        "variance": 0.0,
        "sd": 0.0
    },
    "ipcw": {
        "mean": 0.6798523758530501,
        "variance": 1.2956472255861962e-05,
        "sd": 0.0035995100021894593
    }
}