{
    "n": 3,
    "brier": {
        "mean": 0.18682521247248174,
        "variance": 4.7051970068044014e-05,
        "sd": 0.006859443859967367
    },
    "ipcw": {
        "mean": 0.685984327781236,
        "variance": 0.00010013851710939676,
        "sd": 0.01000692345875578
    }
}