{
  "ipcw.mean": 0.685984327781236,
  "brier.mean": 0.18682521247248174
}