{
    "n": 3,
    "brier": {
        "mean": 0.08424808994720777,
        "variance": 6.946103340879816e-07,
        "sd": 0.0008334328611759807
    },
    "ipcw": {
        "mean": 0.8460051984719976,
        "variance": 1.3940085952231962e-05,
        "sd": 0.0037336424510432116
    }
}