{
  "ipcw.mean": 0.8460051984719976,
  "brier.mean": 0.08424808994720777
}