{
    "test_loss": 0.7031314373016357,
    "test_brier_0th_event": 0.19410014152526855,
    "test_brier_0th_event_n": 325,
    "test_brier_weighted_avg": 0.19410014152526855,
    "test_ipcw_0th_event": 0.5933867253146125,
    "test_ipcw_0th_event_0.25": 0.5866692066192627,
    "test_ipcw_0th_event_0.50": 0.6039608716964722,
    "test_ipcw_0th_event_0.75": 0.6032735705375671,
    "test_ipcw_0th_event_1.00": 0.5821492671966553,
    "test_ipcw_0th_event_n": 567,
    "test_ipcw_weighted_avg": 0.5933867253146125,
    "test_runtime": 0.1894,
    "test_samples_per_second": 2993.017,
    "test_steps_per_second": 10.557
}