{
  "ipcw.mean": 0.6440514895816497,
  "brier.mean": 0.19422695602217557
}