{
    "n": 3,
    "brier": {
        "mean": 0.19422695602217557,
        "variance": 1.001681599737482e-05,
        "sd": 0.00316493538597154
    },
    "ipcw": {
        "mean": 0.6440514895816497,
        "variance": 9.867695967797413e-05,
        "sd": 0.00993362771992056
    }
}