{
  "ipcw.mean": 0.6775983676057,
  "brier.mean": 0.17949460345497797
}