{
    "n": 3,
    "brier": {
        "mean": 0.17949460345497797,
        "variance": 2.587474781816434e-06,
        "sd": 0.0016085629555029652
    },
    "ipcw": {
        "mean": 0.6775983676057,
        "variance": 8.60918722034828e-06,
        "sd": 0.002934141649673424
    }
}