{
    "test_loss": 2.4758191108703613,
    "test_brier_0th_event": 0.13614676892757416,
    "test_brier_0th_event_n": 490,
    "test_brier_1th_event": 0.14602451026439667,
    "test_brier_1th_event_n": 452,
    "test_brier_weighted_avg": 0.14088640702125121,
    "test_ipcw_0th_event": 0.5237228684880219,
    "test_ipcw_0th_event_0.25": 0.5683243870735168,
    "test_ipcw_0th_event_0.50": 0.549593985080719,
    "test_ipcw_0th_event_0.75": 0.5355179309844971,
    "test_ipcw_0th_event_1.00": 0.48998063802719116,
    "test_ipcw_0th_event_n": 1516,
    "test_ipcw_1th_event": 0.48186906632874715,
    "test_ipcw_1th_event_0.25": 0.4917629361152649,
    "test_ipcw_1th_event_0.50": 0.4917861223220825,
    "test_ipcw_1th_event_0.75": 0.478646457195282,
    "test_ipcw_1th_event_1.00": 0.47611409425735474,
    "test_ipcw_1th_event_n": 1516,
    "test_ipcw_weighted_avg": 0.5027959674083845,
    "test_runtime": 0.6143,
    "test_samples_per_second": 2467.861,
    "test_steps_per_second": 4.884
}