{
    "validation": {
        "n": 1,
        "loss": {
            "mean": 0.8245325088500977,
            "variance": 0.0,
            "sd": 0.0
        },
        "brier_0th_event": {
            "mean": 0.2157643735408783,
            "variance": 0.0,
            "sd": 0.0
        },
        "brier_0th_event_n": {
            "mean": 278,
            "variance": 0.0,
            "sd": 0.0
        },
        "brier_weighted_avg": {
            "mean": 0.2157643735408783,
            "variance": 0.0,
            "sd": 0.0
        },
        "ipcw_0th_event": {
            "mean": 0.6200764839505327,
            "variance": 0.0,
            "sd": 0.0
        },
        "ipcw_0th_event_0.25": {
            "mean": 0.6181952357292175,
            "variance": 0.0,
            "sd": 0.0
        },
        "ipcw_0th_event_0.50": {
            "mean": 0.6217653751373291,
            "variance": 0.0,
            "sd": 0.0
        },
        "ipcw_0th_event_0.75": {
            "mean": 0.624573290348053,
            "variance": 0.0,
            "sd": 0.0
        },
        "ipcw_0th_event_1.00": {
            "mean": 0.6164222955703735,
            "variance": 0.0,
            "sd": 0.0
        },
        "ipcw_0th_event_n": {
            "mean": 453,
            "variance": 0.0,
            "sd": 0.0
        },
        "ipcw_weighted_avg": {
            "mean": 0.6200764839505327,
            "variance": 0.0,
            "sd": 0.0
        },
        "runtime": {
            "mean": 0.1404,
            "variance": 0.0,
            "sd": 0.0
        },
        "samples_per_second": {
            "mean": 3225.435,
            "variance": 0.0,
            "sd": 0.0
        },
        "steps_per_second": {
            "mean": 7.12,
            "variance": 0.0,
            "sd": 0.0
        }
    }
}