{
    "test_loss": 0.6212041974067688,
    "test_brier_0th_event": 0.12626710534095764,
    "test_brier_0th_event_n": 490,
    "test_brier_1th_event": 0.12773792445659637,
    "test_brier_1th_event_n": 452,
    "test_brier_weighted_avg": 0.12697284869580766,
    "test_ipcw_0th_event": 0.6373113104192693,
    "test_ipcw_0th_event_0.25": 0.6324073076248169,
    "test_ipcw_0th_event_0.50": 0.6393706202507019,
    "test_ipcw_0th_event_0.75": 0.6345983147621155,
    "test_ipcw_0th_event_1.00": 0.6396902799606323,
    "test_ipcw_0th_event_n": 1516,
    "test_ipcw_1th_event": 0.615574821184121,
    "test_ipcw_1th_event_0.25": 0.6132393479347229,
    "test_ipcw_1th_event_0.50": 0.6157922744750977,
    "test_ipcw_1th_event_0.75": 0.6197212338447571,
    "test_ipcw_1th_event_1.00": 0.612892746925354,
    "test_ipcw_1th_event_n": 1516,
    "test_ipcw_weighted_avg": 0.6264430658016951,
    "test_runtime": 0.5778,
    "test_samples_per_second": 2623.54,
    "test_steps_per_second": 5.192
}