{
  "ipcw.mean": 0.6517233235036127,
  "brier.mean": 0.18864578430227005
}