{
    "n": 3,
    "brier": {
        "mean": 0.18864578430227005,
        "variance": 2.3126093399014796e-06,
        "sd": 0.001520726582887759
    },
    "ipcw": {
        "mean": 0.6517233235036127,
        "variance": 1.3184901440617982e-06,
        "sd": 0.0011482552608465585
    }
}