{
    "n": 3,
    "brier": {
        "mean": 0.08545571345238014,
        "variance": 7.107383326287944e-07,
        "sd": 0.0008430529832868124
    },
    "ipcw": {
        "mean": 0.8391701203646781,
        "variance": 2.4126163229988493e-06,
        "sd": 0.001553259901947787
    }
}