{
  "ipcw.mean": 0.8391701203646781,
  "brier.mean": 0.08545571345238014
}