{
    "test_loss": 0.6992849111557007,
    "test_brier_0th_event": 0.19609440863132477,
    "test_brier_0th_event_n": 325,
    "test_brier_weighted_avg": 0.19609440863132477,
    "test_ipcw_0th_event": 0.5776131357816816,
    "test_ipcw_0th_event_0.25": 0.5598444938659668,
    "test_ipcw_0th_event_0.50": 0.5695761442184448,
    "test_ipcw_0th_event_0.75": 0.5821701884269714,
    "test_ipcw_0th_event_1.00": 0.5827805399894714,
    "test_ipcw_0th_event_n": 567,
    "test_ipcw_weighted_avg": 0.5776131357816816,
    "test_runtime": 0.1846,
    "test_samples_per_second": 3071.925,
    "test_steps_per_second": 10.836
}