{
    "n": 3,
    "test_brier_weighted_avg": {
        "mean": 0.08935869752139476,
        "variance": 7.345408177937966e-07,
        "sd": 0.0008570535676337836
    },
    "test_ipcw_weighted_avg": {
        "mean": 0.7955192345146288,
        "variance": 2.8137795549408283e-05,
        "sd": 0.005304507097686672
    }
}