{
    "n": 3,
    "test_brier_weighted_avg": {
        "mean": 0.08542120101849929,
        "variance": 9.311920011420528e-06,
        "sd": 0.0030515438734221943
    },
    "test_ipcw_weighted_avg": {
        "mean": 0.799520402519603,
        "variance": 0.00010605391097540269,
        "sd": 0.010298247956589639
    }
}