{
    "test_loss": 0.5368654727935791,
    "test_brier_0th_event": 0.10142555087804794,
    "test_brier_0th_event_n": 490,
    "test_brier_1th_event": 0.10116362571716309,
    "test_brier_1th_event_n": 452,
    "test_brier_weighted_avg": 0.10129987128917325,
    "test_ipcw_0th_event": 0.7911279587468123,
    "test_ipcw_0th_event_0.25": 0.7904633283615112,
    "test_ipcw_0th_event_0.50": 0.7907862067222595,
    "test_ipcw_0th_event_0.75": 0.7907235622406006,
    "test_ipcw_0th_event_1.00": 0.7917837500572205,
    "test_ipcw_0th_event_n": 1516,
    "test_ipcw_1th_event": 0.7785469701762107,
    "test_ipcw_1th_event_0.25": 0.7763256430625916,
    "test_ipcw_1th_event_0.50": 0.7797956466674805,
    "test_ipcw_1th_event_0.75": 0.7782394886016846,
    "test_ipcw_1th_event_1.00": 0.7786976099014282,
    "test_ipcw_1th_event_n": 1516,
    "test_ipcw_weighted_avg": 0.7848374644615115,
    "test_runtime": 0.5786,
    "test_samples_per_second": 2619.924,
    "test_steps_per_second": 5.185
}