{
    "test_loss": 0.7807081937789917,
    "test_brier_0th_event": 0.21321383118629456,
    "test_brier_0th_event_n": 325,
    "test_brier_weighted_avg": 0.21321383118629456,
    "test_ipcw_0th_event": 0.5407101420088879,
    "test_ipcw_0th_event_0.25": 0.5401386618614197,
    "test_ipcw_0th_event_0.50": 0.5400226712226868,
    "test_ipcw_0th_event_0.75": 0.5405705571174622,
    "test_ipcw_0th_event_1.00": 0.5413142442703247,
    "test_ipcw_0th_event_n": 567,
    "test_ipcw_weighted_avg": 0.5407101420088879,
    "test_runtime": 0.2768,
    "test_samples_per_second": 2048.078,
    "test_steps_per_second": 7.224
}