{
    "validation": {
        "n": 1,
        "loss": {
            "mean": 0.7238016128540039,
            "variance": 0.0,
            "sd": 0.0
        },
        "brier_0th_event": {
            "mean": 0.2058565467596054,
            "variance": 0.0,
            "sd": 0.0
        },
        "brier_0th_event_n": {
            "mean": 278,
            "variance": 0.0,
            "sd": 0.0
        },
        "brier_weighted_avg": {
            "mean": 0.2058565467596054,
            "variance": 0.0,
            "sd": 0.0
        },
        "ipcw_0th_event": {
            "mean": 0.6104803176960726,
            "variance": 0.0,
            "sd": 0.0
        },
        "ipcw_0th_event_0.25": {
            "mean": 0.5903575420379639,
            "variance": 0.0,
            "sd": 0.0
        },
        "ipcw_0th_event_0.50": {
            "mean": 0.6165974736213684,
            "variance": 0.0,
            "sd": 0.0
        },
        "ipcw_0th_event_0.75": {
            "mean": 0.6237620115280151,
            "variance": 0.0,
            "sd": 0.0
        },
        "ipcw_0th_event_1.00": {
            "mean": 0.6031213402748108,
            "variance": 0.0,
            "sd": 0.0
        },
        "ipcw_0th_event_n": {
            "mean": 453,
            "variance": 0.0,
            "sd": 0.0
        },
        "ipcw_weighted_avg": {
            "mean": 0.6104803176960726,
            "variance": 0.0,
            "sd": 0.0
        },
        "runtime": {
            "mean": 0.1472,
            "variance": 0.0,
            "sd": 0.0
        },
        "samples_per_second": {
            "mean": 3077.927,
            "variance": 0.0,
            "sd": 0.0
        },
        "steps_per_second": {
            "mean": 6.795,
            "variance": 0.0,
            "sd": 0.0
        }
    }
}