{
  "ipcw.mean": 0.6202309712302655,
  "brier.mean": 0.19963377614109867
}