{
    "n": 3,
    "brier": {
        "mean": 0.19963377614109867,
        "variance": 7.481318777909517e-06,
        "sd": 0.002735199952089338
    },
    "ipcw": {
        "mean": 0.6202309712302655,
        "variance": 0.0008105860198685154,
        "sd": 0.02847079239972986
    }
}