{
  "ipcw.mean": 0.6354516254778628,
  "brier.mean": 0.20000203682929396
}