{
    "n": 3,
    "brier": {
        "mean": 0.20000203682929396,
        "variance": 0.00014375349260225013,
        "sd": 0.011989724458979454
    },
    "ipcw": {
        "mean": 0.6354516254778628,
        "variance": 0.0006135487232356229,
        "sd": 0.024769915688908246
    }
}