{
    "test_loss": 0.6965814232826233,
    "test_brier_0th_event": 0.1930212825536728,
    "test_brier_0th_event_n": 325,
    "test_brier_weighted_avg": 0.1930212825536728,
    "test_ipcw_0th_event": 0.6027108158880067,
    "test_ipcw_0th_event_0.25": 0.5949587225914001,
    "test_ipcw_0th_event_0.50": 0.5997706651687622,
    "test_ipcw_0th_event_0.75": 0.6085107922554016,
    "test_ipcw_0th_event_1.00": 0.60174560546875,
    "test_ipcw_0th_event_n": 567,
    "test_ipcw_weighted_avg": 0.6027108158880067,
    "test_runtime": 0.1992,
    "test_samples_per_second": 2846.826,
    "test_steps_per_second": 10.042
}