{
    "n": 3,
    "brier": {
        "mean": 0.09133610876442376,
        "variance": 6.720158907616444e-05,
        "sd": 0.008197657535916248
    },
    "ipcw": {
        "mean": 0.8145328065624958,
        "variance": 0.0013320997170417246,
        "sd": 0.036497941271278915
    }
}