{
  "ipcw.mean": 0.8145328065624958,
  "brier.mean": 0.09133610876442376
}