{
    "n": 3,
    "brier": {
        "mean": 0.2077936775251322,
        "variance": 2.049173331265432e-05,
        "sd": 0.004526779574118263
    },
    "ipcw": {
        "mean": 0.6211610826370026,
        "variance": 0.0003873212968391507,
        "sd": 0.01968048009676468
    }
}