{
  "ipcw.mean": 0.6211610826370026,
  "brier.mean": 0.2077936775251322
}