{
    "n": 3,
    "brier": {
        "mean": 0.18693409783123585,
        "variance": 1.7233879578642505e-05,
        "sd": 0.004151370807172313
    },
    "ipcw": {
        "mean": 0.6503749929451829,
        "variance": 0.00019354501208131787,
        "sd": 0.013912045575015842
    }
}