{
  "ipcw.mean": 0.6503749929451829,
  "brier.mean": 0.18693409783123585
}