{
  "ipcw.mean": 0.651598833186371,
  "brier.mean": 0.18858646956509656
}