{
    "n": 3,
    "brier": {
        "mean": 0.18858646956509656,
        "variance": 1.5581860440995386e-05,
        "sd": 0.003947386533010846
    },
    "ipcw": {
        "mean": 0.651598833186371,
        "variance": 5.8490377115388875e-05,
        "sd": 0.0076479001768713535
    }
}