{
  "ipcw.mean": 0.8310010237103275,
  "brier.mean": 0.0870207196254168
}