{
    "n": 3,
    "brier": {
        "mean": 0.0870207196254168,
        "variance": 1.3344802576576392e-07,
        "sd": 0.0003653053869925325
    },
    "ipcw": {
        "mean": 0.8310010237103275,
        "variance": 1.3880708561426976e-06,
        "sd": 0.0011781641889578455
    }
}