{
  "ipcw.mean": 0.6357582022919622,
  "brier.mean": 0.2102938498930645
}