{
    "n": 3,
    "brier": {
        "mean": 0.2102938498930645,
        "variance": 1.2064553801985602e-05,
        "sd": 0.0034734066565816333
    },
    "ipcw": {
        "mean": 0.6357582022919622,
        "variance": 0.00027287349630720505,
        "sd": 0.01651888302238396
    }
}