{
    "n": 3,
    "brier": {
        "mean": 0.2100530765667411,
        "variance": 0.00012728182572728654,
        "sd": 0.011281924735047941
    },
    "ipcw": {
        "mean": 0.5633306953425826,
        "variance": 0.002728100318934178,
        "sd": 0.052231219772605135
    }
}