{
  "ipcw.mean": 0.5633306953425826,
  "brier.mean": 0.2100530765667411
}