{
  "ipcw.mean": 0.8368903866578979,
  "brier.mean": 0.0859046679850763
}