{
    "n": 3,
    "brier": {
        "mean": 0.0859046679850763,
        "variance": 6.701623581405382e-06,
        "sd": 0.002588749424221159
    },
    "ipcw": {
        "mean": 0.8368903866578979,
        "variance": 9.143101181747599e-05,
        "sd": 0.009561956484813974
    }
}