{
  "ipcw.mean": 0.6245008675532693,
  "brier.mean": 0.20597724338381845
}