{
    "n": 3,
    "brier": {
        "mean": 0.20597724338381845,
        "variance": 0.00010968938266376276,
        "sd": 0.010473269912675925
    },
    "ipcw": {
        "mean": 0.6245008675532693,
        "variance": 7.238877823634692e-05,
        "sd": 0.008508159509338488
    }
}