{
    "n": 3,
    "brier": {
        "mean": 0.08523462403936795,
        "variance": 8.596820080488779e-07,
        "sd": 0.0009271903839281758
    },
    "ipcw": {
        "mean": 0.846606040771407,
        "variance": 2.4007317330560046e-07,
        "sd": 0.0004899726250573602
    }
}