{
  "ipcw.mean": 0.846606040771407,
  "brier.mean": 0.08523462403936795
}