{
    "n": 3,
    "brier": {
        "mean": 0.08499360108669853,
        "variance": 8.602725981454111e-07,
        "sd": 0.0009275088129745242
    },
    "ipcw": {
        "mean": 0.8475445917700374,
        "variance": 1.1550392791374648e-06,
        "sd": 0.0010747275371634734
    }
}