{
  "ipcw.mean": 0.8475445917700374,
  "brier.mean": 0.08499360108669853
}