{
    "test_loss": 0.7116842865943909,
    "test_brier_0th_event": 0.2022477090358734,
    "test_brier_0th_event_n": 325,
    "test_brier_weighted_avg": 0.2022477090358734,
    "test_ipcw_0th_event": 0.575270771329264,
    "test_ipcw_0th_event_0.25": 0.5874592661857605,
    "test_ipcw_0th_event_0.50": 0.5874441862106323,
    "test_ipcw_0th_event_0.75": 0.5874380469322205,
    "test_ipcw_0th_event_1.00": 0.5565807223320007,
    "test_ipcw_0th_event_n": 567,
    "test_ipcw_weighted_avg": 0.575270771329264,
    "test_runtime": 0.1902,
    "test_samples_per_second": 2980.556,
    "test_steps_per_second": 10.513
}