{
    "test_loss": 0.3858257234096527,
    "test_brier_0th_event": 0.10651706904172897,
    "test_brier_0th_event_n": 490,
    "test_brier_1th_event": 0.11458174884319305,
    "test_brier_1th_event_n": 452,
    "test_brier_weighted_avg": 0.11038674554943785,
    "test_ipcw_0th_event": 0.8151297906403048,
    "test_ipcw_0th_event_0.25": 0.8113582134246826,
    "test_ipcw_0th_event_0.50": 0.8144166469573975,
    "test_ipcw_0th_event_0.75": 0.8156856298446655,
    "test_ipcw_0th_event_1.00": 0.8160390257835388,
    "test_ipcw_0th_event_n": 1516,
    "test_ipcw_1th_event": 0.8035250716103084,
    "test_ipcw_1th_event_0.25": 0.799480676651001,
    "test_ipcw_1th_event_0.50": 0.8052119612693787,
    "test_ipcw_1th_event_0.75": 0.8029128909111023,
    "test_ipcw_1th_event_1.00": 0.8041774034500122,
    "test_ipcw_1th_event_n": 1516,
    "test_ipcw_weighted_avg": 0.8093274311253066,
    "test_within_subject_ipcw": 0.6731295143649157,
    "test_within_subject_ipcw_n": 1516,
    "test_within_subject_ipcw_0.25": 0.75,
    "test_within_subject_ipcw_0.50": 0.6842105263157893,
    "test_within_subject_ipcw_0.75": 0.6555555555555554,
    "test_within_subject_ipcw_1.00": 0.6604938271604938,
    "test_runtime": 0.6998,
    "test_samples_per_second": 2166.296,
    "test_steps_per_second": 4.287
}