{
  "ipcw.mean": 0.6336622518232554,
  "brier.mean": 0.28563934127259155
}