{
    "n": 3,
    "brier": {
        "mean": 0.28563934127259155,
        "variance": 0.08035204750898076,
        "sd": 0.2834643672650599
    },
    "ipcw": {
        "mean": 0.6336622518232554,
        "variance": 0.012504219666147818,
        "sd": 0.11182226820337628
    }
}