{
    "n": 3,
    "test_brier_weighted_avg": {
        "mean": 0.08633465942975505,
        "variance": 1.4427413180069534e-05,
        "sd": 0.0037983434784218152
    },
    "test_ipcw_weighted_avg": {
        "mean": 0.7977343154011375,
        "variance": 0.00017376451540114372,
        "sd": 0.013181976915513989
    }
}