{
    "test_loss": 0.6086804866790771,
    "test_brier_0th_event": 0.11772182583808899,
    "test_brier_0th_event_n": 490,
    "test_brier_1th_event": 0.13266699016094208,
    "test_brier_1th_event_n": 452,
    "test_brier_weighted_avg": 0.12489296625627327,
    "test_ipcw_0th_event": 0.7050571898442656,
    "test_ipcw_0th_event_0.25": 0.7065553665161133,
    "test_ipcw_0th_event_0.50": 0.7029315233230591,
    "test_ipcw_0th_event_0.75": 0.7054727077484131,
    "test_ipcw_0th_event_1.00": 0.7053819298744202,
    "test_ipcw_0th_event_n": 1516,
    "test_ipcw_1th_event": 0.5402654027574226,
    "test_ipcw_1th_event_0.25": 0.5382788777351379,
    "test_ipcw_1th_event_0.50": 0.5205445885658264,
    "test_ipcw_1th_event_0.75": 0.5457601547241211,
    "test_ipcw_1th_event_1.00": 0.5475625395774841,
    "test_ipcw_1th_event_n": 1516,
    "test_ipcw_weighted_avg": 0.6226612963008441,
    "test_runtime": 0.5783,
    "test_samples_per_second": 2621.563,
    "test_steps_per_second": 5.188
}