{
    "n": 3,
    "test_brier_weighted_avg": {
        "mean": 0.1504042027380426,
        "variance": 0.0038611072428680116,
        "sd": 0.06213780848137478
    },
    "test_ipcw_weighted_avg": {
        "mean": 0.6808767482399491,
        "variance": 0.0004195241837895169,
        "sd": 0.020482289515323156
    }
}