{
    "test_loss": 0.6082143187522888,
    "test_brier_0th_event": 0.1274392008781433,
    "test_brier_0th_event_n": 490,
    "test_brier_1th_event": 0.12154317647218704,
    "test_brier_1th_event_n": 452,
    "test_brier_weighted_avg": 0.12461011061116642,
    "test_ipcw_0th_event": 0.6793756967797431,
    "test_ipcw_0th_event_0.25": 0.6770691275596619,
    "test_ipcw_0th_event_0.50": 0.6603530645370483,
    "test_ipcw_0th_event_0.75": 0.6942743062973022,
    "test_ipcw_0th_event_1.00": 0.6779814958572388,
    "test_ipcw_0th_event_n": 1516,
    "test_ipcw_1th_event": 0.6926594923488549,
    "test_ipcw_1th_event_0.25": 0.6994101405143738,
    "test_ipcw_1th_event_0.50": 0.6990206837654114,
    "test_ipcw_1th_event_0.75": 0.693550169467926,
    "test_ipcw_1th_event_1.00": 0.686573326587677,
    "test_ipcw_1th_event_n": 1516,
    "test_ipcw_weighted_avg": 0.686017594564299,
    "test_runtime": 0.5526,
    "test_samples_per_second": 2743.602,
    "test_steps_per_second": 5.429
}