{
    "n": 3,
    "test_brier_weighted_avg": {
        "mean": 0.09565016963716852,
        "variance": 0.00011236824725667852,
        "sd": 0.010600389014403128
    },
    "test_ipcw_weighted_avg": {
        "mean": 0.7557725544294981,
        "variance": 0.003527937588742225,
        "sd": 0.059396444243256054
    }
}