{
    "n": 3,
    "brier": {
        "mean": 0.19456342833815435,
        "variance": 7.904343649774697e-06,
        "sd": 0.0028114664589453486
    },
    "ipcw": {
        "mean": 0.6570777620874021,
        "variance": 8.700481621062384e-05,
        "sd": 0.00932763722550485
    }
}