{
  "ipcw.mean": 0.6570777620874021,
  "brier.mean": 0.19456342833815435
}