{
    "n": 3,
    "brier": {
        "mean": 0.19184723462819725,
        "variance": 3.6847259493448e-06,
        "sd": 0.0019195639998043307
    },
    "ipcw": {
        "mean": 0.6313011653046717,
        "variance": 6.39767345750294e-05,
        "sd": 0.007998545778766875
    }
}