{
  "ipcw.mean": 0.6313011653046717,
  "brier.mean": 0.19184723462819725
}