{
  "ipcw.mean": 0.6390030897262947,
  "brier.mean": 0.19700267429990098
}