{
    "n": 3,
    "brier": {
        "mean": 0.19700267429990098,
        "variance": 9.446818849356935e-07,
        "sd": 0.0009719474702553083
    },
    "ipcw": {
        "mean": 0.6390030897262947,
        "variance": 1.4692929458555481e-05,
        "sd": 0.00383313572138471
    }
}