{
  "ipcw.mean": 0.6603619153139727,
  "brier.mean": 0.18415933466907308
}