{
    "n": 3,
    "brier": {
        "mean": 0.18415933466907308,
        "variance": 9.197145151859662e-07,
        "sd": 0.0009590174738689416
    },
    "ipcw": {
        "mean": 0.6603619153139727,
        "variance": 8.284387971653158e-06,
        "sd": 0.00287826127577973
    }
}