{
    "n": 3,
    "brier": {
        "mean": 0.21066479856677425,
        "variance": 1.1139263285582087e-05,
        "sd": 0.003337553488048107
    },
    "ipcw": {
        "mean": 0.6138780541674999,
        "variance": 0.0007005423534553023,
        "sd": 0.02646776064300307
    }
}