{
  "ipcw.mean": 0.6138780541674999,
  "brier.mean": 0.21066479856677425
}