{
    "n": 3,
    "brier": {
        "mean": 0.18897377225419504,
        "variance": 6.49492097372641e-06,
        "sd": 0.002548513483136083
    },
    "ipcw": {
        "mean": 0.6720845559334692,
        "variance": 7.927704289814523e-05,
        "sd": 0.008903765658312511
    }
}