{
  "ipcw.mean": 0.6720845559334692,
  "brier.mean": 0.18897377225419504
}