{
  "ipcw.mean": 0.6373875616319058,
  "brier.mean": 0.1955269947825379
}