{
    "n": 3,
    "brier": {
        "mean": 0.1955269947825379,
        "variance": 0.0001648937871808631,
        "sd": 0.012841097584741855
    },
    "ipcw": {
        "mean": 0.6373875616319058,
        "variance": 0.00024126274698953236,
        "sd": 0.015532634901700752
    }
}