{
    "test_loss": 0.7312914729118347,
    "test_brier_0th_event": 0.20407740771770477,
    "test_brier_0th_event_n": 325,
    "test_brier_weighted_avg": 0.20407740771770477,
    "test_ipcw_0th_event": 0.5919212055148431,
    "test_ipcw_0th_event_0.25": 0.5901995897293091,
    "test_ipcw_0th_event_0.50": 0.5906245708465576,
    "test_ipcw_0th_event_0.75": 0.5908822417259216,
    "test_ipcw_0th_event_1.00": 0.5938236713409424,
    "test_ipcw_0th_event_n": 567,
    "test_ipcw_weighted_avg": 0.5919212055148431,
    "test_runtime": 0.2103,
    "test_samples_per_second": 2695.776,
    "test_steps_per_second": 9.509
}