{
  "ipcw.mean": 0.6795930867426418,
  "brier.mean": 0.19775063024509817
}