{
    "n": 3,
    "brier": {
        "mean": 0.19775063024509817,
        "variance": 1.2629151706911873e-05,
        "sd": 0.003553751779023385
    },
    "ipcw": {
        "mean": 0.6795930867426418,
        "variance": 7.43265642606494e-05,
        "sd": 0.008621285534109712
    }
}