{
    "n": 3,
    "brier": {
        "mean": 0.21025828564783586,
        "variance": 1.6097313916354954e-06,
        "sd": 0.0012687519031061572
    },
    "ipcw": {
        "mean": 0.652297864186484,
        "variance": 2.015362605303214e-05,
        "sd": 0.0044892790126068284
    }
}