{
  "ipcw.mean": 0.652297864186484,
  "brier.mean": 0.21025828564783586
}