{
    "test_loss": 0.5094753503799438,
    "test_brier_0th_event": 0.085710808634758,
    "test_brier_0th_event_n": 490,
    "test_brier_1th_event": 0.08950885385274887,
    "test_brier_1th_event_n": 452,
    "test_brier_weighted_avg": 0.08753322523617188,
    "test_ipcw_0th_event": 0.8181646333638497,
    "test_ipcw_0th_event_0.25": 0.8181464672088623,
    "test_ipcw_0th_event_0.50": 0.8164293169975281,
    "test_ipcw_0th_event_0.75": 0.817245364189148,
    "test_ipcw_0th_event_1.00": 0.819699764251709,
    "test_ipcw_0th_event_n": 1516,
    "test_ipcw_1th_event": 0.8030258943654252,
    "test_ipcw_1th_event_0.25": 0.8029729723930359,
    "test_ipcw_1th_event_0.50": 0.802061915397644,
    "test_ipcw_1th_event_0.75": 0.8029935359954834,
    "test_ipcw_1th_event_1.00": 0.8035854697227478,
    "test_ipcw_1th_event_n": 1516,
    "test_ipcw_weighted_avg": 0.8105952638646374,
    "test_within_subject_ipcw": 0.7460271348613441,
    "test_within_subject_ipcw_n": 1516,
    "test_within_subject_ipcw_0.25": 0.875,
    "test_within_subject_ipcw_0.50": 0.7368421052631577,
    "test_within_subject_ipcw_0.75": 0.7222222222222221,
    "test_within_subject_ipcw_1.00": 0.7345679012345678,
    "test_runtime": 0.725,
    "test_samples_per_second": 2090.91,
    "test_steps_per_second": 4.138
}