{
    "n": 3,
    "brier": {
        "mean": 0.42806074634599284,
        "variance": 0.0004565746592778951,
        "sd": 0.02136760771068898
    },
    "ipcw": {
        "mean": 0.5109161405643946,
        "variance": 0.00041100440233591016,
        "sd": 0.020273243508030732
    }
}