{
  "ipcw.mean": 0.5109161405643946,
  "brier.mean": 0.42806074634599284
}