{
  "ipcw.mean": 0.8401670571957637,
  "brier.mean": 0.09026612446082323
}