{
    "n": 3,
    "brier": {
        "mean": 0.09026612446082323,
        "variance": 1.3699687829950681e-06,
        "sd": 0.0011704566557523897
    },
    "ipcw": {
        "mean": 0.8401670571957637,
        "variance": 2.49130820203147e-05,
        "sd": 0.004991300634134824
    }
}