{
  "ipcw.mean": 0.6226368789345474,
  "brier.mean": 0.21469245128095812
}