{
    "n": 3,
    "brier": {
        "mean": 0.21469245128095812,
        "variance": 2.671797669186298e-06,
        "sd": 0.001634563449116093
    },
    "ipcw": {
        "mean": 0.6226368789345474,
        "variance": 4.250216104179303e-05,
        "sd": 0.006519368147435227
    }
}