{
    "n": 3,
    "brier": {
        "mean": 0.17404625954399572,
        "variance": 0.010512244800472428,
        "sd": 0.10252923875886541
    },
    "ipcw": {
        "mean": 0.6409662469764882,
        "variance": 0.010580825724789198,
        "sd": 0.10286314074919742
    }
}