{
  "ipcw.mean": 0.6409662469764882,
  "brier.mean": 0.17404625954399572
}