{
    "n": 3,
    "brier": {
        "mean": 0.22318400473751784,
        "variance": 1.1482431412699089e-05,
        "sd": 0.003388573654607361
    },
    "ipcw": {
        "mean": 0.5480451234474848,
        "variance": 0.002395476234471018,
        "sd": 0.048943602589827995
    }
}