{
  "ipcw.mean": 0.5480451234474848,
  "brier.mean": 0.22318400473751784
}