{
    "n": 3,
    "brier": {
        "mean": 0.2019871750527241,
        "variance": 9.161261052675981e-05,
        "sd": 0.009571447671421486
    },
    "ipcw": {
        "mean": 0.6447411984102157,
        "variance": 0.00023710367657245915,
        "sd": 0.0153981712087007
    }
}