{
  "ipcw.mean": 0.6447411984102157,
  "brier.mean": 0.2019871750527241
}