{
    "test_loss": 0.5570383071899414,
    "test_brier_0th_event": 0.09686970710754395,
    "test_brier_0th_event_n": 490,
    "test_brier_1th_event": 0.1013759970664978,
    "test_brier_1th_event_n": 452,
    "test_brier_weighted_avg": 0.0990319608882734,
    "test_ipcw_0th_event": 0.8029734394486719,
    "test_ipcw_0th_event_0.25": 0.8030568361282349,
    "test_ipcw_0th_event_0.50": 0.800273060798645,
    "test_ipcw_0th_event_0.75": 0.8022472262382507,
    "test_ipcw_0th_event_1.00": 0.8048334121704102,
    "test_ipcw_0th_event_n": 1516,
    "test_ipcw_1th_event": 0.7852098113313608,
    "test_ipcw_1th_event_0.25": 0.7748664617538452,
    "test_ipcw_1th_event_0.50": 0.7856804728507996,
    "test_ipcw_1th_event_0.75": 0.7864799499511719,
    "test_ipcw_1th_event_1.00": 0.7868042588233948,
    "test_ipcw_1th_event_n": 1516,
    "test_ipcw_weighted_avg": 0.7940916253900164,
    "test_runtime": 0.7016,
    "test_samples_per_second": 2160.889,
    "test_steps_per_second": 4.276
}