{
    "n": 3,
    "brier": {
        "mean": 0.08582780317217124,
        "variance": 4.4509978202369655e-06,
        "sd": 0.00210973880379467
    },
    "ipcw": {
        "mean": 0.8399209616395397,
        "variance": 0.0001439564582176174,
        "sd": 0.011998185621902063
    }
}