{
  "ipcw.mean": 0.8399209616395397,
  "brier.mean": 0.08582780317217124
}