{
  "ipcw.mean": 0.8428606809333355,
  "brier.mean": 0.08769770095876463
}