{
    "n": 3,
    "brier": {
        "mean": 0.08769770095876463,
        "variance": 1.4012501816167122e-07,
        "sd": 0.00037433276394362175
    },
    "ipcw": {
        "mean": 0.8428606809333355,
        "variance": 1.1586771211485124e-05,
        "sd": 0.003403934666159902
    }
}