{
    "test_loss": 0.5492380857467651,
    "test_brier_0th_event": 0.10091184824705124,
    "test_brier_0th_event_n": 490,
    "test_brier_1th_event": 0.10429326444864273,
    "test_brier_1th_event_n": 452,
    "test_brier_weighted_avg": 0.10253435368560682,
    "test_ipcw_0th_event": 0.7775175010088287,
    "test_ipcw_0th_event_0.25": 0.7794809937477112,
    "test_ipcw_0th_event_0.50": 0.7784417271614075,
    "test_ipcw_0th_event_0.75": 0.7756788730621338,
    "test_ipcw_0th_event_1.00": 0.7779373526573181,
    "test_ipcw_0th_event_n": 1516,
    "test_ipcw_1th_event": 0.7496512723151364,
    "test_ipcw_1th_event_0.25": 0.7445775270462036,
    "test_ipcw_1th_event_0.50": 0.7464690804481506,
    "test_ipcw_1th_event_0.75": 0.7525323629379272,
    "test_ipcw_1th_event_1.00": 0.7505927681922913,
    "test_ipcw_1th_event_n": 1516,
    "test_ipcw_weighted_avg": 0.7635843866619826,
    "test_runtime": 0.6209,
    "test_samples_per_second": 2441.649,
    "test_steps_per_second": 4.832
}