{
  "ipcw.mean": 0.8554146549412417,
  "brier.mean": 0.08279018620619256
}