{
    "n": 3,
    "brier": {
        "mean": 0.08279018620619256,
        "variance": 1.603857213248505e-06,
        "sd": 0.0012664348436648863
    },
    "ipcw": {
        "mean": 0.8554146549412417,
        "variance": 1.7066077634579882e-05,
        "sd": 0.004131110944356238
    }
}