{
    "n": 3,
    "brier": {
        "mean": 0.19576325825121477,
        "variance": 1.5860966242118544e-05,
        "sd": 0.003982582860672022
    },
    "ipcw": {
        "mean": 0.6686881589099543,
        "variance": 5.7112031781513386e-05,
        "sd": 0.00755725027913681
    }
}