{
  "ipcw.mean": 0.6686881589099543,
  "brier.mean": 0.19576325825121477
}