{
  "ipcw.mean": 0.8509087044045842,
  "brier.mean": 0.08382389640315828
}