{
    "n": 3,
    "brier": {
        "mean": 0.08382389640315828,
        "variance": 9.149254015414098e-07,
        "sd": 0.0009565173294516989
    },
    "ipcw": {
        "mean": 0.8509087044045842,
        "variance": 8.106617973916398e-06,
        "sd": 0.0028472123162694416
    }
}