{
    "n": 3,
    "brier": {
        "mean": 0.193777833720129,
        "variance": 1.2181829577195741e-06,
        "sd": 0.0011037132588311033
    },
    "ipcw": {
        "mean": 0.6264650200004398,
        "variance": 3.132465714436815e-05,
        "sd": 0.0055968434982915285
    }
}