{
  "ipcw.mean": 0.6264650200004398,
  "brier.mean": 0.193777833720129
}