{
    "n": 3,
    "test_brier_weighted_avg": {
        "mean": 0.19026107589403787,
        "variance": 5.426103540136686e-05,
        "sd": 0.007366209025093359
    },
    "test_ipcw_weighted_avg": {
        "mean": 0.6326310197368866,
        "variance": 8.410299845320675e-05,
        "sd": 0.00917076869478272
    }
}