{
    "test_loss": 0.6100526452064514,
    "test_brier_0th_event": 0.11967881768941879,
    "test_brier_0th_event_n": 490,
    "test_brier_1th_event": 0.1320021003484726,
    "test_brier_1th_event_n": 452,
    "test_brier_weighted_avg": 0.12559190023919833,
    "test_ipcw_0th_event": 0.7068754370981585,
    "test_ipcw_0th_event_0.25": 0.7058204412460327,
    "test_ipcw_0th_event_0.50": 0.7052743434906006,
    "test_ipcw_0th_event_0.75": 0.7073320150375366,
    "test_ipcw_0th_event_1.00": 0.7075986266136169,
    "test_ipcw_0th_event_n": 1516,
    "test_ipcw_1th_event": 0.5666241043689602,
    "test_ipcw_1th_event_0.25": 0.57227623462677,
    "test_ipcw_1th_event_0.50": 0.5464919209480286,
    "test_ipcw_1th_event_0.75": 0.584791362285614,
    "test_ipcw_1th_event_1.00": 0.5622702836990356,
    "test_ipcw_1th_event_n": 1516,
    "test_ipcw_weighted_avg": 0.6367497707335593,
    "test_runtime": 0.5792,
    "test_samples_per_second": 2617.313,
    "test_steps_per_second": 5.179
}