{
    "test_loss": 0.5145871043205261,
    "test_brier_0th_event": 0.08916542679071426,
    "test_brier_0th_event_n": 490,
    "test_brier_1th_event": 0.090568408370018,
    "test_brier_1th_event_n": 452,
    "test_brier_weighted_avg": 0.08983861965042264,
    "test_ipcw_0th_event": 0.8140475744625952,
    "test_ipcw_0th_event_0.25": 0.8147210478782654,
    "test_ipcw_0th_event_0.50": 0.8135813474655151,
    "test_ipcw_0th_event_0.75": 0.813615083694458,
    "test_ipcw_0th_event_1.00": 0.8144230246543884,
    "test_ipcw_0th_event_n": 1516,
    "test_ipcw_1th_event": 0.7985207650101205,
    "test_ipcw_1th_event_0.25": 0.8027447462081909,
    "test_ipcw_1th_event_0.50": 0.8006516098976135,
    "test_ipcw_1th_event_0.75": 0.7971704602241516,
    "test_ipcw_1th_event_1.00": 0.7972699999809265,
    "test_ipcw_1th_event_n": 1516,
    "test_ipcw_weighted_avg": 0.8062841697363579,
    "test_within_subject_ipcw": 0.7310508679880972,
    "test_within_subject_ipcw_n": 1516,
    "test_within_subject_ipcw_0.25": 0.875,
    "test_within_subject_ipcw_0.50": 0.7105263157894735,
    "test_within_subject_ipcw_0.75": 0.7222222222222222,
    "test_within_subject_ipcw_1.00": 0.7098765432098765,
    "test_runtime": 0.634,
    "test_samples_per_second": 2391.07,
    "test_steps_per_second": 4.732
}