{
    "n": 3,
    "test_brier_weighted_avg": {
        "mean": 0.21123663584391275,
        "variance": 9.367747238149993e-05,
        "sd": 0.009678712330754537
    },
    "test_ipcw_weighted_avg": {
        "mean": 0.6141827357299965,
        "variance": 0.0008299394903002165,
        "sd": 0.028808670401464495
    }
}