{
  "ipcw.mean": 0.6389794234087929,
  "brier.mean": 0.1992724886072802
}