{
    "n": 3,
    "brier": {
        "mean": 0.1992724886072802,
        "variance": 4.6626847698365564e-07,
        "sd": 0.000682838543862058
    },
    "ipcw": {
        "mean": 0.6389794234087929,
        "variance": 7.430022028877339e-06,
        "sd": 0.0027258066748904516
    }
}