{
  "ipcw.mean": 0.6502167303600642,
  "brier.mean": 0.2058923389340635
}