{
    "n": 3,
    "brier": {
        "mean": 0.2058923389340635,
        "variance": 4.091590708628462e-07,
        "sd": 0.0006396554313556997
    },
    "ipcw": {
        "mean": 0.6502167303600642,
        "variance": 1.9115159604093e-05,
        "sd": 0.004372088700391724
    }
}