{
    "test_loss": 0.6122049689292908,
    "test_brier_0th_event": 0.1261233389377594,
    "test_brier_0th_event_n": 490,
    "test_brier_1th_event": 0.12552586197853088,
    "test_brier_1th_event_n": 452,
    "test_brier_weighted_avg": 0.12583665147961579,
    "test_ipcw_0th_event": 0.6457696979626013,
    "test_ipcw_0th_event_0.25": 0.6344954967498779,
    "test_ipcw_0th_event_0.50": 0.6429141759872437,
    "test_ipcw_0th_event_0.75": 0.6535559892654419,
    "test_ipcw_0th_event_1.00": 0.644268274307251,
    "test_ipcw_0th_event_n": 1516,
    "test_ipcw_1th_event": 0.6649028018762626,
    "test_ipcw_1th_event_0.25": 0.6500032544136047,
    "test_ipcw_1th_event_0.50": 0.664792537689209,
    "test_ipcw_1th_event_0.75": 0.6704234480857849,
    "test_ipcw_1th_event_1.00": 0.6647891402244568,
    "test_ipcw_1th_event_n": 1516,
    "test_ipcw_weighted_avg": 0.655336249919432,
    "test_runtime": 0.5919,
    "test_samples_per_second": 2561.079,
    "test_steps_per_second": 5.068
}