{
  "ipcw.mean": 0.6170283692753517,
  "brier.mean": 0.18871123360109418
}