{
    "n": 3,
    "brier": {
        "mean": 0.18871123360109418,
        "variance": 8.06030145949625e-06,
        "sd": 0.0028390670051085887
    },
    "ipcw": {
        "mean": 0.6170283692753517,
        "variance": 8.131904948187606e-05,
        "sd": 0.009017707551361158
    }
}