{
    "n": 3,
    "brier": {
        "mean": 0.13951189367351557,
        "variance": 0.004056599776437178,
        "sd": 0.06369144194032018
    },
    "ipcw": {
        "mean": 0.6712530030335698,
        "variance": 0.01714714388186567,
        "sd": 0.13094710337333038
    }
}