{
  "ipcw.mean": 0.6712530030335698,
  "brier.mean": 0.13951189367351557
}