{
    "validation": {
        "n": 1,
        "loss": {
            "mean": 0.6490874886512756,
            "variance": 0.0,
            "sd": 0.0
        },
        "brier_0th_event": {
            "mean": 0.1793423295021057,
            "variance": 0.0,
            "sd": 0.0
        },
        "brier_0th_event_n": {
            "mean": 247,
            "variance": 0.0,
            "sd": 0.0
        },
        "brier_weighted_avg": {
            "mean": 0.1793423295021057,
            "variance": 0.0,
            "sd": 0.0
        },
        "ipcw_0th_event": {
            "mean": 0.6161764705100575,
            "variance": 0.0,
            "sd": 0.0
        },
        "ipcw_0th_event_0.25": {
            "mean": 0.6099473834037781,
            "variance": 0.0,
            "sd": 0.0
        },
        "ipcw_0th_event_0.50": {
            "mean": 0.6176369190216064,
            "variance": 0.0,
            "sd": 0.0
        },
        "ipcw_0th_event_0.75": {
            "mean": 0.6245812177658081,
            "variance": 0.0,
            "sd": 0.0
        },
        "ipcw_0th_event_1.00": {
            "mean": 0.6107761263847351,
            "variance": 0.0,
            "sd": 0.0
        },
        "ipcw_0th_event_n": {
            "mean": 473,
            "variance": 0.0,
            "sd": 0.0
        },
        "ipcw_weighted_avg": {
            "mean": 0.6161764705100575,
            "variance": 0.0,
            "sd": 0.0
        },
        "runtime": {
            "mean": 0.1406,
            "variance": 0.0,
            "sd": 0.0
        },
        "samples_per_second": {
            "mean": 3364.149,
            "variance": 0.0,
            "sd": 0.0
        },
        "steps_per_second": {
            "mean": 7.112,
            "variance": 0.0,
            "sd": 0.0
        }
    }
}