{
  "ipcw.mean": 0.6664698832500671,
  "brier.mean": 0.1936327236323822
}