{
    "n": 3,
    "brier": {
        "mean": 0.1936327236323822,
        "variance": 2.2131473819280623e-05,
        "sd": 0.004704410039450284
    },
    "ipcw": {
        "mean": 0.6664698832500671,
        "variance": 1.9798989683432126e-05,
        "sd": 0.004449605564927315
    }
}