{
    "n": 3,
    "brier": {
        "mean": 0.09181753673463722,
        "variance": 4.6582615245525794e-06,
        "sd": 0.0021583006103304005
    },
    "ipcw": {
        "mean": 0.8370221342355262,
        "variance": 2.809585556117259e-05,
        "sd": 0.005300552382645849
    }
}