{
  "ipcw.mean": 0.8370221342355262,
  "brier.mean": 0.09181753673463722
}