{
  "ipcw.mean": 0.851584028843445,
  "brier.mean": 0.08267253587591908
}