{
    "n": 3,
    "brier": {
        "mean": 0.08267253587591908,
        "variance": 2.481833676011871e-06,
        "sd": 0.0015753836599418794
    },
    "ipcw": {
        "mean": 0.851584028843445,
        "variance": 1.4603152049361277e-05,
        "sd": 0.0038214070771590506
    }
}