{
    "test_loss": 0.7062332630157471,
    "test_brier_0th_event": 0.2004462480545044,
    "test_brier_0th_event_n": 325,
    "test_brier_weighted_avg": 0.2004462480545044,
    "test_ipcw_0th_event": 0.5569753201985822,
    "test_ipcw_0th_event_0.25": 0.5668801665306091,
    "test_ipcw_0th_event_0.50": 0.5656298995018005,
    "test_ipcw_0th_event_0.75": 0.5646305084228516,
    "test_ipcw_0th_event_1.00": 0.5441328287124634,
    "test_ipcw_0th_event_n": 567,
    "test_ipcw_weighted_avg": 0.5569753201985822,
    "test_runtime": 0.1937,
    "test_samples_per_second": 2926.831,
    "test_steps_per_second": 10.324
}