{
    "n": 3,
    "test_brier_weighted_avg": {
        "mean": 0.08957349235397746,
        "variance": 1.095476645594092e-06,
        "sd": 0.001046650202118211
    },
    "test_ipcw_weighted_avg": {
        "mean": 0.7918900500858851,
        "variance": 4.201198314700357e-05,
        "sd": 0.006481665152335746
    }
}