{
  "ipcw.mean": 0.8589139667546405,
  "brier.mean": 0.0816872591849125
}