{
    "n": 3,
    "brier": {
        "mean": 0.0816872591849125,
        "variance": 4.1885412389645745e-06,
        "sd": 0.0020465925923262244
    },
    "ipcw": {
        "mean": 0.8589139667546405,
        "variance": 1.853245746396009e-05,
        "sd": 0.004304934083578992
    }
}