{
    "test_loss": 0.5179440975189209,
    "test_brier_0th_event": 0.0933905690908432,
    "test_brier_0th_event_n": 490,
    "test_brier_1th_event": 0.09267912060022354,
    "test_brier_1th_event_n": 452,
    "test_brier_weighted_avg": 0.09304919465585372,
    "test_ipcw_0th_event": 0.8007111927628421,
    "test_ipcw_0th_event_0.25": 0.7965978384017944,
    "test_ipcw_0th_event_0.50": 0.8015967011451721,
    "test_ipcw_0th_event_0.75": 0.8009541630744934,
    "test_ipcw_0th_event_1.00": 0.8011983036994934,
    "test_ipcw_0th_event_n": 1516,
    "test_ipcw_1th_event": 0.7965868410156658,
    "test_ipcw_1th_event_0.25": 0.7952283024787903,
    "test_ipcw_1th_event_0.50": 0.794919490814209,
    "test_ipcw_1th_event_0.75": 0.7972442507743835,
    "test_ipcw_1th_event_1.00": 0.7973815202713013,
    "test_ipcw_1th_event_n": 1516,
    "test_ipcw_weighted_avg": 0.7986490168892539,
    "test_runtime": 0.6099,
    "test_samples_per_second": 2485.784,
    "test_steps_per_second": 4.919
}