{
  "ipcw.mean": 0.8328130505778616,
  "brier.mean": 0.0906049583964872
}