{
    "n": 3,
    "brier": {
        "mean": 0.0906049583964872,
        "variance": 4.83223826928454e-06,
        "sd": 0.0021982352624968374
    },
    "ipcw": {
        "mean": 0.8328130505778616,
        "variance": 5.785726085599821e-07,
        "sd": 0.000760639604911539
    }
}