{
    "n": 3,
    "validation_brier_weighted_avg": {
        "mean": 0.1902087777853012,
        "variance": 8.972528042217043e-05,
        "sd": 0.00947234292148307
    },
    "validation_ipcw_weighted_avg": {
        "mean": 0.608699647930463,
        "variance": 0.00018949646991672472,
        "sd": 0.013765771678940658
    }
}