distribution,aic,bic
weibull,12158.952626006365,12168.964204044873
lognormal,12314.862948812528,12324.874526851036
loglogistic,12300.716324973982,12310.72790301249
