distribution,shape,scale,aic,bic,mu,sigma,alpha,beta
weibull,110.39015645139924,1.4549671424365904,12158.952626006365,12168.964204044873,,,,
lognormal,,,12314.862948812528,12324.874526851036,4.306367015107945,0.8652939567796538,,
loglogistic,,,12300.716324973982,12310.72790301249,,,78.81898388707188,2.0516367305720267
