{
    "n": 3,
    "brier": {
        "mean": 0.08738659123261541,
        "variance": 6.4715432765049516e-06,
        "sd": 0.002543922812607519
    },
    "ipcw": {
        "mean": 0.8413328574297323,
        "variance": 5.124803684714486e-06,
        "sd": 0.0022638029253259848
    }
}