{
  "ipcw.mean": 0.8413328574297323,
  "brier.mean": 0.08738659123261541
}