{
    "test_loss": 0.5213358998298645,
    "test_brier_0th_event": 0.08950705081224442,
    "test_brier_0th_event_n": 490,
    "test_brier_1th_event": 0.09403538703918457,
    "test_brier_1th_event_n": 452,
    "test_brier_weighted_avg": 0.09167988305701824,
    "test_ipcw_0th_event": 0.8053262852909302,
    "test_ipcw_0th_event_0.25": 0.8021010756492615,
    "test_ipcw_0th_event_0.50": 0.8051161170005798,
    "test_ipcw_0th_event_0.75": 0.805686354637146,
    "test_ipcw_0th_event_1.00": 0.8060236573219299,
    "test_ipcw_0th_event_n": 1516,
    "test_ipcw_1th_event": 0.7887186174080751,
    "test_ipcw_1th_event_0.25": 0.7888544797897339,
    "test_ipcw_1th_event_0.50": 0.790299117565155,
    "test_ipcw_1th_event_0.75": 0.78696209192276,
    "test_ipcw_1th_event_1.00": 0.789156436920166,
    "test_ipcw_1th_event_n": 1516,
    "test_ipcw_weighted_avg": 0.7970224513495026,
    "test_runtime": 0.5871,
    "test_samples_per_second": 2582.394,
    "test_steps_per_second": 5.11
}