{
  "ipcw.mean": 0.6527430221773792,
  "brier.mean": 0.1842726084036025
}