{
    "n": 3,
    "brier": {
        "mean": 0.1842726084036025,
        "variance": 2.219696741217308e-05,
        "sd": 0.004711365769304383
    },
    "ipcw": {
        "mean": 0.6527430221773792,
        "variance": 6.024158833584099e-05,
        "sd": 0.007761545486295947
    }
}