{
    "n": 3,
    "brier": {
        "mean": 0.0,
        "variance": 0.0,
        "sd": 0.0
    },
    "ipcw": {
        "mean": 0.688935497544973,
        "variance": 0.00010480039941738732,
        "sd": 0.010237206621798122
    }
}