{
    "test_loss": 0.5372644066810608,
    "test_brier_0th_event": 0.09884461760520935,
    "test_brier_0th_event_n": 490,
    "test_brier_1th_event": 0.09740415960550308,
    "test_brier_1th_event_n": 452,
    "test_brier_weighted_avg": 0.09815344242912949,
    "test_ipcw_0th_event": 0.8028228343159514,
    "test_ipcw_0th_event_0.25": 0.8025829195976257,
    "test_ipcw_0th_event_0.50": 0.7974089980125427,
    "test_ipcw_0th_event_0.75": 0.8016111254692078,
    "test_ipcw_0th_event_1.00": 0.806475043296814,
    "test_ipcw_0th_event_n": 1516,
    "test_ipcw_1th_event": 0.7970171898426195,
    "test_ipcw_1th_event_0.25": 0.789115309715271,
    "test_ipcw_1th_event_0.50": 0.7980145812034607,
    "test_ipcw_1th_event_0.75": 0.798163890838623,
    "test_ipcw_1th_event_1.00": 0.7977434992790222,
    "test_ipcw_1th_event_n": 1516,
    "test_ipcw_weighted_avg": 0.7999200120792855,
    "test_runtime": 0.6163,
    "test_samples_per_second": 2459.714,
    "test_steps_per_second": 4.868
}