{
    "test_loss": 0.6882895827293396,
    "test_brier_0th_event": 0.1931903064250946,
    "test_brier_0th_event_n": 325,
    "test_brier_weighted_avg": 0.1931903064250946,
    "test_ipcw_0th_event": 0.5843973054903224,
    "test_ipcw_0th_event_0.25": 0.5871331691741943,
    "test_ipcw_0th_event_0.50": 0.5891023278236389,
    "test_ipcw_0th_event_0.75": 0.5942425727844238,
    "test_ipcw_0th_event_1.00": 0.5737282037734985,
    "test_ipcw_0th_event_n": 567,
    "test_ipcw_weighted_avg": 0.5843973054903224,
    "test_runtime": 0.1844,
    "test_samples_per_second": 3074.725,
    "test_steps_per_second": 10.846
}