{
  "ipcw.mean": 0.8481991041553726,
  "brier.mean": 0.08503694469675693
}