{
    "n": 3,
    "brier": {
        "mean": 0.08503694469675693,
        "variance": 1.3355188659525113e-06,
        "sd": 0.001155646514273509
    },
    "ipcw": {
        "mean": 0.8481991041553726,
        "variance": 5.804911257669214e-06,
        "sd": 0.002409338344373661
    }
}