{
    "n": 3,
    "test_brier_weighted_avg": {
        "mean": 0.3649233004688679,
        "variance": 0.025272181596662807,
        "sd": 0.15897226675323847
    },
    "test_ipcw_weighted_avg": {
        "mean": 0.5177942405879375,
        "variance": 7.837739518966574e-05,
        "sd": 0.008853100879898847
    }
}