{
  "ipcw.mean": 0.6884985996734662,
  "brier.mean": 0.18654162046192718
}