{
    "n": 3,
    "brier": {
        "mean": 0.18654162046192718,
        "variance": 9.193424845638282e-06,
        "sd": 0.003032066101792354
    },
    "ipcw": {
        "mean": 0.6884985996734662,
        "variance": 0.00027152591678944633,
        "sd": 0.01647804347577243
    }
}