{
  "ipcw.mean": 0.6763379333354178,
  "brier.mean": 0.20070542502561278
}