{
    "n": 3,
    "brier": {
        "mean": 0.20070542502561278,
        "variance": 8.303471838353747e-07,
        "sd": 0.0009112338798768265
    },
    "ipcw": {
        "mean": 0.6763379333354178,
        "variance": 7.61584633396767e-05,
        "sd": 0.008726881650376422
    }
}