{
  "ipcw.mean": 0.8418476589195365,
  "brier.mean": 0.08675433940333782
}