{
    "n": 3,
    "brier": {
        "mean": 0.08675433940333782,
        "variance": 3.6317097835057726e-06,
        "sd": 0.0019057045373052383
    },
    "ipcw": {
        "mean": 0.8418476589195365,
        "variance": 1.0718211771415923e-06,
        "sd": 0.0010352879682202398
    }
}