{
  "ipcw.mean": 0.6343954680374896,
  "brier.mean": 0.1942072370119786
}