{
    "n": 3,
    "brier": {
        "mean": 0.1942072370119786,
        "variance": 1.4472690015195888e-07,
        "sd": 0.00038042988861544365
    },
    "ipcw": {
        "mean": 0.6343954680374896,
        "variance": 3.731156914893991e-05,
        "sd": 0.006108319666564603
    }
}