{
    "n": 3,
    "brier": {
        "mean": 0.4272732443317944,
        "variance": 0.0012620837125961407,
        "sd": 0.03552581755000356
    },
    "ipcw": {
        "mean": 0.5007728368889588,
        "variance": 0.0006484780110068445,
        "sd": 0.025465231414751457
    }
}