{
  "ipcw.mean": 0.5007728368889588,
  "brier.mean": 0.4272732443317944
}