{
    "n": 3,
    "brier": {
        "mean": 0.1846213477182655,
        "variance": 7.808443579859491e-06,
        "sd": 0.0027943592431646097
    },
    "ipcw": {
        "mean": 0.6436526693009412,
        "variance": 1.4908435013804306e-05,
        "sd": 0.0038611442622368186
    }
}