{
  "ipcw.mean": 0.6436526693009412,
  "brier.mean": 0.1846213477182655
}