{
    "n": 3,
    "brier": {
        "mean": 0.19495794561497262,
        "variance": 3.2707501239005253e-06,
        "sd": 0.001808521529841579
    },
    "ipcw": {
        "mean": 0.6429296028803806,
        "variance": 0.00018440160146770908,
        "sd": 0.013579455124109695
    }
}