{
  "ipcw.mean": 0.6429296028803806,
  "brier.mean": 0.19495794561497262
}