{
    "test_loss": 0.7171015739440918,
    "test_brier_0th_event": 0.20406904816627502,
    "test_brier_0th_event_n": 325,
    "test_brier_weighted_avg": 0.20406904816627502,
    "test_ipcw_0th_event": 0.6061093954785356,
    "test_ipcw_0th_event_0.25": 0.5935629606246948,
    "test_ipcw_0th_event_0.50": 0.6045745611190796,
    "test_ipcw_0th_event_0.75": 0.6113259196281433,
    "test_ipcw_0th_event_1.00": 0.6061186790466309,
    "test_ipcw_0th_event_n": 567,
    "test_ipcw_weighted_avg": 0.6061093954785356,
    "test_runtime": 0.1751,
    "test_samples_per_second": 3237.333,
    "test_steps_per_second": 11.419
}