{
    "n": 3,
    "brier": {
        "mean": 0.0,
        "variance": 0.0,
        "sd": 0.0
    },
    "ipcw": {
        "mean": 0.645229664525643,
        "variance": 7.158556655026844e-05,
        "sd": 0.008460825405967697
    }
}