{
  "ipcw.mean": 0.8541531110970491,
  "brier.mean": 0.08616694480051479
}