{
    "n": 3,
    "brier": {
        "mean": 0.08616694480051479,
        "variance": 5.373108731738393e-07,
        "sd": 0.0007330149201577273
    },
    "ipcw": {
        "mean": 0.8541531110970491,
        "variance": 1.9867498008736867e-06,
        "sd": 0.001409521124663865
    }
}