{
    "n": 3,
    "brier": {
        "mean": 0.2025564672330336,
        "variance": 1.8690008771853096e-05,
        "sd": 0.004323194278754205
    },
    "ipcw": {
        "mean": 0.6112048737303106,
        "variance": 2.1650141346190714e-05,
        "sd": 0.004652971238487373
    }
}