{
  "ipcw.mean": 0.6112048737303106,
  "brier.mean": 0.2025564672330336
}