{
    "n": 3,
    "brier": {
        "mean": 0.09050192146287718,
        "variance": 4.106331946170909e-06,
        "sd": 0.0020264086325741185
    },
    "ipcw": {
        "mean": 0.8401202325027616,
        "variance": 3.119970561221996e-07,
        "sd": 0.0005585669665511912
    }
}