{
  "ipcw.mean": 0.8401202325027616,
  "brier.mean": 0.09050192146287718
}