{
    "test_loss": 0.769779622554779,
    "test_brier_0th_event": 0.20655913650989532,
    "test_brier_0th_event_n": 325,
    "test_brier_weighted_avg": 0.20655913650989532,
    "test_ipcw_0th_event": 0.5459021224269589,
    "test_ipcw_0th_event_0.25": 0.5440347790718079,
    "test_ipcw_0th_event_0.50": 0.5441203117370605,
    "test_ipcw_0th_event_0.75": 0.5465742349624634,
    "test_ipcw_0th_event_1.00": 0.5467723608016968,
    "test_ipcw_0th_event_n": 567,
    "test_ipcw_weighted_avg": 0.5459021224269589,
    "test_runtime": 0.2264,
    "test_samples_per_second": 2504.563,
    "test_steps_per_second": 8.834
}