{
    "n": 3,
    "test_brier_weighted_avg": {
        "mean": 0.20486533641815186,
        "variance": 0.00022531337275122354,
        "sd": 0.01501044212377582
    },
    "test_ipcw_weighted_avg": {
        "mean": 0.5752929747962717,
        "variance": 0.0029151914926406402,
        "sd": 0.053992513301759165
    }
}