{
    "n": 3,
    "brier": {
        "mean": 0.08803857760764953,
        "variance": 6.120138875406243e-06,
        "sd": 0.0024738914437392443
    },
    "ipcw": {
        "mean": 0.8463962398196264,
        "variance": 1.9844287262003096e-05,
        "sd": 0.004454692723634605
    }
}