{
  "ipcw.mean": 0.8463962398196264,
  "brier.mean": 0.08803857760764953
}