{
    "test_loss": 0.6967577934265137,
    "test_brier_0th_event": 0.19099141657352448,
    "test_brier_0th_event_n": 325,
    "test_brier_weighted_avg": 0.19099141657352448,
    "test_ipcw_0th_event": 0.617260519451308,
    "test_ipcw_0th_event_0.25": 0.610808789730072,
    "test_ipcw_0th_event_0.50": 0.6151860952377319,
    "test_ipcw_0th_event_0.75": 0.6169978976249695,
    "test_ipcw_0th_event_1.00": 0.6201832294464111,
    "test_ipcw_0th_event_n": 567,
    "test_ipcw_weighted_avg": 0.617260519451308,
    "test_runtime": 0.2001,
    "test_samples_per_second": 2833.358,
    "test_steps_per_second": 9.994
}