{
    "n": 3,
    "test_brier_weighted_avg": {
        "mean": 0.18719876309235892,
        "variance": 0.0001588307906548922,
        "sd": 0.01260280883989328
    },
    "test_ipcw_weighted_avg": {
        "mean": 0.6345644909480418,
        "variance": 0.00014119269402042086,
        "sd": 0.01188245319874734
    }
}