{
    "n": 3,
    "brier": {
        "mean": 0.08833540540689976,
        "variance": 8.732346995850475e-06,
        "sd": 0.002955054482721169
    },
    "ipcw": {
        "mean": 0.842954710502053,
        "variance": 7.973167409067069e-05,
        "sd": 0.008929259436855371
    }
}