{
  "ipcw.mean": 0.842954710502053,
  "brier.mean": 0.08833540540689976
}