{
    "test_loss": 1.2020152807235718,
    "test_brier_0th_event": 0.2917868196964264,
    "test_brier_0th_event_n": 490,
    "test_brier_1th_event": 0.19343864917755127,
    "test_brier_1th_event_n": 452,
    "test_brier_weighted_avg": 0.24459640241985361,
    "test_ipcw_0th_event": 0.525927962992783,
    "test_ipcw_0th_event_0.25": 0.5324755907058716,
    "test_ipcw_0th_event_0.50": 0.5456103682518005,
    "test_ipcw_0th_event_0.75": 0.5064067840576172,
    "test_ipcw_0th_event_1.00": 0.5293834209442139,
    "test_ipcw_0th_event_n": 1516,
    "test_ipcw_1th_event": 0.5249186487854185,
    "test_ipcw_1th_event_0.25": 0.4326855540275574,
    "test_ipcw_1th_event_0.50": 0.508377730846405,
    "test_ipcw_1th_event_0.75": 0.5417137145996094,
    "test_ipcw_1th_event_1.00": 0.5464755892753601,
    "test_ipcw_1th_event_n": 1516,
    "test_ipcw_weighted_avg": 0.5254233058891008,
    "test_runtime": 0.5773,
    "test_samples_per_second": 2625.941,
    "test_steps_per_second": 5.196
}