{
    "test_loss": 0.3821674585342407,
    "test_brier_0th_event": 0.1096428707242012,
    "test_brier_0th_event_n": 490,
    "test_brier_1th_event": 0.11176852136850357,
    "test_brier_1th_event_n": 452,
    "test_brier_weighted_avg": 0.11066282198877092,
    "test_ipcw_0th_event": 0.8139912898985467,
    "test_ipcw_0th_event_0.25": 0.8148149847984314,
    "test_ipcw_0th_event_0.50": 0.8126898407936096,
    "test_ipcw_0th_event_0.75": 0.8133307695388794,
    "test_ipcw_0th_event_1.00": 0.8149001002311707,
    "test_ipcw_0th_event_n": 1516,
    "test_ipcw_1th_event": 0.8079254180448541,
    "test_ipcw_1th_event_0.25": 0.808636486530304,
    "test_ipcw_1th_event_0.50": 0.8075058460235596,
    "test_ipcw_1th_event_0.75": 0.8080763220787048,
    "test_ipcw_1th_event_1.00": 0.807843804359436,
    "test_ipcw_1th_event_n": 1516,
    "test_ipcw_weighted_avg": 0.8109583539717005,
    "test_within_subject_ipcw": 0.7248718647386911,
    "test_within_subject_ipcw_n": 1516,
    "test_within_subject_ipcw_0.25": 0.875,
    "test_within_subject_ipcw_0.50": 0.6842105263157893,
    "test_within_subject_ipcw_0.75": 0.711111111111111,
    "test_within_subject_ipcw_1.00": 0.7160493827160493,
    "test_runtime": 0.7287,
    "test_samples_per_second": 2080.449,
    "test_steps_per_second": 4.117
}