{
  "ipcw.mean": 0.6177025097463944,
  "brier.mean": 0.241262500949535
}