{
    "n": 3,
    "brier": {
        "mean": 0.241262500949535,
        "variance": 4.0939403230140225e-05,
        "sd": 0.006398390675016666
    },
    "ipcw": {
        "mean": 0.6177025097463944,
        "variance": 0.00010796957367566608,
        "sd": 0.010390840855083195
    }
}