{
    "n": 3,
    "brier": {
        "mean": 0.206113989512918,
        "variance": 4.897577327865052e-06,
        "sd": 0.002213047068605874
    },
    "ipcw": {
        "mean": 0.6334914568571954,
        "variance": 1.8457728691391735e-05,
        "sd": 0.004296245883488483
    }
}