{
  "ipcw.mean": 0.6334914568571954,
  "brier.mean": 0.206113989512918
}