{
    "n": 3,
    "brier": {
        "mean": 0.19617686765827466,
        "variance": 2.5180001483266983e-05,
        "sd": 0.0050179678639133375
    },
    "ipcw": {
        "mean": 0.6681571651456049,
        "variance": 0.0007887486073628654,
        "sd": 0.02808466854643055
    }
}