{
  "ipcw.mean": 0.6681571651456049,
  "brier.mean": 0.19617686765827466
}