{
    "n": 3,
    "test_brier_weighted_avg": {
        "mean": 0.19272224605083466,
        "variance": 0.00012788590881629425,
        "sd": 0.011308665209311586
    },
    "test_ipcw_weighted_avg": {
        "mean": 0.6310554835471666,
        "variance": 0.00017554643751523176,
        "sd": 0.0132493938546347
    }
}