{
    "test_loss": 3.228440999984741,
    "test_brier_0th_event": 0.11275753378868103,
    "test_brier_0th_event_n": 490,
    "test_brier_1th_event": 0.11425948888063431,
    "test_brier_1th_event_n": 452,
    "test_brier_weighted_avg": 0.11347821712367347,
    "test_ipcw_0th_event": 0.8013362291366126,
    "test_ipcw_0th_event_0.25": 0.8016039133071899,
    "test_ipcw_0th_event_0.50": 0.8015219569206238,
    "test_ipcw_0th_event_0.75": 0.8008818626403809,
    "test_ipcw_0th_event_1.00": 0.8015195727348328,
    "test_ipcw_0th_event_n": 1516,
    "test_ipcw_1th_event": 0.790813877153113,
    "test_ipcw_1th_event_0.25": 0.7910471558570862,
    "test_ipcw_1th_event_0.50": 0.790885865688324,
    "test_ipcw_1th_event_0.75": 0.7907057404518127,
    "test_ipcw_1th_event_1.00": 0.790793240070343,
    "test_ipcw_1th_event_n": 1516,
    "test_ipcw_weighted_avg": 0.7960750531448628,
    "test_runtime": 0.651,
    "test_samples_per_second": 2328.693,
    "test_steps_per_second": 4.608
}