{
    "test_loss": 0.5305718779563904,
    "test_brier_0th_event": 0.09368495643138885,
    "test_brier_0th_event_n": 490,
    "test_brier_1th_event": 0.10517286509275436,
    "test_brier_1th_event_n": 452,
    "test_brier_weighted_avg": 0.09919720135170436,
    "test_ipcw_0th_event": 0.8024276090709066,
    "test_ipcw_0th_event_0.25": 0.8025162816047668,
    "test_ipcw_0th_event_0.50": 0.8012754321098328,
    "test_ipcw_0th_event_0.75": 0.8020239472389221,
    "test_ipcw_0th_event_1.00": 0.8032785058021545,
    "test_ipcw_0th_event_n": 1516,
    "test_ipcw_1th_event": 0.7712812162397671,
    "test_ipcw_1th_event_0.25": 0.772117018699646,
    "test_ipcw_1th_event_0.50": 0.7722740173339844,
    "test_ipcw_1th_event_0.75": 0.7709014415740967,
    "test_ipcw_1th_event_1.00": 0.7707916498184204,
    "test_ipcw_1th_event_n": 1516,
    "test_ipcw_weighted_avg": 0.7868544126553367,
    "test_runtime": 0.5745,
    "test_samples_per_second": 2638.674,
    "test_steps_per_second": 5.222
}