{
    "n": 3,
    "brier": {
        "mean": 0.0,
        "variance": 0.0,
        "sd": 0.0
    },
    "ipcw": {
        "mean": 0.6444285043933408,
        "variance": 2.545110825749718e-05,
        "sd": 0.005044909142640448
    }
}