{
  "ipcw.mean": 0.6532867041491056,
  "brier.mean": 0.19733334235444844
}