{
    "n": 3,
    "brier": {
        "mean": 0.19733334235444844,
        "variance": 1.3219691954570665e-05,
        "sd": 0.0036358894310155616
    },
    "ipcw": {
        "mean": 0.6532867041491056,
        "variance": 7.642809308469565e-05,
        "sd": 0.008742316231108072
    }
}