{
    "n": 3,
    "brier": {
        "mean": 0.08968804514486489,
        "variance": 2.69391063028391e-06,
        "sd": 0.001641313690396784
    },
    "ipcw": {
        "mean": 0.8484230233370893,
        "variance": 6.7658206828539955e-06,
        "sd": 0.0026011191212349342
    }
}