{
  "ipcw.mean": 0.8484230233370893,
  "brier.mean": 0.08968804514486489
}