{
    "n": 3,
    "brier": {
        "mean": 0.21379521599932141,
        "variance": 1.184776301024245e-05,
        "sd": 0.003442057961487931
    },
    "ipcw": {
        "mean": 0.6218376163011745,
        "variance": 0.0003989903454255632,
        "sd": 0.019974742687343013
    }
}