{
  "ipcw.mean": 0.6218376163011745,
  "brier.mean": 0.21379521599932141
}