{
    "test_loss": 0.7263425588607788,
    "test_brier_0th_event": 0.200545996427536,
    "test_brier_0th_event_n": 325,
    "test_brier_weighted_avg": 0.200545996427536,
    "test_ipcw_0th_event": 0.5845816412452355,
    "test_ipcw_0th_event_0.25": 0.583808958530426,
    "test_ipcw_0th_event_0.50": 0.5840055346488953,
    "test_ipcw_0th_event_0.75": 0.5854330658912659,
    "test_ipcw_0th_event_1.00": 0.5844188928604126,
    "test_ipcw_0th_event_n": 567,
    "test_ipcw_weighted_avg": 0.5845816412452355,
    "test_runtime": 0.1874,
    "test_samples_per_second": 3024.981,
    "test_steps_per_second": 10.67
}