{
    "test_loss": 0.6894487142562866,
    "test_brier_0th_event": 0.19500556588172913,
    "test_brier_0th_event_n": 325,
    "test_brier_weighted_avg": 0.19500556588172913,
    "test_ipcw_0th_event": 0.5754071531943904,
    "test_ipcw_0th_event_0.25": 0.5749034881591797,
    "test_ipcw_0th_event_0.50": 0.5839056968688965,
    "test_ipcw_0th_event_0.75": 0.5894622206687927,
    "test_ipcw_0th_event_1.00": 0.5604110956192017,
    "test_ipcw_0th_event_n": 567,
    "test_ipcw_weighted_avg": 0.5754071531943904,
    "test_runtime": 0.1844,
    "test_samples_per_second": 3074.669,
    "test_steps_per_second": 10.845
}