{
    "test_loss": 0.53816157579422,
    "test_brier_0th_event": 0.09342900663614273,
    "test_brier_0th_event_n": 490,
    "test_brier_1th_event": 0.10707110166549683,
    "test_brier_1th_event_n": 452,
    "test_brier_weighted_avg": 0.0999748951215653,
    "test_ipcw_0th_event": 0.7995021233851619,
    "test_ipcw_0th_event_0.25": 0.8003244996070862,
    "test_ipcw_0th_event_0.50": 0.7986539006233215,
    "test_ipcw_0th_event_0.75": 0.7996723055839539,
    "test_ipcw_0th_event_1.00": 0.7995678782463074,
    "test_ipcw_0th_event_n": 1516,
    "test_ipcw_1th_event": 0.7505419717669588,
    "test_ipcw_1th_event_0.25": 0.7504915595054626,
    "test_ipcw_1th_event_0.50": 0.7487707138061523,
    "test_ipcw_1th_event_0.75": 0.7510508894920349,
    "test_ipcw_1th_event_1.00": 0.751150369644165,
    "test_ipcw_1th_event_n": 1516,
    "test_ipcw_weighted_avg": 0.7750220475760604,
    "test_runtime": 0.8466,
    "test_samples_per_second": 1790.745,
    "test_steps_per_second": 3.544
}