{
    "n": 3,
    "test_brier_weighted_avg": {
        "mean": 0.08786853549258689,
        "variance": 3.474363357724457e-06,
        "sd": 0.001863964419650884
    },
    "test_ipcw_weighted_avg": {
        "mean": 0.7989299905246491,
        "variance": 7.286717755587628e-05,
        "sd": 0.008536227360835482
    }
}