{
    "n": 3,
    "test_brier_weighted_avg": {
        "mean": 0.18956521650155386,
        "variance": 0.0002346938360458703,
        "sd": 0.015319720495030916
    },
    "test_ipcw_weighted_avg": {
        "mean": 0.6314112654827726,
        "variance": 0.00041897338939629575,
        "sd": 0.02046883947360709
    }
}