{
  "ipcw.mean": 0.637466685574458,
  "brier.mean": 0.19233527521233618
}