{
    "n": 3,
    "brier": {
        "mean": 0.19233527521233618,
        "variance": 5.034179274126532e-05,
        "sd": 0.007095195046033994
    },
    "ipcw": {
        "mean": 0.637466685574458,
        "variance": 0.0005200468023088766,
        "sd": 0.022804534687401026
    }
}