{
    "n": 3,
    "test_brier_weighted_avg": {
        "mean": 0.10390368025795754,
        "variance": 1.3927685938979137e-05,
        "sd": 0.0037319815030328243
    },
    "test_ipcw_weighted_avg": {
        "mean": 0.7195025551873566,
        "variance": 0.0013390299165594818,
        "sd": 0.03659275770640253
    }
}