{
  "ipcw.mean": 0.8547688518748637,
  "brier.mean": 0.08430505057871528
}