{
    "n": 3,
    "brier": {
        "mean": 0.08430505057871528,
        "variance": 1.0016470200486703e-06,
        "sd": 0.0010008231712189074
    },
    "ipcw": {
        "mean": 0.8547688518748637,
        "variance": 3.306750375373985e-06,
        "sd": 0.001818447242944921
    }
}