{
    "test_loss": 0.7881545424461365,
    "test_brier_0th_event": 0.2183503359556198,
    "test_brier_0th_event_n": 325,
    "test_brier_weighted_avg": 0.2183503359556198,
    "test_ipcw_0th_event": 0.5988485839905091,
    "test_ipcw_0th_event_0.25": 0.5843821167945862,
    "test_ipcw_0th_event_0.50": 0.5949715971946716,
    "test_ipcw_0th_event_0.75": 0.6041513681411743,
    "test_ipcw_0th_event_1.00": 0.600476861000061,
    "test_ipcw_0th_event_n": 567,
    "test_ipcw_weighted_avg": 0.5988485839905091,
    "test_runtime": 0.1879,
    "test_samples_per_second": 3017.225,
    "test_steps_per_second": 10.643
}