{
    "n": 3,
    "brier": {
        "mean": 0.19578197399772274,
        "variance": 1.1826677425259374e-06,
        "sd": 0.0010875052839071347
    },
    "ipcw": {
        "mean": 0.6545994690656308,
        "variance": 5.3718234409865714e-05,
        "sd": 0.00732927243386857
    }
}