{
  "ipcw.mean": 0.6545994690656308,
  "brier.mean": 0.19578197399772274
}