{
  "ipcw.mean": 0.8409186975151803,
  "brier.mean": 0.08596410416682317
}