{
    "n": 3,
    "brier": {
        "mean": 0.08596410416682317,
        "variance": 2.170153999451315e-06,
        "sd": 0.0014731442561580026
    },
    "ipcw": {
        "mean": 0.8409186975151803,
        "variance": 3.304894429070397e-05,
        "sd": 0.005748821121821758
    }
}