{
  "ipcw.mean": 0.7665880426429056,
  "brier.mean": 0.10214069651791352
}