{
    "n": 3,
    "brier": {
        "mean": 0.10214069651791352,
        "variance": 2.1470411045066412e-05,
        "sd": 0.004633617490154578
    },
    "ipcw": {
        "mean": 0.7665880426429056,
        "variance": 0.002050871071645619,
        "sd": 0.04528654404616916
    }
}