{
    "n": 3,
    "brier": {
        "mean": 0.21149634690879332,
        "variance": 3.1735338982839445e-05,
        "sd": 0.005633412729672791
    },
    "ipcw": {
        "mean": 0.5954078854792741,
        "variance": 0.003584419589065707,
        "sd": 0.05987002245753468
    }
}