{
  "ipcw.mean": 0.5954078854792741,
  "brier.mean": 0.21149634690879332
}