{
    "n": 3,
    "test_brier_weighted_avg": {
        "mean": 0.1132432297960463,
        "variance": 2.1516697406752026e-06,
        "sd": 0.0014668570962009908
    },
    "test_ipcw_weighted_avg": {
        "mean": 0.6463984929801785,
        "variance": 6.2809710940876925e-06,
        "sd": 0.0025061865641024597
    }
}