{
    "n": 3,
    "test_brier_weighted_avg": {
        "mean": 0.20228775342305502,
        "variance": 0.00010866303150110694,
        "sd": 0.010424156152951036
    },
    "test_ipcw_weighted_avg": {
        "mean": 0.5669161127463586,
        "variance": 0.0004936998497946345,
        "sd": 0.022219357546847174
    }
}