{
  "ipcw.mean": 0.602036921051293,
  "brier.mean": 0.20207862171676308
}