{
    "n": 3,
    "brier": {
        "mean": 0.20207862171676308,
        "variance": 4.213802655960732e-06,
        "sd": 0.002052754894272751
    },
    "ipcw": {
        "mean": 0.602036921051293,
        "variance": 0.0034604331309649053,
        "sd": 0.05882544628785153
    }
}