{
    "n": 3,
    "brier": {
        "mean": 0.08731470102825409,
        "variance": 3.079006696178836e-07,
        "sd": 0.0005548879793416718
    },
    "ipcw": {
        "mean": 0.8450796359344401,
        "variance": 1.4639560515471174e-05,
        "sd": 0.003826167862949974
    }
}