{
  "ipcw.mean": 0.8450796359344401,
  "brier.mean": 0.08731470102825409
}