{
    "validation": {
        "n": 1,
        "loss": {
            "mean": 0.7034884691238403,
            "variance": 0.0,
            "sd": 0.0
        },
        "brier_0th_event": {
            "mean": 0.19482435286045074,
            "variance": 0.0,
            "sd": 0.0
        },
        "brier_0th_event_n": {
            "mean": 278,
            "variance": 0.0,
            "sd": 0.0
        },
        "brier_weighted_avg": {
            "mean": 0.19482435286045074,
            "variance": 0.0,
            "sd": 0.0
        },
        "ipcw_0th_event": {
            "mean": 0.6202849440876095,
            "variance": 0.0,
            "sd": 0.0
        },
        "ipcw_0th_event_0.25": {
            "mean": 0.6198306679725647,
            "variance": 0.0,
            "sd": 0.0
        },
        "ipcw_0th_event_0.50": {
            "mean": 0.629722535610199,
            "variance": 0.0,
            "sd": 0.0
        },
        "ipcw_0th_event_0.75": {
            "mean": 0.6321751475334167,
            "variance": 0.0,
            "sd": 0.0
        },
        "ipcw_0th_event_1.00": {
            "mean": 0.6069726347923279,
            "variance": 0.0,
            "sd": 0.0
        },
        "ipcw_0th_event_n": {
            "mean": 453,
            "variance": 0.0,
            "sd": 0.0
        },
        "ipcw_weighted_avg": {
            "mean": 0.6202849440876095,
            "variance": 0.0,
            "sd": 0.0
        },
        "runtime": {
            "mean": 0.1472,
            "variance": 0.0,
            "sd": 0.0
        },
        "samples_per_second": {
            "mean": 3078.266,
            "variance": 0.0,
            "sd": 0.0
        },
        "steps_per_second": {
            "mean": 6.795,
            "variance": 0.0,
            "sd": 0.0
        }
    },
    "test": {
        "n": 1,
        "loss": {
            "mean": 0.6821517944335938,
            "variance": 0.0,
            "sd": 0.0
        },
        "brier_0th_event": {
            "mean": 0.19031508266925812,
            "variance": 0.0,
            "sd": 0.0
        },
        "brier_0th_event_n": {
            "mean": 325,
            "variance": 0.0,
            "sd": 0.0
        },
        "brier_weighted_avg": {
            "mean": 0.19031508266925812,
            "variance": 0.0,
            "sd": 0.0
        },
        "ipcw_0th_event": {
            "mean": 0.6038533925142102,
            "variance": 0.0,
            "sd": 0.0
        },
        "ipcw_0th_event_0.25": {
            "mean": 0.6058037281036377,
            "variance": 0.0,
            "sd": 0.0
        },
        "ipcw_0th_event_0.50": {
            "mean": 0.6126545071601868,
            "variance": 0.0,
            "sd": 0.0
        },
        "ipcw_0th_event_0.75": {
            "mean": 0.6172818541526794,
            "variance": 0.0,
            "sd": 0.0
        },
        "ipcw_0th_event_1.00": {
            "mean": 0.5885514616966248,
            "variance": 0.0,
            "sd": 0.0
        },
        "ipcw_0th_event_n": {
            "mean": 567,
            "variance": 0.0,
            "sd": 0.0
        },
        "ipcw_weighted_avg": {
            "mean": 0.6038533925142102,
            "variance": 0.0,
            "sd": 0.0
        },
        "runtime": {
            "mean": 0.1919,
            "variance": 0.0,
            "sd": 0.0
        },
        "samples_per_second": {
            "mean": 2954.913,
            "variance": 0.0,
            "sd": 0.0
        },
        "steps_per_second": {
            "mean": 10.423,
            "variance": 0.0,
            "sd": 0.0
        }
    }
}