{
    "test_loss": 0.7085903882980347,
    "test_brier_0th_event": 0.2031993567943573,
    "test_brier_0th_event_n": 325,
    "test_brier_weighted_avg": 0.2031993567943573,
    "test_ipcw_0th_event": 0.6106937605779148,
    "test_ipcw_0th_event_0.25": 0.6082342863082886,
    "test_ipcw_0th_event_0.50": 0.6114793419837952,
    "test_ipcw_0th_event_0.75": 0.6156686544418335,
    "test_ipcw_0th_event_1.00": 0.6071037650108337,
    "test_ipcw_0th_event_n": 567,
    "test_ipcw_weighted_avg": 0.6106937605779148,
    "test_runtime": 0.1808,
    "test_samples_per_second": 3135.695,
    "test_steps_per_second": 11.061
}