{
    "n": 3,
    "brier": {
        "mean": 0.2176038426854062,
        "variance": 6.918113714262153e-05,
        "sd": 0.008317519891327074
    },
    "ipcw": {
        "mean": 0.5418819323115579,
        "variance": 0.0037542045105703812,
        "sd": 0.06127156363738713
    }
}