{
  "ipcw.mean": 0.5418819323115579,
  "brier.mean": 0.2176038426854062
}