{
    "n": 3,
    "brier": {
        "mean": 0.0,
        "variance": 0.0,
        "sd": 0.0
    },
    "ipcw": {
        "mean": 0.5756805132875249,
        "variance": 0.005052735393907516,
        "sd": 0.07108259557660733
    }
}