{
    "test_loss": 0.5156108140945435,
    "test_brier_0th_event": 0.09124580025672913,
    "test_brier_0th_event_n": 490,
    "test_brier_1th_event": 0.09680884331464767,
    "test_brier_1th_event_n": 452,
    "test_brier_weighted_avg": 0.0939151160339894,
    "test_ipcw_0th_event": 0.8152425527669002,
    "test_ipcw_0th_event_0.25": 0.815947413444519,
    "test_ipcw_0th_event_0.50": 0.8146929144859314,
    "test_ipcw_0th_event_0.75": 0.8153209686279297,
    "test_ipcw_0th_event_1.00": 0.8152631521224976,
    "test_ipcw_0th_event_n": 1516,
    "test_ipcw_1th_event": 0.7916970759402318,
    "test_ipcw_1th_event_0.25": 0.791947066783905,
    "test_ipcw_1th_event_0.50": 0.7923888564109802,
    "test_ipcw_1th_event_0.75": 0.7911372184753418,
    "test_ipcw_1th_event_1.00": 0.7916750907897949,
    "test_ipcw_1th_event_n": 1516,
    "test_ipcw_weighted_avg": 0.8034698143535659,
    "test_runtime": 0.5659,
    "test_samples_per_second": 2678.767,
    "test_steps_per_second": 5.301
}