{
  "ipcw.mean": 0.7296113718881309,
  "brier.mean": 0.10858189763603772
}