{
    "n": 3,
    "brier": {
        "mean": 0.10858189763603772,
        "variance": 7.530831126952767e-06,
        "sd": 0.0027442359823733756
    },
    "ipcw": {
        "mean": 0.7296113718881309,
        "variance": 0.00206022256413601,
        "sd": 0.045389674642323775
    }
}