{
    "test_loss": 0.5471853613853455,
    "test_brier_0th_event": 0.10606257617473602,
    "test_brier_0th_event_n": 490,
    "test_brier_1th_event": 0.09865805506706238,
    "test_brier_1th_event_n": 452,
    "test_brier_weighted_avg": 0.10250966371118136,
    "test_ipcw_0th_event": 0.760955479517037,
    "test_ipcw_0th_event_0.25": 0.7618646025657654,
    "test_ipcw_0th_event_0.50": 0.7611353397369385,
    "test_ipcw_0th_event_0.75": 0.7609859704971313,
    "test_ipcw_0th_event_1.00": 0.7605988383293152,
    "test_ipcw_0th_event_n": 1516,
    "test_ipcw_1th_event": 0.7737763597991574,
    "test_ipcw_1th_event_0.25": 0.7742213606834412,
    "test_ipcw_1th_event_0.50": 0.7746176719665527,
    "test_ipcw_1th_event_0.75": 0.7733566164970398,
    "test_ipcw_1th_event_1.00": 0.7735093235969543,
    "test_ipcw_1th_event_n": 1516,
    "test_ipcw_weighted_avg": 0.7673659196580971,
    "test_runtime": 0.5926,
    "test_samples_per_second": 2558.266,
    "test_steps_per_second": 5.063
}