{
    "n": 3,
    "test_brier_weighted_avg": {
        "mean": 0.2103248288234075,
        "variance": 8.313006664935807e-05,
        "sd": 0.009117569119527314
    },
    "test_ipcw_weighted_avg": {
        "mean": 0.6223978436071559,
        "variance": 0.0001967824717565302,
        "sd": 0.014027917584464566
    }
}