{
  "ipcw.mean": 0.6257401481560957,
  "brier.mean": 0.20014117247006474
}