{
    "n": 3,
    "brier": {
        "mean": 0.20014117247006474,
        "variance": 2.0896645009884845e-06,
        "sd": 0.001445567190063639
    },
    "ipcw": {
        "mean": 0.6257401481560957,
        "variance": 0.00020392918378849827,
        "sd": 0.014280377578639099
    }
}