{
    "test_loss": 0.7907163500785828,
    "test_brier_0th_event": 0.22549106180667877,
    "test_brier_0th_event_n": 325,
    "test_brier_weighted_avg": 0.22549106180667877,
    "test_ipcw_0th_event": 0.5863563994180809,
    "test_ipcw_0th_event_0.25": 0.5784726738929749,
    "test_ipcw_0th_event_0.50": 0.5887623429298401,
    "test_ipcw_0th_event_0.75": 0.595033586025238,
    "test_ipcw_0th_event_1.00": 0.5804978013038635,
    "test_ipcw_0th_event_n": 567,
    "test_ipcw_weighted_avg": 0.5863563994180809,
    "test_runtime": 0.1879,
    "test_samples_per_second": 3018.174,
    "test_steps_per_second": 10.646
}