{
  "ipcw.mean": 0.8481265892069197,
  "brier.mean": 0.08327792482030198
}