{
    "n": 3,
    "brier": {
        "mean": 0.08327792482030198,
        "variance": 1.6020869171544966e-06,
        "sd": 0.0012657357216869945
    },
    "ipcw": {
        "mean": 0.8481265892069197,
        "variance": 1.0474119500575824e-06,
        "sd": 0.001023431458407246
    }
}