{
    "n": 3,
    "test_brier_weighted_avg": {
        "mean": 0.3095762248746509,
        "variance": 0.028271950093512348,
        "sd": 0.16814264805073206
    },
    "test_ipcw_weighted_avg": {
        "mean": 0.5540115729178514,
        "variance": 0.0023787791303755282,
        "sd": 0.04877272937180703
    }
}