{
    "n": 3,
    "brier": {
        "mean": 0.13680898195927144,
        "variance": 0.0016122215994081846,
        "sd": 0.04015247936813099
    },
    "ipcw": {
        "mean": 0.6587003883113913,
        "variance": 0.0010835851832525464,
        "sd": 0.03291785508280493
    }
}