{
  "ipcw.mean": 0.6587003883113913,
  "brier.mean": 0.13680898195927144
}