{
    "n": 3,
    "brier": {
        "mean": 0.2173726840008923,
        "variance": 8.97107038613285e-06,
        "sd": 0.002995174516807468
    },
    "ipcw": {
        "mean": 0.5562474037090372,
        "variance": 0.0003814252316253716,
        "sd": 0.019530110896392054
    }
}