{
  "ipcw.mean": 0.5562474037090372,
  "brier.mean": 0.2173726840008923
}