{
    "test_loss": 1.2977977991104126,
    "test_brier_0th_event": 0.3072729706764221,
    "test_brier_0th_event_n": 490,
    "test_brier_1th_event": 0.3414636254310608,
    "test_brier_1th_event_n": 452,
    "test_brier_weighted_avg": 0.3236786776287541,
    "test_ipcw_0th_event": 0.5627635904830988,
    "test_ipcw_0th_event_0.25": 0.5691475868225098,
    "test_ipcw_0th_event_0.50": 0.5630099177360535,
    "test_ipcw_0th_event_0.75": 0.5303962230682373,
    "test_ipcw_0th_event_1.00": 0.585627555847168,
    "test_ipcw_0th_event_n": 1516,
    "test_ipcw_1th_event": 0.5142346564854416,
    "test_ipcw_1th_event_0.25": 0.4950982630252838,
    "test_ipcw_1th_event_0.50": 0.5152413845062256,
    "test_ipcw_1th_event_0.75": 0.5099493265151978,
    "test_ipcw_1th_event_1.00": 0.5222319960594177,
    "test_ipcw_1th_event_n": 1516,
    "test_ipcw_weighted_avg": 0.5384991234842702,
    "test_runtime": 0.7797,
    "test_samples_per_second": 1944.32,
    "test_steps_per_second": 3.848
}