{
    "n": 3,
    "brier": {
        "mean": 0.19098724627297733,
        "variance": 1.032674889895294e-05,
        "sd": 0.003213525929404171
    },
    "ipcw": {
        "mean": 0.642748076170494,
        "variance": 8.496226429465325e-05,
        "sd": 0.009217497724146899
    }
}