{
  "ipcw.mean": 0.642748076170494,
  "brier.mean": 0.19098724627297733
}