{
    "test_loss": 0.7573673129081726,
    "test_brier_0th_event": 0.20420750975608826,
    "test_brier_0th_event_n": 325,
    "test_brier_weighted_avg": 0.20420750975608826,
    "test_ipcw_0th_event": 0.6065383060898595,
    "test_ipcw_0th_event_0.25": 0.607107937335968,
    "test_ipcw_0th_event_0.50": 0.6064022183418274,
    "test_ipcw_0th_event_0.75": 0.6067463755607605,
    "test_ipcw_0th_event_1.00": 0.6063001155853271,
    "test_ipcw_0th_event_n": 567,
    "test_ipcw_weighted_avg": 0.6065383060898595,
    "test_runtime": 0.1808,
    "test_samples_per_second": 3135.628,
    "test_steps_per_second": 11.06
}