{
    "test_loss": 0.736882746219635,
    "test_brier_0th_event": 0.20168237388134003,
    "test_brier_0th_event_n": 325,
    "test_brier_weighted_avg": 0.20168237388134003,
    "test_ipcw_0th_event": 0.5973062458113559,
    "test_ipcw_0th_event_0.25": 0.5937892198562622,
    "test_ipcw_0th_event_0.50": 0.5951157808303833,
    "test_ipcw_0th_event_0.75": 0.5972201824188232,
    "test_ipcw_0th_event_1.00": 0.5993935465812683,
    "test_ipcw_0th_event_n": 567,
    "test_ipcw_weighted_avg": 0.5973062458113559,
    "test_runtime": 0.1914,
    "test_samples_per_second": 2961.784,
    "test_steps_per_second": 10.447
}