{
    "n": 3,
    "brier": {
        "mean": 0.08689804075652306,
        "variance": 1.3513544899946865e-06,
        "sd": 0.0011624777374189522
    },
    "ipcw": {
        "mean": 0.8490497541334953,
        "variance": 1.2436855689131343e-05,
        "sd": 0.0035265926457604007
    }
}