{
  "ipcw.mean": 0.8490497541334953,
  "brier.mean": 0.08689804075652306
}