{
    "test_loss": 0.6896299123764038,
    "test_brier_0th_event": 0.19471240043640137,
    "test_brier_0th_event_n": 325,
    "test_brier_weighted_avg": 0.19471240043640137,
    "test_ipcw_0th_event": 0.5941615141566516,
    "test_ipcw_0th_event_0.25": 0.5940669775009155,
    "test_ipcw_0th_event_0.50": 0.5934054255485535,
    "test_ipcw_0th_event_0.75": 0.5952359437942505,
    "test_ipcw_0th_event_1.00": 0.5937433242797852,
    "test_ipcw_0th_event_n": 567,
    "test_ipcw_weighted_avg": 0.5941615141566516,
    "test_runtime": 0.2083,
    "test_samples_per_second": 2721.645,
    "test_steps_per_second": 9.6
}