{
    "n": 3,
    "brier": {
        "mean": 0.21563857418806937,
        "variance": 1.3160837465056137e-05,
        "sd": 0.0036277868549649023
    },
    "ipcw": {
        "mean": 0.599753302973494,
        "variance": 0.0010308467983920877,
        "sd": 0.03210680299238913
    }
}