{
  "ipcw.mean": 0.599753302973494,
  "brier.mean": 0.21563857418806937
}