{
    "n": 3,
    "brier": {
        "mean": 0.0,
        "variance": 0.0,
        "sd": 0.0
    },
    "ipcw": {
        "mean": 0.6790240044409938,
        "variance": 6.263547751495173e-06,
        "sd": 0.002502708083555726
    }
}