{
    "n": 3,
    "test_brier_weighted_avg": {
        "mean": 0.21413599948088327,
        "variance": 5.855032529752015e-05,
        "sd": 0.007651818430773181
    },
    "test_ipcw_weighted_avg": {
        "mean": 0.5828685367801225,
        "variance": 0.0015791834100212015,
        "sd": 0.039738940725957975
    }
}