{
    "n": 3,
    "brier": {
        "mean": 0.0,
        "variance": 0.0,
        "sd": 0.0
    },
    "ipcw": {
        "mean": 0.6582873202639813,
        "variance": 8.212584410560685e-05,
        "sd": 0.009062331052527647
    }
}