{
    "test_loss": 0.5723596215248108,
    "test_brier_0th_event": 0.10635353624820709,
    "test_brier_0th_event_n": 490,
    "test_brier_1th_event": 0.11626214534044266,
    "test_brier_1th_event_n": 452,
    "test_brier_weighted_avg": 0.11110798562155155,
    "test_ipcw_0th_event": 0.7619339512448785,
    "test_ipcw_0th_event_0.25": 0.767322838306427,
    "test_ipcw_0th_event_0.50": 0.7600061297416687,
    "test_ipcw_0th_event_0.75": 0.7601739764213562,
    "test_ipcw_0th_event_1.00": 0.7627737522125244,
    "test_ipcw_0th_event_n": 1516,
    "test_ipcw_1th_event": 0.7020034480115167,
    "test_ipcw_1th_event_0.25": 0.692152738571167,
    "test_ipcw_1th_event_0.50": 0.7054982781410217,
    "test_ipcw_1th_event_0.75": 0.702263355255127,
    "test_ipcw_1th_event_1.00": 0.7025567293167114,
    "test_ipcw_1th_event_n": 1516,
    "test_ipcw_weighted_avg": 0.7319686996281975,
    "test_runtime": 0.6651,
    "test_samples_per_second": 2279.209,
    "test_steps_per_second": 4.51
}