{
    "validation": {
        "n": 1,
        "loss": {
            "mean": 0.7094249129295349,
            "variance": 0.0,
            "sd": 0.0
        },
        "brier_0th_event": {
            "mean": 0.20481747388839722,
            "variance": 0.0,
            "sd": 0.0
        },
        "brier_0th_event_n": {
            "mean": 253,
            "variance": 0.0,
            "sd": 0.0
        },
        "brier_weighted_avg": {
            "mean": 0.20481747388839722,
            "variance": 0.0,
            "sd": 0.0
        },
        "ipcw_0th_event": {
            "mean": 0.6246243652544523,
            "variance": 0.0,
            "sd": 0.0
        },
        "ipcw_0th_event_0.25": {
            "mean": 0.612831175327301,
            "variance": 0.0,
            "sd": 0.0
        },
        "ipcw_0th_event_0.50": {
            "mean": 0.6234596967697144,
            "variance": 0.0,
            "sd": 0.0
        },
        "ipcw_0th_event_0.75": {
            "mean": 0.6282464265823364,
            "variance": 0.0,
            "sd": 0.0
        },
        "ipcw_0th_event_1.00": {
            "mean": 0.6254937052726746,
            "variance": 0.0,
            "sd": 0.0
        },
        "ipcw_0th_event_n": {
            "mean": 411,
            "variance": 0.0,
            "sd": 0.0
        },
        "ipcw_weighted_avg": {
            "mean": 0.6246243652544523,
            "variance": 0.0,
            "sd": 0.0
        },
        "runtime": {
            "mean": 0.2011,
            "variance": 0.0,
            "sd": 0.0
        },
        "samples_per_second": {
            "mean": 2044.207,
            "variance": 0.0,
            "sd": 0.0
        },
        "steps_per_second": {
            "mean": 4.974,
            "variance": 0.0,
            "sd": 0.0
        }
    }
}