{
    "n": 3,
    "test_brier_weighted_avg": {
        "mean": 0.21073415875434875,
        "variance": 0.00023104385179917308,
        "sd": 0.015200126703392084
    },
    "test_ipcw_weighted_avg": {
        "mean": 0.6184983880432413,
        "variance": 0.00035810248251551486,
        "sd": 0.018923595919262143
    }
}