{
    "test_loss": 0.7004373669624329,
    "test_brier_0th_event": 0.1933479756116867,
    "test_brier_0th_event_n": 325,
    "test_brier_weighted_avg": 0.1933479756116867,
    "test_ipcw_0th_event": 0.6034396929503644,
    "test_ipcw_0th_event_0.25": 0.6043022274971008,
    "test_ipcw_0th_event_0.50": 0.6062186360359192,
    "test_ipcw_0th_event_0.75": 0.6054174304008484,
    "test_ipcw_0th_event_1.00": 0.6002845764160156,
    "test_ipcw_0th_event_n": 567,
    "test_ipcw_weighted_avg": 0.6034396929503644,
    "test_runtime": 0.2009,
    "test_samples_per_second": 2822.711,
    "test_steps_per_second": 9.957
}