{
    "n": 3,
    "brier": {
        "mean": 0.2202911439941057,
        "variance": 2.049701948263542e-06,
        "sd": 0.0014316780183629076
    },
    "ipcw": {
        "mean": 0.5385040661187911,
        "variance": 0.0019839801503658875,
        "sd": 0.04454189208336223
    }
}