{
  "ipcw.mean": 0.5385040661187911,
  "brier.mean": 0.2202911439941057
}