{
    "n": 3,
    "brier": {
        "mean": 0.0,
        "variance": 0.0,
        "sd": 0.0
    },
    "ipcw": {
        "mean": 0.6007828820187952,
        "variance": 0.006942179505272003,
        "sd": 0.08331974259004886
    }
}