{
    "n": 3,
    "brier": {
        "mean": 0.1920378632868494,
        "variance": 1.5516047721484518e-05,
        "sd": 0.003939041472425051
    },
    "ipcw": {
        "mean": 0.6496788452779763,
        "variance": 1.4924881605986776e-05,
        "sd": 0.003863273431429204
    }
}