{
  "ipcw.mean": 0.6496788452779763,
  "brier.mean": 0.1920378632868494
}