{
  "ipcw.mean": 0.8495166810885728,
  "brier.mean": 0.0856880810699068
}