{
    "n": 3,
    "brier": {
        "mean": 0.0856880810699068,
        "variance": 4.495861598065012e-07,
        "sd": 0.0006705118640311304
    },
    "ipcw": {
        "mean": 0.8495166810885728,
        "variance": 1.069292810845943e-05,
        "sd": 0.003270004297926752
    }
}