{
    "n": 3,
    "test_brier_weighted_avg": {
        "mean": 0.32761867728271377,
        "variance": 0.0023307439614021572,
        "sd": 0.04827777916808267
    },
    "test_ipcw_weighted_avg": {
        "mean": 0.5014138966508556,
        "variance": 4.35517501190277e-05,
        "sd": 0.006599374979422499
    }
}