{
  "ipcw.mean": 0.8447018000748733,
  "brier.mean": 0.0857982785765633
}