{
    "n": 3,
    "brier": {
        "mean": 0.0857982785765633,
        "variance": 1.5322898464459916e-06,
        "sd": 0.001237856957182853
    },
    "ipcw": {
        "mean": 0.8447018000748733,
        "variance": 5.79103709728725e-06,
        "sd": 0.0024064573749159263
    }
}