{
    "n": 3,
    "brier": {
        "mean": 0.19068122268723256,
        "variance": 3.082270275269609e-06,
        "sd": 0.0017556395630281315
    },
    "ipcw": {
        "mean": 0.6598106752731946,
        "variance": 1.692110485902545e-05,
        "sd": 0.0041135270582585755
    }
}