{
  "ipcw.mean": 0.6598106752731946,
  "brier.mean": 0.19068122268723256
}