{
    "test_loss": 1.0007580518722534,
    "test_brier_0th_event": 0.239375039935112,
    "test_brier_0th_event_n": 325,
    "test_brier_weighted_avg": 0.239375039935112,
    "test_ipcw_0th_event": 0.5942776920725998,
    "test_ipcw_0th_event_0.25": 0.58896404504776,
    "test_ipcw_0th_event_0.50": 0.5889114737510681,
    "test_ipcw_0th_event_0.75": 0.5984607934951782,
    "test_ipcw_0th_event_1.00": 0.5951576828956604,
    "test_ipcw_0th_event_n": 567,
    "test_ipcw_weighted_avg": 0.5942776920725998,
    "test_runtime": 0.2303,
    "test_samples_per_second": 2461.482,
    "test_steps_per_second": 8.682
}