{
    "n": 3,
    "brier": {
        "mean": 0.20036470810605708,
        "variance": 2.315004516801554e-06,
        "sd": 0.0015215138897826579
    },
    "ipcw": {
        "mean": 0.648724713397062,
        "variance": 0.0001212922863332616,
        "sd": 0.01101327772887171
    }
}