{
  "ipcw.mean": 0.648724713397062,
  "brier.mean": 0.20036470810605708
}