{
    "n": 3,
    "brier": {
        "mean": 0.20579115752043714,
        "variance": 1.2496017335685015e-06,
        "sd": 0.0011178558643977772
    },
    "ipcw": {
        "mean": 0.6581938854346271,
        "variance": 6.803355109841517e-05,
        "sd": 0.008248245334519044
    }
}