{
  "ipcw.mean": 0.6581938854346271,
  "brier.mean": 0.20579115752043714
}