{
  "ipcw.mean": 0.6755301182196151,
  "brier.mean": 0.17364279895207638
}