{
    "n": 3,
    "brier": {
        "mean": 0.17364279895207638,
        "variance": 7.3897948627272804e-06,
        "sd": 0.002718417713068998
    },
    "ipcw": {
        "mean": 0.6755301182196151,
        "variance": 6.921812276616538e-06,
        "sd": 0.0026309337271426163
    }
}