{
  "ipcw.mean": 0.849402049144074,
  "brier.mean": 0.08870346953480483
}