{
    "n": 3,
    "brier": {
        "mean": 0.08870346953480483,
        "variance": 1.228472537013521e-06,
        "sd": 0.0011083648032184715
    },
    "ipcw": {
        "mean": 0.849402049144074,
        "variance": 1.43957079409141e-05,
        "sd": 0.0037941676216153263
    }
}