{
    "n": 3,
    "brier": {
        "mean": 0.49463747769994554,
        "variance": 0.0220225611308369,
        "sd": 0.14840000381009733
    },
    "ipcw": {
        "mean": 0.5177786043861183,
        "variance": 0.00018188223638786451,
        "sd": 0.013486372247119108
    }
}