{
  "ipcw.mean": 0.5177786043861183,
  "brier.mean": 0.49463747769994554
}