{
    "n": 3,
    "brier": {
        "mean": 0.0,
        "variance": 0.0,
        "sd": 0.0
    },
    "ipcw": {
        "mean": 0.6375170350221788,
        "variance": 0.00026793074865974584,
        "sd": 0.016368590307651597
    }
}