{
    "test_loss": 0.5185111165046692,
    "test_brier_0th_event": 0.08767582476139069,
    "test_brier_0th_event_n": 490,
    "test_brier_1th_event": 0.09784767031669617,
    "test_brier_1th_event_n": 452,
    "test_brier_weighted_avg": 0.09255658292593216,
    "test_ipcw_0th_event": 0.8107998212114301,
    "test_ipcw_0th_event_0.25": 0.8103848099708557,
    "test_ipcw_0th_event_0.50": 0.8110466003417969,
    "test_ipcw_0th_event_0.75": 0.8110048174858093,
    "test_ipcw_0th_event_1.00": 0.8106337785720825,
    "test_ipcw_0th_event_n": 1516,
    "test_ipcw_1th_event": 0.790518452023285,
    "test_ipcw_1th_event_0.25": 0.7874544858932495,
    "test_ipcw_1th_event_0.50": 0.7879709005355835,
    "test_ipcw_1th_event_0.75": 0.7911174893379211,
    "test_ipcw_1th_event_1.00": 0.7923167943954468,
    "test_ipcw_1th_event_n": 1516,
    "test_ipcw_weighted_avg": 0.8006591366173577,
    "test_runtime": 0.593,
    "test_samples_per_second": 2556.428,
    "test_steps_per_second": 5.059
}