{
    "n": 3,
    "brier": {
        "mean": 0.20707804967265722,
        "variance": 3.349286790482653e-06,
        "sd": 0.0018301056774084532
    },
    "ipcw": {
        "mean": 0.6048136188398212,
        "variance": 0.0003684888252234255,
        "sd": 0.0191960627531644
    }
}