{
  "ipcw.mean": 0.6048136188398212,
  "brier.mean": 0.20707804967265722
}