{
  "ipcw.mean": 0.5806216357793026,
  "brier.mean": 0.1872094704764827
}