{
    "n": 3,
    "brier": {
        "mean": 0.1872094704764827,
        "variance": 0.011680399106373036,
        "sd": 0.1080758951217756
    },
    "ipcw": {
        "mean": 0.5806216357793026,
        "variance": 0.00800631241668807,
        "sd": 0.08947799962386324
    }
}