{
    "test_loss": 1.9994593858718872,
    "test_brier_0th_event": 0.6222870349884033,
    "test_brier_0th_event_n": 490,
    "test_brier_1th_event": 0.4355022609233856,
    "test_brier_1th_event_n": 452,
    "test_brier_weighted_avg": 0.5326620690888407,
    "test_ipcw_0th_event": 0.5491994998584182,
    "test_ipcw_0th_event_0.25": 0.5237075090408325,
    "test_ipcw_0th_event_0.50": 0.5753206610679626,
    "test_ipcw_0th_event_0.75": 0.558455228805542,
    "test_ipcw_0th_event_1.00": 0.5361548066139221,
    "test_ipcw_0th_event_n": 1516,
    "test_ipcw_1th_event": 0.4887274399133891,
    "test_ipcw_1th_event_0.25": 0.43869733810424805,
    "test_ipcw_1th_event_0.50": 0.5079230666160583,
    "test_ipcw_1th_event_0.75": 0.4931243360042572,
    "test_ipcw_1th_event_1.00": 0.4883555769920349,
    "test_ipcw_1th_event_n": 1516,
    "test_ipcw_weighted_avg": 0.5189634698859037,
    "test_runtime": 0.5804,
    "test_samples_per_second": 2612.109,
    "test_steps_per_second": 5.169
}