{
    "test_loss": 0.6912256479263306,
    "test_brier_0th_event": 0.19392400979995728,
    "test_brier_0th_event_n": 325,
    "test_brier_weighted_avg": 0.19392400979995728,
    "test_ipcw_0th_event": 0.5847372988474022,
    "test_ipcw_0th_event_0.25": 0.577466607093811,
    "test_ipcw_0th_event_0.50": 0.5898787379264832,
    "test_ipcw_0th_event_0.75": 0.5938172340393066,
    "test_ipcw_0th_event_1.00": 0.5770216584205627,
    "test_ipcw_0th_event_n": 567,
    "test_ipcw_weighted_avg": 0.5847372988474022,
    "test_runtime": 0.181,
    "test_samples_per_second": 3131.974,
    "test_steps_per_second": 11.048
}