{
    "test_loss": 3.042740821838379,
    "test_brier_0th_event": 0.10498249530792236,
    "test_brier_0th_event_n": 490,
    "test_brier_1th_event": 0.11863134056329727,
    "test_brier_1th_event_n": 452,
    "test_brier_weighted_avg": 0.11153162275529971,
    "test_ipcw_0th_event": 0.8096231905895563,
    "test_ipcw_0th_event_0.25": 0.8080620765686035,
    "test_ipcw_0th_event_0.50": 0.8098306059837341,
    "test_ipcw_0th_event_0.75": 0.8097245693206787,
    "test_ipcw_0th_event_1.00": 0.809864342212677,
    "test_ipcw_0th_event_n": 1516,
    "test_ipcw_1th_event": 0.802439808187185,
    "test_ipcw_1th_event_0.25": 0.8063932061195374,
    "test_ipcw_1th_event_0.50": 0.8040881752967834,
    "test_ipcw_1th_event_0.75": 0.8010187745094299,
    "test_ipcw_1th_event_1.00": 0.8015334606170654,
    "test_ipcw_1th_event_n": 1516,
    "test_ipcw_weighted_avg": 0.8060314993883707,
    "test_runtime": 0.6824,
    "test_samples_per_second": 2221.434,
    "test_steps_per_second": 4.396
}