{
    "n": 3,
    "brier": {
        "mean": 0.12638442938200395,
        "variance": 5.6063234836080386e-05,
        "sd": 0.00748753863670034
    },
    "ipcw": {
        "mean": 0.6516222773178276,
        "variance": 0.0011930724709619809,
        "sd": 0.034540881154973176
    }
}