{
  "ipcw.mean": 0.6516222773178276,
  "brier.mean": 0.12638442938200395
}