{
    "n": 3,
    "brier": {
        "mean": 0.0830722729484402,
        "variance": 1.202829449516161e-06,
        "sd": 0.0010967358157351118
    },
    "ipcw": {
        "mean": 0.8502103338724952,
        "variance": 7.3399081000803554e-06,
        "sd": 0.0027092264763360695
    }
}