{
  "ipcw.mean": 0.8502103338724952,
  "brier.mean": 0.0830722729484402
}