{
    "n": 3,
    "brier": {
        "mean": 0.08841468810685092,
        "variance": 7.524367945578636e-08,
        "sd": 0.00027430581374769723
    },
    "ipcw": {
        "mean": 0.8440070738225709,
        "variance": 2.2663293847272147e-05,
        "sd": 0.004760598055630421
    }
}