{
  "ipcw.mean": 0.8440070738225709,
  "brier.mean": 0.08841468810685092
}