{
    "n": 3,
    "brier": {
        "mean": 0.20963438342001536,
        "variance": 4.148808249256665e-06,
        "sd": 0.0020368623540280443
    },
    "ipcw": {
        "mean": 0.6442513664287258,
        "variance": 0.00015904468891602037,
        "sd": 0.012611292119208894
    }
}