{
  "ipcw.mean": 0.6442513664287258,
  "brier.mean": 0.20963438342001536
}