{
  "ipcw.mean": 0.6443838260625334,
  "brier.mean": 0.1971222360229617
}