{
    "n": 3,
    "brier": {
        "mean": 0.1971222360229617,
        "variance": 1.3583902199961867e-06,
        "sd": 0.0011654999871283512
    },
    "ipcw": {
        "mean": 0.6443838260625334,
        "variance": 0.00013107581990532747,
        "sd": 0.01144883487108306
    }
}