{
  "ipcw.mean": 0.6605065458483507,
  "brier.mean": 0.14181413438750218
}