{
    "n": 3,
    "brier": {
        "mean": 0.14181413438750218,
        "variance": 1.0407047406561992e-05,
        "sd": 0.0032259955682799675
    },
    "ipcw": {
        "mean": 0.6605065458483507,
        "variance": 0.0002397882788060095,
        "sd": 0.015485098604981807
    }
}