{
    "test_loss": 0.6992490887641907,
    "test_brier_0th_event": 0.19327859580516815,
    "test_brier_0th_event_n": 325,
    "test_brier_weighted_avg": 0.19327859580516815,
    "test_ipcw_0th_event": 0.614829288090317,
    "test_ipcw_0th_event_0.25": 0.6084533929824829,
    "test_ipcw_0th_event_0.50": 0.6119880080223083,
    "test_ipcw_0th_event_0.75": 0.6170902848243713,
    "test_ipcw_0th_event_1.00": 0.6161804795265198,
    "test_ipcw_0th_event_n": 567,
    "test_ipcw_weighted_avg": 0.614829288090317,
    "test_runtime": 0.1933,
    "test_samples_per_second": 2933.717,
    "test_steps_per_second": 10.348
}