{
    "n": 3,
    "test_brier_weighted_avg": {
        "mean": 0.10169337148128485,
        "variance": 1.5370173472969774e-05,
        "sd": 0.003920481280782983
    },
    "test_ipcw_weighted_avg": {
        "mean": 0.7300993873819617,
        "variance": 0.0007177396998296067,
        "sd": 0.0267906644156058
    }
}