{
    "test_loss": 3.0894296169281006,
    "test_brier_0th_event": 0.3759503960609436,
    "test_brier_0th_event_n": 490,
    "test_brier_1th_event": 0.3653966784477234,
    "test_brier_1th_event_n": 452,
    "test_brier_weighted_avg": 0.3708864041700991,
    "test_ipcw_0th_event": 0.5251716461601812,
    "test_ipcw_0th_event_0.25": 0.5024721026420593,
    "test_ipcw_0th_event_0.50": 0.5381458401679993,
    "test_ipcw_0th_event_0.75": 0.5368712544441223,
    "test_ipcw_0th_event_1.00": 0.5159755349159241,
    "test_ipcw_0th_event_n": 1516,
    "test_ipcw_1th_event": 0.5276185861055185,
    "test_ipcw_1th_event_0.25": 0.5078210234642029,
    "test_ipcw_1th_event_0.50": 0.5108801126480103,
    "test_ipcw_1th_event_0.75": 0.5582693219184875,
    "test_ipcw_1th_event_1.00": 0.5187156796455383,
    "test_ipcw_1th_event_n": 1516,
    "test_ipcw_weighted_avg": 0.5263951161328498,
    "test_runtime": 0.6575,
    "test_samples_per_second": 2305.644,
    "test_steps_per_second": 4.563
}