{
    "n": 3,
    "brier": {
        "mean": 0.0898613143415682,
        "variance": 8.481194020759371e-07,
        "sd": 0.0009209339835601339
    },
    "ipcw": {
        "mean": 0.8446362308995774,
        "variance": 3.4182914781074357e-06,
        "sd": 0.0018488622117690209
    }
}