{
  "ipcw.mean": 0.8446362308995774,
  "brier.mean": 0.0898613143415682
}