{
  "ipcw.mean": 0.5672107988394552,
  "brier.mean": 0.21125602990060108
}