{
    "n": 3,
    "brier": {
        "mean": 0.21125602990060108,
        "variance": 0.0003860970943528335,
        "sd": 0.019649353535239614
    },
    "ipcw": {
        "mean": 0.5672107988394552,
        "variance": 0.0037616913207387773,
        "sd": 0.06133262851646566
    }
}