{
    "n": 3,
    "brier": {
        "mean": 0.08452343978448786,
        "variance": 4.227798237685868e-07,
        "sd": 0.0006502152134244375
    },
    "ipcw": {
        "mean": 0.8431188339984742,
        "variance": 5.229861874592142e-06,
        "sd": 0.0022868891259945553
    }
}