{
  "ipcw.mean": 0.8431188339984742,
  "brier.mean": 0.08452343978448786
}