{
  "ipcw.mean": 0.8498794397359308,
  "brier.mean": 0.0841454874670429
}