{
    "n": 3,
    "brier": {
        "mean": 0.0841454874670429,
        "variance": 2.311550911132472e-06,
        "sd": 0.0015203785420521009
    },
    "ipcw": {
        "mean": 0.8498794397359308,
        "variance": 3.787493075428363e-05,
        "sd": 0.006154261186713124
    }
}