{
    "n": 3,
    "brier": {
        "mean": 0.17915919082120438,
        "variance": 1.1732477899922649e-07,
        "sd": 0.00034252704856584175
    },
    "ipcw": {
        "mean": 0.6797600917151371,
        "variance": 2.8958399664221785e-05,
        "sd": 0.00538130092674827
    }
}