{
  "ipcw.mean": 0.6797600917151371,
  "brier.mean": 0.17915919082120438
}