{
    "n": 3,
    "brier": {
        "mean": 0.0,
        "variance": 0.0,
        "sd": 0.0
    },
    "ipcw": {
        "mean": 0.6840021673858192,
        "variance": 1.337326042690591e-05,
        "sd": 0.0036569468723110965
    }
}