{
  "ipcw.mean": 0.6357967161209379,
  "brier.mean": 0.19998027180809205
}