{
    "n": 3,
    "brier": {
        "mean": 0.19998027180809205,
        "variance": 2.3777103956835114e-06,
        "sd": 0.0015419826184764572
    },
    "ipcw": {
        "mean": 0.6357967161209379,
        "variance": 0.00034402198406921573,
        "sd": 0.018547829632310508
    }
}