{
  "ipcw.mean": 0.6160251491414717,
  "brier.mean": 0.22150198927130405
}