{
    "n": 3,
    "brier": {
        "mean": 0.22150198927130405,
        "variance": 1.8865687998769148e-05,
        "sd": 0.004343464976118623
    },
    "ipcw": {
        "mean": 0.6160251491414717,
        "variance": 5.1075170277898906e-05,
        "sd": 0.007146689462814157
    }
}