{
    "n": 3,
    "brier": {
        "mean": 0.20407230706186982,
        "variance": 7.820227242456478e-07,
        "sd": 0.0008843204872927279
    },
    "ipcw": {
        "mean": 0.6357025872405778,
        "variance": 7.182719381572728e-05,
        "sd": 0.008475092554994741
    }
}