{
  "ipcw.mean": 0.6357025872405778,
  "brier.mean": 0.20407230706186982
}