{
    "n": 3,
    "brier": {
        "mean": 0.08663451277824878,
        "variance": 8.589235770099169e-07,
        "sd": 0.0009267812994498307
    },
    "ipcw": {
        "mean": 0.8343645261416556,
        "variance": 2.895245110079978e-06,
        "sd": 0.001701541980110975
    }
}