{
  "ipcw.mean": 0.8343645261416556,
  "brier.mean": 0.08663451277824878
}