{
    "test_loss": 0.6239654421806335,
    "test_brier_0th_event": 0.13086946308612823,
    "test_brier_0th_event_n": 490,
    "test_brier_1th_event": 0.1309969127178192,
    "test_brier_1th_event_n": 452,
    "test_brier_weighted_avg": 0.13093061726184407,
    "test_ipcw_0th_event": 0.5974041117519358,
    "test_ipcw_0th_event_0.25": 0.5871085524559021,
    "test_ipcw_0th_event_0.50": 0.5881590843200684,
    "test_ipcw_0th_event_0.75": 0.5968323349952698,
    "test_ipcw_0th_event_1.00": 0.6051610708236694,
    "test_ipcw_0th_event_n": 1516,
    "test_ipcw_1th_event": 0.5677655353420552,
    "test_ipcw_1th_event_0.25": 0.5714149475097656,
    "test_ipcw_1th_event_0.50": 0.5650497674942017,
    "test_ipcw_1th_event_0.75": 0.5735381245613098,
    "test_ipcw_1th_event_1.00": 0.5638213157653809,
    "test_ipcw_1th_event_n": 1516,
    "test_ipcw_weighted_avg": 0.5825848235469955,
    "test_runtime": 0.5723,
    "test_samples_per_second": 2649.095,
    "test_steps_per_second": 5.242
}