{
  "ipcw.mean": 0.6338118507898344,
  "brier.mean": 0.19811846479189385
}