{
    "n": 3,
    "brier": {
        "mean": 0.19811846479189385,
        "variance": 4.818209986116299e-06,
        "sd": 0.0021950421376630332
    },
    "ipcw": {
        "mean": 0.6338118507898344,
        "variance": 1.2562354845780946e-05,
        "sd": 0.003544341242851899
    }
}