{
  "ipcw.mean": 0.8442095883468785,
  "brier.mean": 0.08944625151503525
}