{
    "n": 3,
    "brier": {
        "mean": 0.08944625151503525,
        "variance": 1.2539632992939165e-05,
        "sd": 0.0035411344217551478
    },
    "ipcw": {
        "mean": 0.8442095883468785,
        "variance": 5.818822678585559e-06,
        "sd": 0.002412223596308095
    }
}