{
    "n": 3,
    "test_brier_weighted_avg": {
        "mean": 0.20982906222343445,
        "variance": 0.00021338110348856354,
        "sd": 0.014607570074744244
    },
    "test_ipcw_weighted_avg": {
        "mean": 0.6179991375443195,
        "variance": 0.00016740489197327344,
        "sd": 0.012938504240184544
    }
}