{
  "ipcw.mean": 0.8650792971513566,
  "brier.mean": 0.07861523007792144
}