{
    "n": 3,
    "brier": {
        "mean": 0.07861523007792144,
        "variance": 3.042377541991665e-06,
        "sd": 0.0017442412510864616
    },
    "ipcw": {
        "mean": 0.8650792971513566,
        "variance": 5.005858959189045e-06,
        "sd": 0.002237377697034867
    }
}