{
    "n": 3,
    "brier": {
        "mean": 0.38857668662568645,
        "variance": 0.005624666572546511,
        "sd": 0.07499777711736869
    },
    "ipcw": {
        "mean": 0.5271836897600495,
        "variance": 0.0014516024694386804,
        "sd": 0.03809990117360779
    }
}