{
  "ipcw.mean": 0.5271836897600495,
  "brier.mean": 0.38857668662568645
}