{
  "ipcw.mean": 0.8079337413662194,
  "brier.mean": 0.0997003904174113
}