{
    "n": 3,
    "brier": {
        "mean": 0.0997003904174113,
        "variance": 1.4813906888903262e-05,
        "sd": 0.0038488838497547913
    },
    "ipcw": {
        "mean": 0.8079337413662194,
        "variance": 0.0003210382585932362,
        "sd": 0.017917540528578028
    }
}