{
    "n": 3,
    "brier": {
        "mean": 0.1973091150683484,
        "variance": 1.5732862100836266e-05,
        "sd": 0.003966467206575174
    },
    "ipcw": {
        "mean": 0.6373681040697016,
        "variance": 1.2173467966399572e-06,
        "sd": 0.0011033343992824466
    }
}