{
  "ipcw.mean": 0.6373681040697016,
  "brier.mean": 0.1973091150683484
}