{
  "ipcw.mean": 0.7064604985277617,
  "brier.mean": 0.11316399723208226
}