{
    "n": 3,
    "brier": {
        "mean": 0.11316399723208226,
        "variance": 1.6462429911229242e-05,
        "sd": 0.004057392008572655
    },
    "ipcw": {
        "mean": 0.7064604985277617,
        "variance": 0.0012515600930267888,
        "sd": 0.03537739522670923
    }
}