{
    "n": 3,
    "test_brier_weighted_avg": {
        "mean": 0.08588360732479643,
        "variance": 5.8745564016260185e-06,
        "sd": 0.0024237484196232124
    },
    "test_ipcw_weighted_avg": {
        "mean": 0.8035192788655958,
        "variance": 8.645487598530267e-05,
        "sd": 0.009298111420353203
    }
}