{
    "test_loss": 0.5156253576278687,
    "test_brier_0th_event": 0.08902329951524734,
    "test_brier_0th_event_n": 490,
    "test_brier_1th_event": 0.09173643589019775,
    "test_brier_1th_event_n": 452,
    "test_brier_weighted_avg": 0.09032514414526602,
    "test_ipcw_0th_event": 0.8093739237241815,
    "test_ipcw_0th_event_0.25": 0.8135516047477722,
    "test_ipcw_0th_event_0.50": 0.8073256015777588,
    "test_ipcw_0th_event_0.75": 0.8080717325210571,
    "test_ipcw_0th_event_1.00": 0.8102498650550842,
    "test_ipcw_0th_event_n": 1516,
    "test_ipcw_1th_event": 0.7988418920017848,
    "test_ipcw_1th_event_0.25": 0.7974647283554077,
    "test_ipcw_1th_event_0.50": 0.7977108955383301,
    "test_ipcw_1th_event_0.75": 0.8000682592391968,
    "test_ipcw_1th_event_1.00": 0.7989033460617065,
    "test_ipcw_1th_event_n": 1516,
    "test_ipcw_weighted_avg": 0.8041079078629833,
    "test_runtime": 0.7146,
    "test_samples_per_second": 2121.356,
    "test_steps_per_second": 4.198
}