{
    "n": 3,
    "brier": {
        "mean": 0.09006778143531254,
        "variance": 4.891654559428155e-05,
        "sd": 0.006994036430723074
    },
    "ipcw": {
        "mean": 0.8355374702729297,
        "variance": 0.0003348363988393564,
        "sd": 0.018298535428808403
    }
}