{
  "ipcw.mean": 0.8355374702729297,
  "brier.mean": 0.09006778143531254
}