{
    "n": 3,
    "test_brier_weighted_avg": {
        "mean": 0.08925335311279163,
        "variance": 1.5186426389447862e-05,
        "sd": 0.0038969765702975253
    },
    "test_ipcw_weighted_avg": {
        "mean": 0.794674935551589,
        "variance": 4.071144562056173e-05,
        "sd": 0.006380552140729024
    }
}