{
  "ipcw.mean": 0.8331927277997403,
  "brier.mean": 0.08959975769235642
}