{
    "n": 3,
    "brier": {
        "mean": 0.08959975769235642,
        "variance": 3.41997949211233e-05,
        "sd": 0.005848059072985096
    },
    "ipcw": {
        "mean": 0.8331927277997403,
        "variance": 0.0007747950192166251,
        "sd": 0.027835140007131724
    }
}