{
    "n": 3,
    "test_brier_weighted_avg": {
        "mean": 0.3695643744445078,
        "variance": 0.03932357731139433,
        "sd": 0.19830173300149026
    },
    "test_ipcw_weighted_avg": {
        "mean": 0.5256439101675321,
        "variance": 0.0048378865851613755,
        "sd": 0.06955491776403287
    }
}