{
    "n": 3,
    "test_brier_weighted_avg": {
        "mean": 0.22850612799326578,
        "variance": 0.00015346212057350714,
        "sd": 0.012387982909800414
    },
    "test_ipcw_weighted_avg": {
        "mean": 0.6230874842026706,
        "variance": 6.803592898192755e-05,
        "sd": 0.008248389478069496
    }
}