{
  "ipcw.mean": 0.6399787322202566,
  "brier.mean": 0.19185207108763616
}