{
    "n": 3,
    "brier": {
        "mean": 0.19185207108763616,
        "variance": 3.5499776482598868e-06,
        "sd": 0.0018841384365963895
    },
    "ipcw": {
        "mean": 0.6399787322202566,
        "variance": 9.01332123315166e-05,
        "sd": 0.009493851290783766
    }
}