{
    "test_loss": 0.7648993134498596,
    "test_brier_0th_event": 0.20758019387722015,
    "test_brier_0th_event_n": 325,
    "test_brier_weighted_avg": 0.20758019387722015,
    "test_ipcw_0th_event": 0.5434937184152093,
    "test_ipcw_0th_event_0.25": 0.5445746779441833,
    "test_ipcw_0th_event_0.50": 0.5462493896484375,
    "test_ipcw_0th_event_0.75": 0.5449455976486206,
    "test_ipcw_0th_event_1.00": 0.5406984686851501,
    "test_ipcw_0th_event_n": 567,
    "test_ipcw_weighted_avg": 0.5434937184152093,
    "test_runtime": 0.19,
    "test_samples_per_second": 2984.307,
    "test_steps_per_second": 10.527
}