{
    "test_loss": 0.5210615396499634,
    "test_brier_0th_event": 0.09212825447320938,
    "test_brier_0th_event_n": 490,
    "test_brier_1th_event": 0.09356503188610077,
    "test_brier_1th_event_n": 452,
    "test_brier_weighted_avg": 0.09281766359277085,
    "test_ipcw_0th_event": 0.8043580249421715,
    "test_ipcw_0th_event_0.25": 0.802240788936615,
    "test_ipcw_0th_event_0.50": 0.8036447167396545,
    "test_ipcw_0th_event_0.75": 0.8048558831214905,
    "test_ipcw_0th_event_1.00": 0.8048992156982422,
    "test_ipcw_0th_event_n": 1516,
    "test_ipcw_1th_event": 0.7900932145098458,
    "test_ipcw_1th_event_0.25": 0.7876243591308594,
    "test_ipcw_1th_event_0.50": 0.7889883518218994,
    "test_ipcw_1th_event_0.75": 0.790501594543457,
    "test_ipcw_1th_event_1.00": 0.7910711765289307,
    "test_ipcw_1th_event_n": 1516,
    "test_ipcw_weighted_avg": 0.7972256197260087,
    "test_runtime": 0.8571,
    "test_samples_per_second": 1768.835,
    "test_steps_per_second": 3.5
}