{
    "n": 3,
    "brier": {
        "mean": 0.19263524980796498,
        "variance": 4.410175927922074e-07,
        "sd": 0.0006640915545255845
    },
    "ipcw": {
        "mean": 0.6243191320926663,
        "variance": 0.00010945303532465749,
        "sd": 0.01046198046856605
    }
}