{
  "ipcw.mean": 0.6243191320926663,
  "brier.mean": 0.19263524980796498
}