{
    "validation": {
        "n": 1,
        "loss": {
            "mean": 0.7225585579872131,
            "variance": 0.0,
            "sd": 0.0
        },
        "brier_0th_event": {
            "mean": 0.2026418149471283,
            "variance": 0.0,
            "sd": 0.0
        },
        "brier_0th_event_n": {
            "mean": 278,
            "variance": 0.0,
            "sd": 0.0
        },
        "brier_weighted_avg": {
            "mean": 0.2026418149471283,
            "variance": 0.0,
            "sd": 0.0
        },
        "ipcw_0th_event": {
            "mean": 0.6174056906809752,
            "variance": 0.0,
            "sd": 0.0
        },
        "ipcw_0th_event_0.25": {
            "mean": 0.6052964329719543,
            "variance": 0.0,
            "sd": 0.0
        },
        "ipcw_0th_event_0.50": {
            "mean": 0.6247881650924683,
            "variance": 0.0,
            "sd": 0.0
        },
        "ipcw_0th_event_0.75": {
            "mean": 0.6348309516906738,
            "variance": 0.0,
            "sd": 0.0
        },
        "ipcw_0th_event_1.00": {
            "mean": 0.6041561961174011,
            "variance": 0.0,
            "sd": 0.0
        },
        "ipcw_0th_event_n": {
            "mean": 453,
            "variance": 0.0,
            "sd": 0.0
        },
        "ipcw_weighted_avg": {
            "mean": 0.6174056906809751,
            "variance": 0.0,
            "sd": 0.0
        },
        "runtime": {
            "mean": 0.1705,
            "variance": 0.0,
            "sd": 0.0
        },
        "samples_per_second": {
            "mean": 2656.609,
            "variance": 0.0,
            "sd": 0.0
        },
        "steps_per_second": {
            "mean": 5.864,
            "variance": 0.0,
            "sd": 0.0
        }
    }
}