{
    "n": 3,
    "brier": {
        "mean": 0.3342717337232335,
        "variance": 0.04427908654389935,
        "sd": 0.21042596451935144
    },
    "ipcw": {
        "mean": 0.5246785638056974,
        "variance": 0.004818852250136614,
        "sd": 0.06941795337041141
    }
}