{
  "ipcw.mean": 0.5246785638056974,
  "brier.mean": 0.3342717337232335
}