{
    "n": 3,
    "test_brier_weighted_avg": {
        "mean": 0.19381732741991678,
        "variance": 0.0001825365118971096,
        "sd": 0.013510607384463127
    },
    "test_ipcw_weighted_avg": {
        "mean": 0.6280310447974633,
        "variance": 0.0002848915033060725,
        "sd": 0.016878729315504545
    }
}