{
    "test_loss": 5.539752960205078,
    "test_brier_0th_event": 0.3517889380455017,
    "test_brier_0th_event_n": 490,
    "test_brier_1th_event": 0.540899395942688,
    "test_brier_1th_event_n": 452,
    "test_brier_weighted_avg": 0.4425298371638968,
    "test_ipcw_0th_event": 0.5038044248604447,
    "test_ipcw_0th_event_0.25": 0.4746122658252716,
    "test_ipcw_0th_event_0.50": 0.4578705132007599,
    "test_ipcw_0th_event_0.75": 0.5026640892028809,
    "test_ipcw_0th_event_1.00": 0.5351307988166809,
    "test_ipcw_0th_event_n": 1516,
    "test_ipcw_1th_event": 0.4871839600897686,
    "test_ipcw_1th_event_0.25": 0.48710310459136963,
    "test_ipcw_1th_event_0.50": 0.4922519326210022,
    "test_ipcw_1th_event_0.75": 0.48185479640960693,
    "test_ipcw_1th_event_1.00": 0.488495409488678,
    "test_ipcw_1th_event_n": 1516,
    "test_ipcw_weighted_avg": 0.4954941924751067,
    "test_runtime": 0.5804,
    "test_samples_per_second": 2612.162,
    "test_steps_per_second": 5.169
}