{
    "test_loss": 0.5234753489494324,
    "test_brier_0th_event": 0.0923725888133049,
    "test_brier_0th_event_n": 490,
    "test_brier_1th_event": 0.09514657407999039,
    "test_brier_1th_event_n": 452,
    "test_brier_weighted_avg": 0.09370363057608817,
    "test_ipcw_0th_event": 0.8057453344691252,
    "test_ipcw_0th_event_0.25": 0.8049546480178833,
    "test_ipcw_0th_event_0.50": 0.8055040240287781,
    "test_ipcw_0th_event_0.75": 0.805324912071228,
    "test_ipcw_0th_event_1.00": 0.8063979148864746,
    "test_ipcw_0th_event_n": 1516,
    "test_ipcw_1th_event": 0.7864339011851873,
    "test_ipcw_1th_event_0.25": 0.784045398235321,
    "test_ipcw_1th_event_0.50": 0.7869552373886108,
    "test_ipcw_1th_event_0.75": 0.7867441773414612,
    "test_ipcw_1th_event_1.00": 0.7865589261054993,
    "test_ipcw_1th_event_n": 1516,
    "test_ipcw_weighted_avg": 0.7960896178271564,
    "test_runtime": 0.5775,
    "test_samples_per_second": 2624.986,
    "test_steps_per_second": 5.195
}