{
    "test_loss": 0.6722879409790039,
    "test_brier_0th_event": 0.1871888342472624,
    "test_brier_0th_event_n": 329,
    "test_brier_weighted_avg": 0.1871888342472624,
    "test_brier_avg": 0.1871888342472624,
    "test_ipcw_0th_event_0.25": 0.7388784080086438,
    "test_ipcw_0th_event_0.5": 0.6517819777528221,
    "test_ipcw_0th_event_0.75": 0.6378670991475822,
    "test_ipcw_0th_event_1.0": 0.6405603834180779,
    "test_ipcw_avg_0th_event": 0.6672719670817815,
    "test_ipcw_0th_event": 0.6405603834180779,
    "test_ipcw_0th_event_n": 329,
    "test_ipcw": 0.6405603834180779,
    "test_ipcw_weighted_avg": 0.6672719670817815,
    "test_ipcw_avg": 0.6672719670817815,
    "test_runtime": 0.1039,
    "test_samples_per_second": 5507.002,
    "test_steps_per_second": 19.255
}