{
    "n": 3,
    "brier": {
        "mean": 0.1875412541681862,
        "variance": 2.615183117533333e-06,
        "sd": 0.0016171527811352064
    },
    "ipcw": {
        "mean": 0.6330972149967616,
        "variance": 0.0001714908539321314,
        "sd": 0.013095451650559113
    }
}