{
  "ipcw.mean": 0.6864244311695314,
  "brier.mean": 0.17598345312074634
}