{
    "n": 3,
    "brier": {
        "mean": 0.17598345312074634,
        "variance": 3.0497164479050503e-06,
        "sd": 0.0017463437370417803
    },
    "ipcw": {
        "mean": 0.6864244311695314,
        "variance": 1.8841212311860555e-05,
        "sd": 0.0043406465315504045
    }
}