{
    "n": 3,
    "test_brier_weighted_avg": {
        "mean": 0.09691641203006837,
        "variance": 0.00042096739304794826,
        "sd": 0.020517489930494622
    },
    "test_ipcw_weighted_avg": {
        "mean": 0.7306677879622886,
        "variance": 0.0169872851247021,
        "sd": 0.13033527966250005
    }
}