{
    "n": 3,
    "test_brier_weighted_avg": {
        "mean": 0.10026244841016085,
        "variance": 2.704710649728733e-06,
        "sd": 0.001644600452915155
    },
    "test_ipcw_weighted_avg": {
        "mean": 0.8024753013720196,
        "variance": 4.734404882607484e-05,
        "sd": 0.006880701187093859
    }
}