{
    "test_loss": 0.5434772372245789,
    "test_brier_0th_event": 0.09247313439846039,
    "test_brier_0th_event_n": 490,
    "test_brier_1th_event": 0.09987416118383408,
    "test_brier_1th_event_n": 452,
    "test_brier_weighted_avg": 0.09602437018082653,
    "test_ipcw_0th_event": 0.8057688670285594,
    "test_ipcw_0th_event_0.25": 0.806871771812439,
    "test_ipcw_0th_event_0.50": 0.8021637201309204,
    "test_ipcw_0th_event_0.75": 0.8037764430046082,
    "test_ipcw_0th_event_1.00": 0.8087656497955322,
    "test_ipcw_0th_event_n": 1516,
    "test_ipcw_1th_event": 0.7938111515093782,
    "test_ipcw_1th_event_0.25": 0.7900272011756897,
    "test_ipcw_1th_event_0.50": 0.7930082082748413,
    "test_ipcw_1th_event_0.75": 0.791560173034668,
    "test_ipcw_1th_event_1.00": 0.7970349192619324,
    "test_ipcw_1th_event_n": 1516,
    "test_ipcw_weighted_avg": 0.7997900092689688,
    "test_runtime": 0.5855,
    "test_samples_per_second": 2589.174,
    "test_steps_per_second": 5.124
}