{
    "n": 3,
    "test_brier_weighted_avg": {
        "mean": 0.08696677778435044,
        "variance": 1.0602216312120483e-05,
        "sd": 0.003256104468858529
    },
    "test_ipcw_weighted_avg": {
        "mean": 0.7996005612199375,
        "variance": 0.0001596008113504478,
        "sd": 0.012633321469449267
    }
}