{
    "n": 3,
    "brier": {
        "mean": 0.08476714029729653,
        "variance": 1.5567732437190502e-06,
        "sd": 0.0012477071947051722
    },
    "ipcw": {
        "mean": 0.8432490868495142,
        "variance": 1.4183786990043444e-05,
        "sd": 0.0037661368788246986
    }
}