{
  "ipcw.mean": 0.8432490868495142,
  "brier.mean": 0.08476714029729653
}