{
    "test_loss": 0.6037331223487854,
    "test_brier_0th_event": 0.12187791615724564,
    "test_brier_0th_event_n": 490,
    "test_brier_1th_event": 0.12483152002096176,
    "test_brier_1th_event_n": 452,
    "test_brier_weighted_avg": 0.12329514433813703,
    "test_ipcw_0th_event": 0.7281954607948143,
    "test_ipcw_0th_event_0.25": 0.7268357872962952,
    "test_ipcw_0th_event_0.50": 0.7234826683998108,
    "test_ipcw_0th_event_0.75": 0.7332578301429749,
    "test_ipcw_0th_event_1.00": 0.7270157337188721,
    "test_ipcw_0th_event_n": 1516,
    "test_ipcw_1th_event": 0.6690611116138676,
    "test_ipcw_1th_event_0.25": 0.6812915205955505,
    "test_ipcw_1th_event_0.50": 0.6800914406776428,
    "test_ipcw_1th_event_0.75": 0.670529842376709,
    "test_ipcw_1th_event_1.00": 0.6584221720695496,
    "test_ipcw_1th_event_n": 1516,
    "test_ipcw_weighted_avg": 0.6986282862043409,
    "test_runtime": 0.7345,
    "test_samples_per_second": 2063.877,
    "test_steps_per_second": 4.084
}