{
  "ipcw.mean": 0.7246687997107742,
  "brier.mean": 0.11355661224254304
}