{
    "n": 3,
    "brier": {
        "mean": 0.11355661224254304,
        "variance": 4.106512438666014e-05,
        "sd": 0.00640820757986663
    },
    "ipcw": {
        "mean": 0.7246687997107742,
        "variance": 0.0035941282136107673,
        "sd": 0.05995104847799384
    }
}