{
    "n": 3,
    "brier": {
        "mean": 0.36028632106066805,
        "variance": 0.037643910143537435,
        "sd": 0.19402038589678516
    },
    "ipcw": {
        "mean": 0.5220837138212899,
        "variance": 0.0011527999146448082,
        "sd": 0.03395290730769323
    }
}