{
  "ipcw.mean": 0.5220837138212899,
  "brier.mean": 0.36028632106066805
}