{
    "test_loss": 4.240195274353027,
    "test_brier_0th_event": 0.3930825889110565,
    "test_brier_0th_event_n": 490,
    "test_brier_1th_event": 0.29866915941238403,
    "test_brier_1th_event_n": 452,
    "test_brier_weighted_avg": 0.34778017900298863,
    "test_ipcw_0th_event": 0.5474376497291806,
    "test_ipcw_0th_event_0.25": 0.46552297472953796,
    "test_ipcw_0th_event_0.50": 0.5483177900314331,
    "test_ipcw_0th_event_0.75": 0.564843475818634,
    "test_ipcw_0th_event_1.00": 0.5557863116264343,
    "test_ipcw_0th_event_n": 1516,
    "test_ipcw_1th_event": 0.4710136492726351,
    "test_ipcw_1th_event_0.25": 0.4913940727710724,
    "test_ipcw_1th_event_0.50": 0.4741916358470917,
    "test_ipcw_1th_event_0.75": 0.46478793025016785,
    "test_ipcw_1th_event_1.00": 0.46845778822898865,
    "test_ipcw_1th_event_n": 1516,
    "test_ipcw_weighted_avg": 0.5092256495009079,
    "test_runtime": 0.6527,
    "test_samples_per_second": 2322.613,
    "test_steps_per_second": 4.596
}