{
    "test_loss": 0.5286330580711365,
    "test_brier_0th_event": 0.09736049175262451,
    "test_brier_0th_event_n": 490,
    "test_brier_1th_event": 0.09427375346422195,
    "test_brier_1th_event_n": 452,
    "test_brier_weighted_avg": 0.0958793816609494,
    "test_ipcw_0th_event": 0.8031706062650719,
    "test_ipcw_0th_event_0.25": 0.8034150004386902,
    "test_ipcw_0th_event_0.50": 0.8035290837287903,
    "test_ipcw_0th_event_0.75": 0.8039242029190063,
    "test_ipcw_0th_event_1.00": 0.8023532629013062,
    "test_ipcw_0th_event_n": 1516,
    "test_ipcw_1th_event": 0.7950018969955541,
    "test_ipcw_1th_event_0.25": 0.7962337136268616,
    "test_ipcw_1th_event_0.50": 0.7966471910476685,
    "test_ipcw_1th_event_0.75": 0.793680727481842,
    "test_ipcw_1th_event_1.00": 0.7947667837142944,
    "test_ipcw_1th_event_n": 1516,
    "test_ipcw_weighted_avg": 0.7990862516303129,
    "test_runtime": 0.7022,
    "test_samples_per_second": 2158.984,
    "test_steps_per_second": 4.272
}