{
  "ipcw.mean": 0.6618268758924526,
  "brier.mean": 0.21072456612453347
}