{
    "n": 3,
    "brier": {
        "mean": 0.21072456612453347,
        "variance": 5.311951222490563e-05,
        "sd": 0.007288313400568449
    },
    "ipcw": {
        "mean": 0.6618268758924526,
        "variance": 0.000390524305201087,
        "sd": 0.019761687812560116
    }
}