{
    "test_loss": 0.7424447536468506,
    "test_brier_0th_event": 0.20074450969696045,
    "test_brier_0th_event_n": 325,
    "test_brier_weighted_avg": 0.20074450969696045,
    "test_ipcw_0th_event": 0.6047342035521581,
    "test_ipcw_0th_event_0.25": 0.5809106230735779,
    "test_ipcw_0th_event_0.50": 0.6097902655601501,
    "test_ipcw_0th_event_0.75": 0.6211555004119873,
    "test_ipcw_0th_event_1.00": 0.5956929922103882,
    "test_ipcw_0th_event_n": 567,
    "test_ipcw_weighted_avg": 0.6047342035521581,
    "test_runtime": 0.2357,
    "test_samples_per_second": 2405.307,
    "test_steps_per_second": 8.484
}