{
    "n": 3,
    "brier": {
        "mean": 0.20781638893181525,
        "variance": 2.0340419570065525e-05,
        "sd": 0.004510035428914669
    },
    "ipcw": {
        "mean": 0.5816658143048317,
        "variance": 0.00164245918892053,
        "sd": 0.040527264759918476
    }
}