{
  "ipcw.mean": 0.5816658143048317,
  "brier.mean": 0.20781638893181525
}