{
    "test_loss": 0.5246049761772156,
    "test_brier_0th_event": 0.09155552834272385,
    "test_brier_0th_event_n": 490,
    "test_brier_1th_event": 0.09507665783166885,
    "test_brier_1th_event_n": 452,
    "test_brier_weighted_avg": 0.09324507242871445,
    "test_ipcw_0th_event": 0.8083907690082911,
    "test_ipcw_0th_event_0.25": 0.8083745241165161,
    "test_ipcw_0th_event_0.50": 0.8029170632362366,
    "test_ipcw_0th_event_0.75": 0.8083704710006714,
    "test_ipcw_0th_event_1.00": 0.8111028075218201,
    "test_ipcw_0th_event_n": 1516,
    "test_ipcw_1th_event": 0.7881741834679395,
    "test_ipcw_1th_event_0.25": 0.7890603542327881,
    "test_ipcw_1th_event_0.50": 0.7884495854377747,
    "test_ipcw_1th_event_0.75": 0.7885748147964478,
    "test_ipcw_1th_event_1.00": 0.7874681949615479,
    "test_ipcw_1th_event_n": 1516,
    "test_ipcw_weighted_avg": 0.7982824762381154,
    "test_runtime": 0.6172,
    "test_samples_per_second": 2456.429,
    "test_steps_per_second": 4.861
}