{
    "n": 3,
    "brier": {
        "mean": 0.08968509837270913,
        "variance": 6.242014594846965e-07,
        "sd": 0.0007900642122541031
    },
    "ipcw": {
        "mean": 0.8400655326434004,
        "variance": 8.621800436461596e-06,
        "sd": 0.0029362902507180035
    }
}