{
  "ipcw.mean": 0.8400655326434004,
  "brier.mean": 0.08968509837270913
}