{
  "ipcw.mean": 0.6185641216066158,
  "brier.mean": 0.19490453466046515
}