{
    "n": 3,
    "brier": {
        "mean": 0.19490453466046515,
        "variance": 3.1763752659303185e-06,
        "sd": 0.0017822388352660029
    },
    "ipcw": {
        "mean": 0.6185641216066158,
        "variance": 0.00020350263257839515,
        "sd": 0.014265434889213688
    }
}