{
    "test_loss": 3.295703172683716,
    "test_brier_0th_event": 0.11222533136606216,
    "test_brier_0th_event_n": 490,
    "test_brier_1th_event": 0.11047015339136124,
    "test_brier_1th_event_n": 452,
    "test_brier_weighted_avg": 0.11138314405760694,
    "test_ipcw_0th_event": 0.7934786878773158,
    "test_ipcw_0th_event_0.25": 0.7663646936416626,
    "test_ipcw_0th_event_0.50": 0.7914126515388489,
    "test_ipcw_0th_event_0.75": 0.7980644106864929,
    "test_ipcw_0th_event_1.00": 0.7982988953590393,
    "test_ipcw_0th_event_n": 1516,
    "test_ipcw_1th_event": 0.7891429556864444,
    "test_ipcw_1th_event_0.25": 0.7667083144187927,
    "test_ipcw_1th_event_0.50": 0.7882205247879028,
    "test_ipcw_1th_event_0.75": 0.7946072220802307,
    "test_ipcw_1th_event_1.00": 0.7915927767753601,
    "test_ipcw_1th_event_n": 1516,
    "test_ipcw_weighted_avg": 0.7913108217818802,
    "test_runtime": 0.6412,
    "test_samples_per_second": 2364.251,
    "test_steps_per_second": 4.679
}