{
  "ipcw.mean": 0.6243117354692838,
  "brier.mean": 0.1989744334489606
}