{
    "n": 3,
    "brier": {
        "mean": 0.1989744334489606,
        "variance": 1.3546271713596645e-05,
        "sd": 0.003680526010449681
    },
    "ipcw": {
        "mean": 0.6243117354692838,
        "variance": 0.0008721702526578559,
        "sd": 0.029532528721019743
    }
}