{
  "ipcw.mean": 0.6230530022763446,
  "brier.mean": 0.20591963024314755
}