{
    "n": 3,
    "brier": {
        "mean": 0.20591963024314755,
        "variance": 1.2190510107795717e-05,
        "sd": 0.0034914911009188776
    },
    "ipcw": {
        "mean": 0.6230530022763446,
        "variance": 4.107999449210697e-05,
        "sd": 0.0064093677139096155
    }
}