{
    "n": 3,
    "test_brier_weighted_avg": {
        "mean": 0.18531668682893118,
        "variance": 0.00017283284708942886,
        "sd": 0.013146590702133724
    },
    "test_ipcw_weighted_avg": {
        "mean": 0.6318205793528906,
        "variance": 0.0003000218696949693,
        "sd": 0.01732113938789736
    }
}