{
    "n": 3,
    "brier": {
        "mean": 0.19432804893030076,
        "variance": 3.35195145315018e-05,
        "sd": 0.005789604004722758
    },
    "ipcw": {
        "mean": 0.6571110672663045,
        "variance": 4.265699616897121e-05,
        "sd": 0.0065312323621940765
    }
}