{
  "ipcw.mean": 0.6571110672663045,
  "brier.mean": 0.19432804893030076
}