{
    "test_loss": 0.6590509414672852,
    "test_brier_0th_event": 0.1391538828611374,
    "test_brier_0th_event_n": 490,
    "test_brier_1th_event": 0.13529378175735474,
    "test_brier_1th_event_n": 452,
    "test_brier_weighted_avg": 0.13730168997482128,
    "test_ipcw_0th_event": 0.47921637307759146,
    "test_ipcw_0th_event_0.25": 0.483402818441391,
    "test_ipcw_0th_event_0.50": 0.47433599829673767,
    "test_ipcw_0th_event_0.75": 0.4790416657924652,
    "test_ipcw_0th_event_1.00": 0.4806222915649414,
    "test_ipcw_0th_event_n": 1516,
    "test_ipcw_1th_event": 0.4819103778421423,
    "test_ipcw_1th_event_0.25": 0.4965454339981079,
    "test_ipcw_1th_event_0.50": 0.49482718110084534,
    "test_ipcw_1th_event_0.75": 0.4966990053653717,
    "test_ipcw_1th_event_1.00": 0.45927539467811584,
    "test_ipcw_1th_event_n": 1516,
    "test_ipcw_weighted_avg": 0.48056337545986694,
    "test_runtime": 0.5933,
    "test_samples_per_second": 2555.014,
    "test_steps_per_second": 5.056
}