{
    "test_loss": 0.6149516105651855,
    "test_brier_0th_event": 0.12438613921403885,
    "test_brier_0th_event_n": 490,
    "test_brier_1th_event": 0.12796176970005035,
    "test_brier_1th_event_n": 452,
    "test_brier_weighted_avg": 0.1261018345215518,
    "test_ipcw_0th_event": 0.6605968749031677,
    "test_ipcw_0th_event_0.25": 0.6689572930335999,
    "test_ipcw_0th_event_0.50": 0.653677225112915,
    "test_ipcw_0th_event_0.75": 0.6643680334091187,
    "test_ipcw_0th_event_1.00": 0.6588696241378784,
    "test_ipcw_0th_event_n": 1516,
    "test_ipcw_1th_event": 0.6154605284421851,
    "test_ipcw_1th_event_0.25": 0.6116403341293335,
    "test_ipcw_1th_event_0.50": 0.6210251450538635,
    "test_ipcw_1th_event_0.75": 0.6259269118309021,
    "test_ipcw_1th_event_1.00": 0.6053248047828674,
    "test_ipcw_1th_event_n": 1516,
    "test_ipcw_weighted_avg": 0.6380287016726763,
    "test_runtime": 0.7457,
    "test_samples_per_second": 2032.869,
    "test_steps_per_second": 4.023
}