{
    "n": 3,
    "brier": {
        "mean": 0.0,
        "variance": 0.0,
        "sd": 0.0
    },
    "ipcw": {
        "mean": 0.6135604969398724,
        "variance": 0.0005928827186467327,
        "sd": 0.02434918312072774
    }
}