{
    "n": 3,
    "brier": {
        "mean": 0.2077285949582514,
        "variance": 4.840709378578137e-06,
        "sd": 0.0022001612164971314
    },
    "ipcw": {
        "mean": 0.61310328023163,
        "variance": 4.159165126886238e-06,
        "sd": 0.0020394031300569873
    }
}