{
  "ipcw.mean": 0.61310328023163,
  "brier.mean": 0.2077285949582514
}