{
    "n": 3,
    "brier": {
        "mean": 0.08623025276255832,
        "variance": 2.83871083913048e-06,
        "sd": 0.0016848474231011188
    },
    "ipcw": {
        "mean": 0.8515904311772603,
        "variance": 1.935843271628757e-06,
        "sd": 0.0013913458490356584
    }
}