{
  "ipcw.mean": 0.8515904311772603,
  "brier.mean": 0.08623025276255832
}