{
    "test_loss": 0.9346444010734558,
    "test_brier_0th_event": 0.2548048496246338,
    "test_brier_0th_event_n": 490,
    "test_brier_1th_event": 0.15050768852233887,
    "test_brier_1th_event_n": 452,
    "test_brier_weighted_avg": 0.20475992731227996,
    "test_ipcw_0th_event": 0.5229645511654952,
    "test_ipcw_0th_event_0.25": 0.48250487446784973,
    "test_ipcw_0th_event_0.50": 0.5139989852905273,
    "test_ipcw_0th_event_0.75": 0.5282542109489441,
    "test_ipcw_0th_event_1.00": 0.5342360734939575,
    "test_ipcw_0th_event_n": 1516,
    "test_ipcw_1th_event": 0.5787091076931108,
    "test_ipcw_1th_event_0.25": 0.559138298034668,
    "test_ipcw_1th_event_0.50": 0.5390149354934692,
    "test_ipcw_1th_event_0.75": 0.6090779304504395,
    "test_ipcw_1th_event_1.00": 0.5827599763870239,
    "test_ipcw_1th_event_n": 1516,
    "test_ipcw_weighted_avg": 0.550836829429303,
    "test_runtime": 0.7913,
    "test_samples_per_second": 1915.786,
    "test_steps_per_second": 3.791
}