{
    "n": 3,
    "brier": {
        "mean": 0.087319831766979,
        "variance": 1.0345300561916488e-06,
        "sd": 0.0010171185064640445
    },
    "ipcw": {
        "mean": 0.8551720566490904,
        "variance": 1.6707319704689705e-05,
        "sd": 0.004087458832170631
    }
}