{
  "ipcw.mean": 0.8551720566490904,
  "brier.mean": 0.087319831766979
}