{
  "ipcw.mean": 0.8430835801726876,
  "brier.mean": 0.0859012931006526
}