{
    "n": 3,
    "brier": {
        "mean": 0.0859012931006526,
        "variance": 1.2010949761511948e-06,
        "sd": 0.0010959447869994157
    },
    "ipcw": {
        "mean": 0.8430835801726876,
        "variance": 3.173941568265884e-06,
        "sd": 0.001781555940257247
    }
}