{
    "test_loss": 0.5140630602836609,
    "test_brier_0th_event": 0.09192053973674774,
    "test_brier_0th_event_n": 490,
    "test_brier_1th_event": 0.09342129528522491,
    "test_brier_1th_event_n": 452,
    "test_brier_weighted_avg": 0.09264064749461577,
    "test_ipcw_0th_event": 0.810398292233121,
    "test_ipcw_0th_event_0.25": 0.8113686442375183,
    "test_ipcw_0th_event_0.50": 0.8099478483200073,
    "test_ipcw_0th_event_0.75": 0.8109887838363647,
    "test_ipcw_0th_event_1.00": 0.8099077343940735,
    "test_ipcw_0th_event_n": 1516,
    "test_ipcw_1th_event": 0.7975641701215389,
    "test_ipcw_1th_event_0.25": 0.7979270815849304,
    "test_ipcw_1th_event_0.50": 0.798820972442627,
    "test_ipcw_1th_event_0.75": 0.7968376278877258,
    "test_ipcw_1th_event_1.00": 0.7973248958587646,
    "test_ipcw_1th_event_n": 1516,
    "test_ipcw_weighted_avg": 0.8039812311773299,
    "test_runtime": 0.5826,
    "test_samples_per_second": 2602.168,
    "test_steps_per_second": 5.149
}