{
  "ipcw.mean": 0.6472276045676166,
  "brier.mean": 0.20477550247023693
}