{
    "n": 3,
    "brier": {
        "mean": 0.20477550247023693,
        "variance": 8.255770751205079e-06,
        "sd": 0.0028732857065048504
    },
    "ipcw": {
        "mean": 0.6472276045676166,
        "variance": 7.081652827281598e-05,
        "sd": 0.008415255686716593
    }
}