{
    "test_loss": 5.584987163543701,
    "test_brier_0th_event": 0.35050168633461,
    "test_brier_0th_event_n": 490,
    "test_brier_1th_event": 0.544563889503479,
    "test_brier_1th_event_n": 452,
    "test_brier_weighted_avg": 0.4436185821226448,
    "test_ipcw_0th_event": 0.5039068587913375,
    "test_ipcw_0th_event_0.25": 0.4737127423286438,
    "test_ipcw_0th_event_0.50": 0.4578247368335724,
    "test_ipcw_0th_event_0.75": 0.503329873085022,
    "test_ipcw_0th_event_1.00": 0.5351460576057434,
    "test_ipcw_0th_event_n": 1516,
    "test_ipcw_1th_event": 0.4868780522652369,
    "test_ipcw_1th_event_0.25": 0.4863910973072052,
    "test_ipcw_1th_event_0.50": 0.4912945628166199,
    "test_ipcw_1th_event_0.75": 0.4819740355014801,
    "test_ipcw_1th_event_1.00": 0.48833584785461426,
    "test_ipcw_1th_event_n": 1516,
    "test_ipcw_weighted_avg": 0.49539245552828715,
    "test_runtime": 0.5593,
    "test_samples_per_second": 2710.691,
    "test_steps_per_second": 5.364
}