{
  "ipcw.mean": 0.592871510832733,
  "brier.mean": 0.21238617337667087
}