{
    "n": 3,
    "brier": {
        "mean": 0.21238617337667087,
        "variance": 9.9618963496745e-05,
        "sd": 0.009980929991576185
    },
    "ipcw": {
        "mean": 0.592871510832733,
        "variance": 0.0025812361275946226,
        "sd": 0.05080586705878193
    }
}