{
  "ipcw.mean": 0.5622564200156441,
  "brier.mean": 0.2180932587166426
}