{
    "n": 3,
    "brier": {
        "mean": 0.2180932587166426,
        "variance": 6.596900151654558e-07,
        "sd": 0.0008122130355796167
    },
    "ipcw": {
        "mean": 0.5622564200156441,
        "variance": 7.83915143163578e-05,
        "sd": 0.008853898255365136
    }
}