{
    "test_loss": 0.6899563670158386,
    "test_brier_0th_event": 0.19422240555286407,
    "test_brier_0th_event_n": 325,
    "test_brier_weighted_avg": 0.19422240555286407,
    "test_ipcw_0th_event": 0.5978190147326987,
    "test_ipcw_0th_event_0.25": 0.6040283441543579,
    "test_ipcw_0th_event_0.50": 0.6041924953460693,
    "test_ipcw_0th_event_0.75": 0.6026512980461121,
    "test_ipcw_0th_event_1.00": 0.5892612338066101,
    "test_ipcw_0th_event_n": 567,
    "test_ipcw_weighted_avg": 0.5978190147326987,
    "test_runtime": 0.1856,
    "test_samples_per_second": 3055.533,
    "test_steps_per_second": 10.778
}