{
    "test_loss": 1.3375455141067505,
    "test_brier_0th_event": 0.16023173928260803,
    "test_brier_0th_event_n": 490,
    "test_brier_1th_event": 0.15641987323760986,
    "test_brier_1th_event_n": 452,
    "test_brier_weighted_avg": 0.1584026910317172,
    "test_ipcw_0th_event": 0.5554906545431265,
    "test_ipcw_0th_event_0.25": 0.6845344305038452,
    "test_ipcw_0th_event_0.50": 0.4964733421802521,
    "test_ipcw_0th_event_0.75": 0.5457437038421631,
    "test_ipcw_0th_event_1.00": 0.5571942329406738,
    "test_ipcw_0th_event_n": 1516,
    "test_ipcw_1th_event": 0.6130888631208123,
    "test_ipcw_1th_event_0.25": 0.5738881230354309,
    "test_ipcw_1th_event_0.50": 0.6252620816230774,
    "test_ipcw_1th_event_0.75": 0.6260126829147339,
    "test_ipcw_1th_event_1.00": 0.607077419757843,
    "test_ipcw_1th_event_n": 1516,
    "test_ipcw_weighted_avg": 0.5842897588319694,
    "test_runtime": 0.5804,
    "test_samples_per_second": 2611.82,
    "test_steps_per_second": 5.169
}