{
    "test_loss": 0.5218231678009033,
    "test_brier_0th_event": 0.0963435173034668,
    "test_brier_0th_event_n": 490,
    "test_brier_1th_event": 0.09414276480674744,
    "test_brier_1th_event_n": 452,
    "test_brier_weighted_avg": 0.0952875299058902,
    "test_ipcw_0th_event": 0.8005258982087107,
    "test_ipcw_0th_event_0.25": 0.8019211292266846,
    "test_ipcw_0th_event_0.50": 0.7998666763305664,
    "test_ipcw_0th_event_0.75": 0.7994425892829895,
    "test_ipcw_0th_event_1.00": 0.801301121711731,
    "test_ipcw_0th_event_n": 1516,
    "test_ipcw_1th_event": 0.7946197585018389,
    "test_ipcw_1th_event_0.25": 0.7940187454223633,
    "test_ipcw_1th_event_0.50": 0.7957687377929688,
    "test_ipcw_1th_event_0.75": 0.7939020991325378,
    "test_ipcw_1th_event_1.00": 0.794698178768158,
    "test_ipcw_1th_event_n": 1516,
    "test_ipcw_weighted_avg": 0.7975728283552747,
    "test_runtime": 0.5888,
    "test_samples_per_second": 2574.89,
    "test_steps_per_second": 5.095
}