{
    "test_loss": 3.306478500366211,
    "test_brier_0th_event": 0.11106708645820618,
    "test_brier_0th_event_n": 490,
    "test_brier_1th_event": 0.1039053350687027,
    "test_brier_1th_event_n": 452,
    "test_brier_weighted_avg": 0.10763066222460153,
    "test_ipcw_0th_event": 0.8171806581191893,
    "test_ipcw_0th_event_0.25": 0.8170124292373657,
    "test_ipcw_0th_event_0.50": 0.815306544303894,
    "test_ipcw_0th_event_0.75": 0.8177673816680908,
    "test_ipcw_0th_event_1.00": 0.8176999092102051,
    "test_ipcw_0th_event_n": 1516,
    "test_ipcw_1th_event": 0.8075853858139926,
    "test_ipcw_1th_event_0.25": 0.8091391921043396,
    "test_ipcw_1th_event_0.50": 0.8098923563957214,
    "test_ipcw_1th_event_0.75": 0.8066393733024597,
    "test_ipcw_1th_event_1.00": 0.8066033720970154,
    "test_ipcw_1th_event_n": 1516,
    "test_ipcw_weighted_avg": 0.812383021966591,
    "test_runtime": 0.7067,
    "test_samples_per_second": 2145.212,
    "test_steps_per_second": 4.245
}