{
  "ipcw.mean": 0.6460115926348234,
  "brier.mean": 0.19086695583511287
}