{
    "n": 3,
    "brier": {
        "mean": 0.19086695583511287,
        "variance": 6.741637042245733e-07,
        "sd": 0.0008210747251161573
    },
    "ipcw": {
        "mean": 0.6460115926348234,
        "variance": 1.9306435990672572e-05,
        "sd": 0.004393908964768452
    }
}