{
    "test_loss": 0.6078512668609619,
    "test_brier_0th_event": 0.12812653183937073,
    "test_brier_0th_event_n": 490,
    "test_brier_1th_event": 0.12053229659795761,
    "test_brier_1th_event_n": 452,
    "test_brier_weighted_avg": 0.12448258881482856,
    "test_ipcw_0th_event": 0.6287875043449618,
    "test_ipcw_0th_event_0.25": 0.6274976134300232,
    "test_ipcw_0th_event_0.50": 0.6277474164962769,
    "test_ipcw_0th_event_0.75": 0.6268141269683838,
    "test_ipcw_0th_event_1.00": 0.6311527490615845,
    "test_ipcw_0th_event_n": 1516,
    "test_ipcw_1th_event": 0.6717553695785665,
    "test_ipcw_1th_event_0.25": 0.6699293255805969,
    "test_ipcw_1th_event_0.50": 0.6718526482582092,
    "test_ipcw_1th_event_0.75": 0.6751210689544678,
    "test_ipcw_1th_event_1.00": 0.6696033477783203,
    "test_ipcw_1th_event_n": 1516,
    "test_ipcw_weighted_avg": 0.6502714369617641,
    "test_runtime": 0.5867,
    "test_samples_per_second": 2583.729,
    "test_steps_per_second": 5.113
}