{
    "n": 3,
    "brier": {
        "mean": 0.1105282037394753,
        "variance": 8.297335879561721e-06,
        "sd": 0.0028805096562174066
    },
    "ipcw": {
        "mean": 0.713202610597896,
        "variance": 0.0019416758403207788,
        "sd": 0.04406445098172425
    }
}