{
  "ipcw.mean": 0.713202610597896,
  "brier.mean": 0.1105282037394753
}