{
  "ipcw.mean": 0.656989470777336,
  "brier.mean": 0.17805378509243833
}