{
    "n": 3,
    "brier": {
        "mean": 0.17805378509243833,
        "variance": 8.308613053557693e-06,
        "sd": 0.0028824664878464227
    },
    "ipcw": {
        "mean": 0.656989470777336,
        "variance": 3.3843696976948896e-06,
        "sd": 0.00183966564834344
    }
}