{
    "test_loss": 0.5207563638687134,
    "test_brier_0th_event": 0.08894865214824677,
    "test_brier_0th_event_n": 490,
    "test_brier_1th_event": 0.09775763005018234,
    "test_brier_1th_event_n": 452,
    "test_brier_weighted_avg": 0.09317546532412244,
    "test_ipcw_0th_event": 0.8073254572159837,
    "test_ipcw_0th_event_0.25": 0.8108682632446289,
    "test_ipcw_0th_event_0.50": 0.8078082799911499,
    "test_ipcw_0th_event_0.75": 0.8052976131439209,
    "test_ipcw_0th_event_1.00": 0.8076813817024231,
    "test_ipcw_0th_event_n": 1516,
    "test_ipcw_1th_event": 0.7816296342883763,
    "test_ipcw_1th_event_0.25": 0.7789043188095093,
    "test_ipcw_1th_event_0.50": 0.7818218469619751,
    "test_ipcw_1th_event_0.75": 0.7813191413879395,
    "test_ipcw_1th_event_1.00": 0.7825098633766174,
    "test_ipcw_1th_event_n": 1516,
    "test_ipcw_weighted_avg": 0.79447754575218,
    "test_runtime": 0.7992,
    "test_samples_per_second": 1896.832,
    "test_steps_per_second": 3.754
}