{
  "ipcw.mean": 0.8466052579500728,
  "brier.mean": 0.08512055139843126
}