{
    "n": 3,
    "brier": {
        "mean": 0.08512055139843126,
        "variance": 1.9264156560437466e-06,
        "sd": 0.0013879537658163354
    },
    "ipcw": {
        "mean": 0.8466052579500728,
        "variance": 1.1863861231366953e-05,
        "sd": 0.0034443956264295413
    }
}