{
    "test_loss": 1.3079743385314941,
    "test_brier_0th_event": 0.5772289037704468,
    "test_brier_0th_event_n": 490,
    "test_brier_1th_event": 0.2926056981086731,
    "test_brier_1th_event_n": 452,
    "test_brier_weighted_avg": 0.4406581086970692,
    "test_ipcw_0th_event": 0.4793019442184374,
    "test_ipcw_0th_event_0.25": 0.5044205784797668,
    "test_ipcw_0th_event_0.50": 0.5014079213142395,
    "test_ipcw_0th_event_0.75": 0.4784376919269562,
    "test_ipcw_0th_event_1.00": 0.4623224139213562,
    "test_ipcw_0th_event_n": 1516,
    "test_ipcw_1th_event": 0.5203328295187517,
    "test_ipcw_1th_event_0.25": 0.4500003457069397,
    "test_ipcw_1th_event_0.50": 0.5272383689880371,
    "test_ipcw_1th_event_0.75": 0.5282369256019592,
    "test_ipcw_1th_event_1.00": 0.5296746492385864,
    "test_ipcw_1th_event_n": 1516,
    "test_ipcw_weighted_avg": 0.4998173868685945,
    "test_runtime": 0.7556,
    "test_samples_per_second": 2006.414,
    "test_steps_per_second": 3.97
}