{
  "ipcw.mean": 0.6267120268172219,
  "brier.mean": 0.20298785999840296
}