{
    "n": 3,
    "brier": {
        "mean": 0.20298785999840296,
        "variance": 0.00012676735077248724,
        "sd": 0.011259100797687497
    },
    "ipcw": {
        "mean": 0.6267120268172219,
        "variance": 0.00032369061004529825,
        "sd": 0.01799140378195371
    }
}