{
    "test_loss": 0.5289022326469421,
    "test_brier_0th_event": 0.09137263894081116,
    "test_brier_0th_event_n": 490,
    "test_brier_1th_event": 0.09387490898370743,
    "test_brier_1th_event_n": 452,
    "test_brier_weighted_avg": 0.09257330354738134,
    "test_ipcw_0th_event": 0.8069905347176493,
    "test_ipcw_0th_event_0.25": 0.8040398955345154,
    "test_ipcw_0th_event_0.50": 0.803328275680542,
    "test_ipcw_0th_event_0.75": 0.8078452348709106,
    "test_ipcw_0th_event_1.00": 0.8089342713356018,
    "test_ipcw_0th_event_n": 1516,
    "test_ipcw_1th_event": 0.7944975635614453,
    "test_ipcw_1th_event_0.25": 0.7845635414123535,
    "test_ipcw_1th_event_0.50": 0.7960398197174072,
    "test_ipcw_1th_event_0.75": 0.7935606241226196,
    "test_ipcw_1th_event_1.00": 0.7970864176750183,
    "test_ipcw_1th_event_n": 1516,
    "test_ipcw_weighted_avg": 0.8007440491395473,
    "test_runtime": 0.7734,
    "test_samples_per_second": 1960.257,
    "test_steps_per_second": 3.879
}