{
  "ipcw.mean": 0.8428457838554927,
  "brier.mean": 0.08851581683412778
}