{
    "n": 3,
    "brier": {
        "mean": 0.08851581683412778,
        "variance": 2.3631605682984392e-07,
        "sd": 0.00048612349956553627
    },
    "ipcw": {
        "mean": 0.8428457838554927,
        "variance": 4.499106878469359e-06,
        "sd": 0.0021211098223499316
    }
}