{
  "ipcw.mean": 0.6333540754071175,
  "brier.mean": 0.19556506048911948
}