{
    "n": 3,
    "brier": {
        "mean": 0.19556506048911948,
        "variance": 8.05592591666047e-06,
        "sd": 0.0028382963052966245
    },
    "ipcw": {
        "mean": 0.6333540754071175,
        "variance": 0.0001929269888020976,
        "sd": 0.013889816010376005
    }
}