{
    "n": 3,
    "test_brier_weighted_avg": {
        "mean": 0.11442604623822786,
        "variance": 1.5410002123886247e-06,
        "sd": 0.0012413702962406604
    },
    "test_ipcw_weighted_avg": {
        "mean": 0.6377517209322774,
        "variance": 0.0013725119903231905,
        "sd": 0.03704742892999716
    }
}