{
    "test_loss": 1.432745099067688,
    "test_brier_0th_event": 0.333018034696579,
    "test_brier_0th_event_n": 490,
    "test_brier_1th_event": 0.5169649720191956,
    "test_brier_1th_event_n": 452,
    "test_brier_weighted_avg": 0.4212813209702761,
    "test_ipcw_0th_event": 0.4807689423848278,
    "test_ipcw_0th_event_0.25": 0.4375651478767395,
    "test_ipcw_0th_event_0.50": 0.48569098114967346,
    "test_ipcw_0th_event_0.75": 0.4812198281288147,
    "test_ipcw_0th_event_1.00": 0.48964253067970276,
    "test_ipcw_0th_event_n": 1516,
    "test_ipcw_1th_event": 0.5164767315859702,
    "test_ipcw_1th_event_0.25": 0.5124988555908203,
    "test_ipcw_1th_event_0.50": 0.5188795328140259,
    "test_ipcw_1th_event_0.75": 0.5220758318901062,
    "test_ipcw_1th_event_1.00": 0.5119051933288574,
    "test_ipcw_1th_event_n": 1516,
    "test_ipcw_weighted_avg": 0.498622836985399,
    "test_runtime": 0.5935,
    "test_samples_per_second": 2554.493,
    "test_steps_per_second": 5.055
}