{
  "ipcw.mean": 0.6346356160649753,
  "brier.mean": 0.20231354606954774
}