{
    "n": 3,
    "brier": {
        "mean": 0.20231354606954774,
        "variance": 3.0958679571573148e-06,
        "sd": 0.001759507873570708
    },
    "ipcw": {
        "mean": 0.6346356160649753,
        "variance": 3.816981743891936e-05,
        "sd": 0.00617817266179243
    }
}