{
    "n": 3,
    "test_brier_weighted_avg": {
        "mean": 0.08848138042918526,
        "variance": 2.986997196758717e-05,
        "sd": 0.005465342804215228
    },
    "test_ipcw_weighted_avg": {
        "mean": 0.7986077129871382,
        "variance": 0.0001405947847350896,
        "sd": 0.011857267169760898
    }
}