{
  "ipcw.mean": 0.6087563513239608,
  "brier.mean": 0.21437813593246982
}