{
    "n": 3,
    "brier": {
        "mean": 0.21437813593246982,
        "variance": 1.86530024804069e-05,
        "sd": 0.004318912187160895
    },
    "ipcw": {
        "mean": 0.6087563513239608,
        "variance": 0.00031873759968175936,
        "sd": 0.01785322378960616
    }
}