{
  "ipcw.mean": 0.7735151719647169,
  "brier.mean": 0.09960946644020578
}