{
    "n": 3,
    "brier": {
        "mean": 0.09960946644020578,
        "variance": 4.662714634493287e-05,
        "sd": 0.006828407306607659
    },
    "ipcw": {
        "mean": 0.7735151719647169,
        "variance": 0.0021541998754199924,
        "sd": 0.046413358803473734
    }
}