{
  "ipcw.mean": 0.6437779350496393,
  "brier.mean": 0.20006598908009124
}