{
    "n": 3,
    "brier": {
        "mean": 0.20006598908009124,
        "variance": 2.091587764346329e-06,
        "sd": 0.0014462322650066722
    },
    "ipcw": {
        "mean": 0.6437779350496393,
        "variance": 1.4302725176895435e-06,
        "sd": 0.0011959400142521964
    }
}