{
    "validation": {
        "n": 1,
        "loss": {
            "mean": 0.759505569934845,
            "variance": 0.0,
            "sd": 0.0
        },
        "brier_0th_event": {
            "mean": 0.20794814825057983,
            "variance": 0.0,
            "sd": 0.0
        },
        "brier_0th_event_n": {
            "mean": 253,
            "variance": 0.0,
            "sd": 0.0
        },
        "brier_weighted_avg": {
            "mean": 0.20794814825057983,
            "variance": 0.0,
            "sd": 0.0
        },
        "ipcw_0th_event": {
            "mean": 0.6221320486105633,
            "variance": 0.0,
            "sd": 0.0
        },
        "ipcw_0th_event_0.25": {
            "mean": 0.6162418127059937,
            "variance": 0.0,
            "sd": 0.0
        },
        "ipcw_0th_event_0.50": {
            "mean": 0.6225201487541199,
            "variance": 0.0,
            "sd": 0.0
        },
        "ipcw_0th_event_0.75": {
            "mean": 0.625626802444458,
            "variance": 0.0,
            "sd": 0.0
        },
        "ipcw_0th_event_1.00": {
            "mean": 0.6207600235939026,
            "variance": 0.0,
            "sd": 0.0
        },
        "ipcw_0th_event_n": {
            "mean": 411,
            "variance": 0.0,
            "sd": 0.0
        },
        "ipcw_weighted_avg": {
            "mean": 0.6221320486105633,
            "variance": 0.0,
            "sd": 0.0
        },
        "runtime": {
            "mean": 0.1334,
            "variance": 0.0,
            "sd": 0.0
        },
        "samples_per_second": {
            "mean": 3080.823,
            "variance": 0.0,
            "sd": 0.0
        },
        "steps_per_second": {
            "mean": 7.496,
            "variance": 0.0,
            "sd": 0.0
        }
    }
}