{
    "test_loss": 0.7011562585830688,
    "test_brier_0th_event": 0.19945064187049866,
    "test_brier_0th_event_n": 325,
    "test_brier_weighted_avg": 0.19945064187049866,
    "test_ipcw_0th_event": 0.5857844284726578,
    "test_ipcw_0th_event_0.25": 0.5765167474746704,
    "test_ipcw_0th_event_0.50": 0.591121256351471,
    "test_ipcw_0th_event_0.75": 0.5943462252616882,
    "test_ipcw_0th_event_1.00": 0.5788843035697937,
    "test_ipcw_0th_event_n": 567,
    "test_ipcw_weighted_avg": 0.5857844284726578,
    "test_runtime": 0.2068,
    "test_samples_per_second": 2741.274,
    "test_steps_per_second": 9.669
}