{
    "n": 3,
    "test_brier_weighted_avg": {
        "mean": 0.10263669819154042,
        "variance": 0.00017558015633203916,
        "sd": 0.013250666259929694
    },
    "test_ipcw_weighted_avg": {
        "mean": 0.6865068730769988,
        "variance": 0.008379665695684432,
        "sd": 0.09154051395794341
    }
}