{
    "n": 3,
    "brier": {
        "mean": 0.08835689580195247,
        "variance": 5.423444883323096e-07,
        "sd": 0.0007364404173674266
    },
    "ipcw": {
        "mean": 0.8434895727422587,
        "variance": 2.6897711139814573e-06,
        "sd": 0.001640052168067058
    }
}