{
  "ipcw.mean": 0.8434895727422587,
  "brier.mean": 0.08835689580195247
}