{
  "ipcw.mean": 0.6396338753501897,
  "brier.mean": 0.19580152431214934
}