{
    "n": 3,
    "brier": {
        "mean": 0.19580152431214934,
        "variance": 1.5950355609285435e-05,
        "sd": 0.003993789630073852
    },
    "ipcw": {
        "mean": 0.6396338753501897,
        "variance": 0.0004378046754489457,
        "sd": 0.020923782532060155
    }
}