{
  "ipcw.mean": 0.8435106614468497,
  "brier.mean": 0.08713097679798402
}