{
    "n": 3,
    "brier": {
        "mean": 0.08713097679798402,
        "variance": 7.056871613471892e-07,
        "sd": 0.0008400518801521661
    },
    "ipcw": {
        "mean": 0.8435106614468497,
        "variance": 2.1932173096508487e-06,
        "sd": 0.001480951487946465
    }
}