{
  "ipcw.mean": 0.79181071157557,
  "brier.mean": 0.09317299544874237
}