{
    "n": 3,
    "brier": {
        "mean": 0.09317299544874237,
        "variance": 0.00013114894119247737,
        "sd": 0.011452027820105808
    },
    "ipcw": {
        "mean": 0.79181071157557,
        "variance": 0.007294876938930594,
        "sd": 0.08541005174410442
    }
}