{
  "ipcw.mean": 0.604710753218929,
  "brier.mean": 0.2080888708836133
}