{
    "n": 3,
    "brier": {
        "mean": 0.2080888708836133,
        "variance": 0.00014835059537234482,
        "sd": 0.012179925918179667
    },
    "ipcw": {
        "mean": 0.604710753218929,
        "variance": 0.0020995409152878416,
        "sd": 0.04582074765090419
    }
}