{
    "n": 3,
    "brier": {
        "mean": 0.19185442263255437,
        "variance": 1.1361149612920308e-05,
        "sd": 0.00337063044739709
    },
    "ipcw": {
        "mean": 0.6652938609956052,
        "variance": 3.189145672752357e-05,
        "sd": 0.005647252139538624
    }
}