{
  "ipcw.mean": 0.6652938609956052,
  "brier.mean": 0.19185442263255437
}