{
  "ipcw.mean": 0.658507002837898,
  "brier.mean": 0.18994799135198254
}