{
    "n": 3,
    "brier": {
        "mean": 0.18994799135198254,
        "variance": 3.1482689396610843e-06,
        "sd": 0.0017743361969088847
    },
    "ipcw": {
        "mean": 0.658507002837898,
        "variance": 8.453493593229559e-05,
        "sd": 0.009194288223255544
    }
}