{
    "n": 3,
    "brier": {
        "mean": 0.08193943416616038,
        "variance": 5.842021702378757e-06,
        "sd": 0.0024170274517222095
    },
    "ipcw": {
        "mean": 0.8432969839768678,
        "variance": 0.00011221345570423474,
        "sd": 0.010593085277870406
    }
}