{
  "ipcw.mean": 0.8432969839768678,
  "brier.mean": 0.08193943416616038
}