{
    "n": 3,
    "test_brier_weighted_avg": {
        "mean": 0.43446803329600997,
        "variance": 0.010694143503400208,
        "sd": 0.10341249200846196
    },
    "test_ipcw_weighted_avg": {
        "mean": 0.5055467756980345,
        "variance": 0.0006992189819221822,
        "sd": 0.0264427491369975
    }
}