{
  "ipcw.mean": 0.6649306115360654,
  "brier.mean": 0.18628145406399177
}