{
    "n": 3,
    "brier": {
        "mean": 0.18628145406399177,
        "variance": 1.9221748733047995e-06,
        "sd": 0.001386425213743893
    },
    "ipcw": {
        "mean": 0.6649306115360654,
        "variance": 5.54767442398371e-05,
        "sd": 0.007448271224910993
    }
}