{
  "ipcw.mean": 0.5702363699767438,
  "brier.mean": 0.22106771393687283
}