{
    "n": 3,
    "brier": {
        "mean": 0.22106771393687283,
        "variance": 2.723234916726862e-06,
        "sd": 0.0016502226870113202
    },
    "ipcw": {
        "mean": 0.5702363699767438,
        "variance": 0.00035331096224339013,
        "sd": 0.018796567831478973
    }
}