{
    "validation": {
        "n": 1,
        "loss": {
            "mean": 0.6985545754432678,
            "variance": 0.0,
            "sd": 0.0
        },
        "brier_0th_event": {
            "mean": 0.1947786808013916,
            "variance": 0.0,
            "sd": 0.0
        },
        "brier_0th_event_n": {
            "mean": 278,
            "variance": 0.0,
            "sd": 0.0
        },
        "brier_weighted_avg": {
            "mean": 0.1947786808013916,
            "variance": 0.0,
            "sd": 0.0
        },
        "ipcw_0th_event": {
            "mean": 0.6083592514710865,
            "variance": 0.0,
            "sd": 0.0
        },
        "ipcw_0th_event_0.25": {
            "mean": 0.608514130115509,
            "variance": 0.0,
            "sd": 0.0
        },
        "ipcw_0th_event_0.50": {
            "mean": 0.6184225678443909,
            "variance": 0.0,
            "sd": 0.0
        },
        "ipcw_0th_event_0.75": {
            "mean": 0.6178187131881714,
            "variance": 0.0,
            "sd": 0.0
        },
        "ipcw_0th_event_1.00": {
            "mean": 0.5963864922523499,
            "variance": 0.0,
            "sd": 0.0
        },
        "ipcw_0th_event_n": {
            "mean": 453,
            "variance": 0.0,
            "sd": 0.0
        },
        "ipcw_weighted_avg": {
            "mean": 0.6083592514710865,
            "variance": 0.0,
            "sd": 0.0
        },
        "runtime": {
            "mean": 0.1562,
            "variance": 0.0,
            "sd": 0.0
        },
        "samples_per_second": {
            "mean": 2900.222,
            "variance": 0.0,
            "sd": 0.0
        },
        "steps_per_second": {
            "mean": 6.402,
            "variance": 0.0,
            "sd": 0.0
        }
    }
}