{
    "n": 3,
    "brier": {
        "mean": 0.0,
        "variance": 0.0,
        "sd": 0.0
    },
    "ipcw": {
        "mean": 0.6425110397425321,
        "variance": 3.897201427590644e-05,
        "sd": 0.006242756945125001
    }
}