{
  "ipcw.mean": 0.6748068245933297,
  "brier.mean": 0.1750175908837226
}