{
    "n": 3,
    "brier": {
        "mean": 0.1750175908837226,
        "variance": 5.338956307911434e-06,
        "sd": 0.002310618165753795
    },
    "ipcw": {
        "mean": 0.6748068245933297,
        "variance": 0.00010252055147113814,
        "sd": 0.010125243279602627
    }
}