{
    "test_loss": 0.7300130128860474,
    "test_brier_0th_event": 0.2101524919271469,
    "test_brier_0th_event_n": 325,
    "test_brier_weighted_avg": 0.2101524919271469,
    "test_ipcw_0th_event": 0.5779037143564918,
    "test_ipcw_0th_event_0.25": 0.5541065335273743,
    "test_ipcw_0th_event_0.50": 0.5673507452011108,
    "test_ipcw_0th_event_0.75": 0.5738714933395386,
    "test_ipcw_0th_event_1.00": 0.5925137400627136,
    "test_ipcw_0th_event_n": 567,
    "test_ipcw_weighted_avg": 0.5779037143564918,
    "test_runtime": 0.2582,
    "test_samples_per_second": 2195.766,
    "test_steps_per_second": 7.745
}