{
  "ipcw.mean": 0.8414253424295689,
  "brier.mean": 0.08514458870876182
}