{
    "n": 3,
    "brier": {
        "mean": 0.08514458870876182,
        "variance": 6.627833680043672e-08,
        "sd": 0.0002574457939070606
    },
    "ipcw": {
        "mean": 0.8414253424295689,
        "variance": 8.404848713656506e-06,
        "sd": 0.002899111711137828
    }
}