{
    "n": 3,
    "test_brier_weighted_avg": {
        "mean": 0.20607198774814606,
        "variance": 8.693386680080906e-06,
        "sd": 0.00294845496490635
    },
    "test_ipcw_weighted_avg": {
        "mean": 0.6293929204778251,
        "variance": 4.235197177995854e-05,
        "sd": 0.006507839255848176
    }
}