{
  "ipcw.mean": 0.5913214575940762,
  "brier.mean": 0.20424923559770222
}