{
    "n": 3,
    "brier": {
        "mean": 0.20424923559770222,
        "variance": 3.346108819532949e-05,
        "sd": 0.0057845560067588155
    },
    "ipcw": {
        "mean": 0.5913214575940762,
        "variance": 0.0002943711451299654,
        "sd": 0.017157247597734477
    }
}