{
    "n": 3,
    "test_brier_weighted_avg": {
        "mean": 0.08622514162659194,
        "variance": 3.442011092552108e-06,
        "sd": 0.001855265774101411
    },
    "test_ipcw_weighted_avg": {
        "mean": 0.8015089803954237,
        "variance": 3.135713536301965e-05,
        "sd": 0.005599744222999802
    }
}