{
    "n": 3,
    "brier": {
        "mean": 0.1948290730602953,
        "variance": 6.869712328307672e-06,
        "sd": 0.0026210136070435944
    },
    "ipcw": {
        "mean": 0.677373457690295,
        "variance": 2.122034259263634e-06,
        "sd": 0.001456720377856929
    }
}