{
  "ipcw.mean": 0.677373457690295,
  "brier.mean": 0.1948290730602953
}