{
    "test_loss": 0.762631893157959,
    "test_brier_0th_event": 0.20537416636943817,
    "test_brier_0th_event_n": 325,
    "test_brier_weighted_avg": 0.20537416636943817,
    "test_ipcw_0th_event": 0.6038712220429217,
    "test_ipcw_0th_event_0.25": 0.6023199558258057,
    "test_ipcw_0th_event_0.50": 0.6024100184440613,
    "test_ipcw_0th_event_0.75": 0.6025682687759399,
    "test_ipcw_0th_event_1.00": 0.6060162782669067,
    "test_ipcw_0th_event_n": 567,
    "test_ipcw_weighted_avg": 0.6038712220429217,
    "test_runtime": 0.2028,
    "test_samples_per_second": 2796.038,
    "test_steps_per_second": 9.863
}