{
    "test_loss": 0.5736827254295349,
    "test_brier_0th_event": 0.11449549347162247,
    "test_brier_0th_event_n": 490,
    "test_brier_1th_event": 0.10746044665575027,
    "test_brier_1th_event_n": 452,
    "test_brier_weighted_avg": 0.11111986591241416,
    "test_ipcw_0th_event": 0.7521584026738339,
    "test_ipcw_0th_event_0.25": 0.7286686301231384,
    "test_ipcw_0th_event_0.50": 0.7501128315925598,
    "test_ipcw_0th_event_0.75": 0.7552313208580017,
    "test_ipcw_0th_event_1.00": 0.7571468949317932,
    "test_ipcw_0th_event_n": 1516,
    "test_ipcw_1th_event": 0.7520281354957652,
    "test_ipcw_1th_event_0.25": 0.7415124773979187,
    "test_ipcw_1th_event_0.50": 0.751846969127655,
    "test_ipcw_1th_event_0.75": 0.7563986778259277,
    "test_ipcw_1th_event_1.00": 0.7516393661499023,
    "test_ipcw_1th_event_n": 1516,
    "test_ipcw_weighted_avg": 0.7520932690847996,
    "test_runtime": 0.752,
    "test_samples_per_second": 2015.89,
    "test_steps_per_second": 3.989
}