{
  "ipcw.mean": 0.6219542901851921,
  "brier.mean": 0.19544591065913394
}