{
    "n": 3,
    "brier": {
        "mean": 0.19544591065913394,
        "variance": 1.7699951492072138e-05,
        "sd": 0.004207131028631285
    },
    "ipcw": {
        "mean": 0.6219542901851921,
        "variance": 5.083442083645594e-06,
        "sd": 0.002254648993445675
    }
}