{
  "ipcw.mean": 0.8467498874881746,
  "brier.mean": 0.08210343596295169
}