{
    "n": 3,
    "brier": {
        "mean": 0.08210343596295169,
        "variance": 9.140649359092583e-06,
        "sd": 0.0030233506841073833
    },
    "ipcw": {
        "mean": 0.8467498874881746,
        "variance": 8.140909235718529e-06,
        "sd": 0.002853227862565226
    }
}