{
    "test_loss": 0.7453737258911133,
    "test_brier_0th_event": 0.13367971777915955,
    "test_brier_0th_event_n": 490,
    "test_brier_1th_event": 0.1206754595041275,
    "test_brier_1th_event_n": 452,
    "test_brier_weighted_avg": 0.12743988259835862,
    "test_ipcw_0th_event": 0.6110207781063133,
    "test_ipcw_0th_event_0.25": 0.6317166090011597,
    "test_ipcw_0th_event_0.50": 0.5959014892578125,
    "test_ipcw_0th_event_0.75": 0.6026721000671387,
    "test_ipcw_0th_event_1.00": 0.6192540526390076,
    "test_ipcw_0th_event_n": 1516,
    "test_ipcw_1th_event": 0.7240493596866158,
    "test_ipcw_1th_event_0.25": 0.717606782913208,
    "test_ipcw_1th_event_0.50": 0.7432152628898621,
    "test_ipcw_1th_event_0.75": 0.7153815627098083,
    "test_ipcw_1th_event_1.00": 0.7218239903450012,
    "test_ipcw_1th_event_n": 1516,
    "test_ipcw_weighted_avg": 0.6675350688964645,
    "test_runtime": 0.6315,
    "test_samples_per_second": 2400.729,
    "test_steps_per_second": 4.751
}