{
    "n": 3,
    "brier": {
        "mean": 0.1831298215534836,
        "variance": 2.1302966593830384e-05,
        "sd": 0.004615513686885825
    },
    "ipcw": {
        "mean": 0.6854631850971493,
        "variance": 3.142194680989181e-05,
        "sd": 0.005605528236472617
    }
}