{
  "ipcw.mean": 0.6854631850971493,
  "brier.mean": 0.1831298215534836
}