{
    "n": 3,
    "brier": {
        "mean": 0.08202634955851919,
        "variance": 1.1045667611433192e-05,
        "sd": 0.0033235023110317215
    },
    "ipcw": {
        "mean": 0.8556187332433669,
        "variance": 3.005790403171832e-06,
        "sd": 0.0017337215471845044
    }
}