{
  "ipcw.mean": 0.8556187332433669,
  "brier.mean": 0.08202634955851919
}