{
    "test_loss": 0.5431265830993652,
    "test_brier_0th_event": 0.10612368583679199,
    "test_brier_0th_event_n": 490,
    "test_brier_1th_event": 0.10156579315662384,
    "test_brier_1th_event_n": 452,
    "test_brier_weighted_avg": 0.10393667151467309,
    "test_ipcw_0th_event": 0.7813103014457197,
    "test_ipcw_0th_event_0.25": 0.7786842584609985,
    "test_ipcw_0th_event_0.50": 0.7804110646247864,
    "test_ipcw_0th_event_0.75": 0.7816944718360901,
    "test_ipcw_0th_event_1.00": 0.7821667790412903,
    "test_ipcw_0th_event_n": 1516,
    "test_ipcw_1th_event": 0.7823377149329919,
    "test_ipcw_1th_event_0.25": 0.7834792137145996,
    "test_ipcw_1th_event_0.50": 0.782146155834198,
    "test_ipcw_1th_event_0.75": 0.7819985747337341,
    "test_ipcw_1th_event_1.00": 0.782393217086792,
    "test_ipcw_1th_event_n": 1516,
    "test_ipcw_weighted_avg": 0.7818240081893557,
    "test_runtime": 0.5738,
    "test_samples_per_second": 2642.214,
    "test_steps_per_second": 5.229
}