{
    "n": 3,
    "brier": {
        "mean": 0.20008176965633087,
        "variance": 7.555188970041819e-06,
        "sd": 0.002748670400401223
    },
    "ipcw": {
        "mean": 0.6443982781586823,
        "variance": 0.00041264195668090425,
        "sd": 0.020313590442876027
    }
}