{
  "ipcw.mean": 0.6443982781586823,
  "brier.mean": 0.20008176965633087
}