{
    "n": 3,
    "brier": {
        "mean": 0.0,
        "variance": 0.0,
        "sd": 0.0
    },
    "ipcw": {
        "mean": 0.6401121276048345,
        "variance": 2.1430599945035057e-05,
        "sd": 0.0046293195984977165
    }
}