{
    "n": 3,
    "test_brier_weighted_avg": {
        "mean": 0.08788594213327963,
        "variance": 1.838544232467888e-05,
        "sd": 0.004287824894358313
    },
    "test_ipcw_weighted_avg": {
        "mean": 0.7960865809604785,
        "variance": 9.381703749409835e-05,
        "sd": 0.009685919548194604
    }
}