{
    "test_loss": 0.5553377866744995,
    "test_brier_0th_event": 0.11636583507061005,
    "test_brier_0th_event_n": 490,
    "test_brier_1th_event": 0.09205257147550583,
    "test_brier_1th_event_n": 452,
    "test_brier_weighted_avg": 0.10469959818633498,
    "test_ipcw_0th_event": 0.7100255313956554,
    "test_ipcw_0th_event_0.25": 0.7070798277854919,
    "test_ipcw_0th_event_0.50": 0.708594560623169,
    "test_ipcw_0th_event_0.75": 0.7096467018127441,
    "test_ipcw_0th_event_1.00": 0.7118120193481445,
    "test_ipcw_0th_event_n": 1516,
    "test_ipcw_1th_event": 0.7905906511244373,
    "test_ipcw_1th_event_0.25": 0.7836241722106934,
    "test_ipcw_1th_event_0.50": 0.7924008369445801,
    "test_ipcw_1th_event_0.75": 0.7920885682106018,
    "test_ipcw_1th_event_1.00": 0.790336012840271,
    "test_ipcw_1th_event_n": 1516,
    "test_ipcw_weighted_avg": 0.7503080912600463,
    "test_runtime": 0.5798,
    "test_samples_per_second": 2614.708,
    "test_steps_per_second": 5.174
}