{
    "n": 3,
    "validation_brier_weighted_avg": {
        "mean": 0.1863569269577662,
        "variance": 0.00011457386811615965,
        "sd": 0.010703918353395622
    },
    "validation_ipcw_weighted_avg": {
        "mean": 0.629150816907245,
        "variance": 0.00033143306733937,
        "sd": 0.018205303275127552
    }
}