{
    "n": 3,
    "test_brier_weighted_avg": {
        "mean": 0.18992316722869873,
        "variance": 0.00011283552213137149,
        "sd": 0.010622406607326397
    },
    "test_ipcw_weighted_avg": {
        "mean": 0.6184791081857618,
        "variance": 8.249341052523146e-05,
        "sd": 0.009082588316401413
    }
}