{
    "test_loss": 0.7077867984771729,
    "test_brier_0th_event": 0.19936563074588776,
    "test_brier_0th_event_n": 325,
    "test_brier_weighted_avg": 0.19936563074588776,
    "test_ipcw_0th_event": 0.6025046916696633,
    "test_ipcw_0th_event_0.25": 0.6053754687309265,
    "test_ipcw_0th_event_0.50": 0.5990500450134277,
    "test_ipcw_0th_event_0.75": 0.6028159856796265,
    "test_ipcw_0th_event_1.00": 0.6032771468162537,
    "test_ipcw_0th_event_n": 567,
    "test_ipcw_weighted_avg": 0.6025046916696633,
    "test_runtime": 0.1803,
    "test_samples_per_second": 3144.547,
    "test_steps_per_second": 11.092
}