{
    "n": 3,
    "test_brier_weighted_avg": {
        "mean": 0.19150710105895996,
        "variance": 0.00015033855401536123,
        "sd": 0.012261262333681685
    },
    "test_ipcw_weighted_avg": {
        "mean": 0.635210192380732,
        "variance": 0.00013888329494252298,
        "sd": 0.011784875686341498
    }
}