{
    "test_loss": 0.6941730976104736,
    "test_brier_0th_event": 0.19369889795780182,
    "test_brier_0th_event_n": 325,
    "test_brier_weighted_avg": 0.19369889795780182,
    "test_ipcw_0th_event": 0.60624614278379,
    "test_ipcw_0th_event_0.25": 0.6119791269302368,
    "test_ipcw_0th_event_0.50": 0.6125029921531677,
    "test_ipcw_0th_event_0.75": 0.6113505363464355,
    "test_ipcw_0th_event_1.00": 0.5976613759994507,
    "test_ipcw_0th_event_n": 567,
    "test_ipcw_weighted_avg": 0.60624614278379,
    "test_runtime": 0.1879,
    "test_samples_per_second": 3016.857,
    "test_steps_per_second": 10.641
}