{
    "n": 3,
    "test_brier_weighted_avg": {
        "mean": 0.20692757268746695,
        "variance": 4.8449399416468876e-05,
        "sd": 0.006960560280355948
    },
    "test_ipcw_weighted_avg": {
        "mean": 0.5988459772295527,
        "variance": 0.0015821362098997547,
        "sd": 0.039776075848426205
    }
}