{
    "test_loss": 0.7487857937812805,
    "test_brier_0th_event": 0.20607435703277588,
    "test_brier_0th_event_n": 325,
    "test_brier_weighted_avg": 0.20607435703277588,
    "test_ipcw_0th_event": 0.6085309098357136,
    "test_ipcw_0th_event_0.25": 0.6086494326591492,
    "test_ipcw_0th_event_0.50": 0.6088384389877319,
    "test_ipcw_0th_event_0.75": 0.6074097752571106,
    "test_ipcw_0th_event_1.00": 0.6092065572738647,
    "test_ipcw_0th_event_n": 567,
    "test_ipcw_weighted_avg": 0.6085309098357136,
    "test_runtime": 0.1827,
    "test_samples_per_second": 3103.178,
    "test_steps_per_second": 10.946
}