{
    "n": 3,
    "brier": {
        "mean": 0.21835857563059172,
        "variance": 2.680275432269213e-06,
        "sd": 0.0016371546757314084
    },
    "ipcw": {
        "mean": 0.6229743248412062,
        "variance": 0.00011954807589759743,
        "sd": 0.010933804273792239
    }
}