{
  "ipcw.mean": 0.6229743248412062,
  "brier.mean": 0.21835857563059172
}