{
  "ipcw.mean": 0.845188199729971,
  "brier.mean": 0.08334077593258034
}