{
    "n": 3,
    "brier": {
        "mean": 0.08334077593258034,
        "variance": 1.5786145212121388e-06,
        "sd": 0.0012564292742578624
    },
    "ipcw": {
        "mean": 0.845188199729971,
        "variance": 1.0903895547768973e-07,
        "sd": 0.0003302104714840063
    }
}