{
    "n": 3,
    "test_brier_weighted_avg": {
        "mean": 0.2789186402888281,
        "variance": 0.04069382489683689,
        "sd": 0.20172710501277932
    },
    "test_ipcw_weighted_avg": {
        "mean": 0.49002031390004763,
        "variance": 0.00015733178265068208,
        "sd": 0.01254319666794243
    }
}