{
    "test_loss": 0.6860789060592651,
    "test_brier_0th_event": 0.19363345205783844,
    "test_brier_0th_event_n": 325,
    "test_brier_weighted_avg": 0.19363345205783844,
    "test_ipcw_0th_event": 0.5871913679739804,
    "test_ipcw_0th_event_0.25": 0.5975016951560974,
    "test_ipcw_0th_event_0.50": 0.5961682200431824,
    "test_ipcw_0th_event_0.75": 0.5923243761062622,
    "test_ipcw_0th_event_1.00": 0.5760205984115601,
    "test_ipcw_0th_event_n": 567,
    "test_ipcw_weighted_avg": 0.5871913679739804,
    "test_runtime": 0.1834,
    "test_samples_per_second": 3092.248,
    "test_steps_per_second": 10.907
}