{
    "test_loss": 0.5366330742835999,
    "test_brier_0th_event": 0.0959777757525444,
    "test_brier_0th_event_n": 490,
    "test_brier_1th_event": 0.1009550467133522,
    "test_brier_1th_event_n": 452,
    "test_brier_weighted_avg": 0.0983660204173906,
    "test_ipcw_0th_event": 0.8015767898208785,
    "test_ipcw_0th_event_0.25": 0.8034961223602295,
    "test_ipcw_0th_event_0.50": 0.8015034794807434,
    "test_ipcw_0th_event_0.75": 0.7990201711654663,
    "test_ipcw_0th_event_1.00": 0.8030471801757812,
    "test_ipcw_0th_event_n": 1516,
    "test_ipcw_1th_event": 0.7946100292716274,
    "test_ipcw_1th_event_0.25": 0.7979425191879272,
    "test_ipcw_1th_event_0.50": 0.7963640689849854,
    "test_ipcw_1th_event_0.75": 0.7948628664016724,
    "test_ipcw_1th_event_1.00": 0.792522668838501,
    "test_ipcw_1th_event_n": 1516,
    "test_ipcw_weighted_avg": 0.7980934095462529,
    "test_runtime": 0.5874,
    "test_samples_per_second": 2580.742,
    "test_steps_per_second": 5.107
}