{
  "ipcw.mean": 0.625025760700598,
  "brier.mean": 0.21080141808251232
}