{
    "n": 3,
    "brier": {
        "mean": 0.21080141808251232,
        "variance": 2.2305980261939093e-06,
        "sd": 0.0014935186728641558
    },
    "ipcw": {
        "mean": 0.625025760700598,
        "variance": 0.00016715939593053868,
        "sd": 0.012929013726133122
    }
}