{
    "n": 3,
    "brier": {
        "mean": 0.12004363809956133,
        "variance": 9.402107904400862e-07,
        "sd": 0.0009696446722589086
    },
    "ipcw": {
        "mean": 0.5336771081299807,
        "variance": 8.818355884370648e-05,
        "sd": 0.009390610142248824
    }
}