{
  "ipcw.mean": 0.5336771081299807,
  "brier.mean": 0.12004363809956133
}