{
    "test_loss": 0.7104710340499878,
    "test_brier_0th_event": 0.13366730511188507,
    "test_brier_0th_event_n": 490,
    "test_brier_1th_event": 0.1502402126789093,
    "test_brier_1th_event_n": 452,
    "test_brier_weighted_avg": 0.14161948581283512,
    "test_ipcw_0th_event": 0.5579832218882531,
    "test_ipcw_0th_event_0.25": 0.48486456274986267,
    "test_ipcw_0th_event_0.50": 0.49645888805389404,
    "test_ipcw_0th_event_0.75": 0.6017894148826599,
    "test_ipcw_0th_event_1.00": 0.5745046734809875,
    "test_ipcw_0th_event_n": 1516,
    "test_ipcw_1th_event": 0.5405890652965264,
    "test_ipcw_1th_event_0.25": 0.5833081603050232,
    "test_ipcw_1th_event_0.50": 0.4481036365032196,
    "test_ipcw_1th_event_0.75": 0.5593304634094238,
    "test_ipcw_1th_event_1.00": 0.5659616589546204,
    "test_ipcw_1th_event_n": 1516,
    "test_ipcw_weighted_avg": 0.5492861435923897,
    "test_runtime": 0.584,
    "test_samples_per_second": 2595.909,
    "test_steps_per_second": 5.137
}