{
    "n": 3,
    "brier": {
        "mean": 0.08194400034249322,
        "variance": 5.25411568493188e-07,
        "sd": 0.000724852790912188
    },
    "ipcw": {
        "mean": 0.8610122223895634,
        "variance": 1.270977972911525e-05,
        "sd": 0.0035650778012709977
    }
}