{
  "ipcw.mean": 0.8610122223895634,
  "brier.mean": 0.08194400034249322
}