{
    "n": 3,
    "brier": {
        "mean": 0.1952239064464101,
        "variance": 9.216225448615862e-05,
        "sd": 0.009600117420435993
    },
    "ipcw": {
        "mean": 0.6282595901936224,
        "variance": 0.0009196928310504495,
        "sd": 0.030326437823299485
    }
}