{
  "ipcw.mean": 0.6282595901936224,
  "brier.mean": 0.1952239064464101
}