{
    "n": 3,
    "test_brier_weighted_avg": {
        "mean": 0.11926923093200198,
        "variance": 1.0001290247477352e-05,
        "sd": 0.0031624816596270327
    },
    "test_ipcw_weighted_avg": {
        "mean": 0.6492470676175313,
        "variance": 0.0026965370426726954,
        "sd": 0.05192819121318107
    }
}