{
    "n": 3,
    "brier": {
        "mean": 0.10395180243642031,
        "variance": 4.4476875739176276e-06,
        "sd": 0.0021089541422035776
    },
    "ipcw": {
        "mean": 0.7688558097183831,
        "variance": 1.4921137887191302e-05,
        "sd": 0.0038627888742709332
    }
}