{
  "ipcw.mean": 0.7688558097183831,
  "brier.mean": 0.10395180243642031
}