{
    "n": 3,
    "brier": {
        "mean": 0.10372187715588306,
        "variance": 9.255065919495882e-05,
        "sd": 0.009620325316482745
    },
    "ipcw": {
        "mean": 0.8370700608731857,
        "variance": 9.031088399561062e-06,
        "sd": 0.00300517693315403
    }
}