{
  "ipcw.mean": 0.8370700608731857,
  "brier.mean": 0.10372187715588306
}