{
    "n": 3,
    "test_brier_weighted_avg": {
        "mean": 0.08492726350032437,
        "variance": 2.5720860576734967e-06,
        "sd": 0.001603772445727104
    },
    "test_ipcw_weighted_avg": {
        "mean": 0.7965557776810073,
        "variance": 2.835215934741637e-05,
        "sd": 0.005324674576668171
    }
}