{
  "ipcw.mean": 0.850456858518027,
  "brier.mean": 0.08333748423944742
}