{
    "n": 3,
    "brier": {
        "mean": 0.08333748423944742,
        "variance": 2.2931910674696207e-07,
        "sd": 0.0004788727458803247
    },
    "ipcw": {
        "mean": 0.850456858518027,
        "variance": 2.0096281362669147e-07,
        "sd": 0.00044828876143250735
    }
}