{
    "n": 3,
    "brier": {
        "mean": 0.2061304131112958,
        "variance": 7.588325777960232e-07,
        "sd": 0.0008711099688305852
    },
    "ipcw": {
        "mean": 0.6178405572977638,
        "variance": 0.00018454465500699962,
        "sd": 0.013584721381279766
    }
}