{
  "ipcw.mean": 0.6178405572977638,
  "brier.mean": 0.2061304131112958
}