{
    "test_loss": 0.7705658674240112,
    "test_brier_0th_event": 0.2106466293334961,
    "test_brier_0th_event_n": 325,
    "test_brier_weighted_avg": 0.2106466293334961,
    "test_ipcw_0th_event": 0.6035755666569598,
    "test_ipcw_0th_event_0.25": 0.6072368025779724,
    "test_ipcw_0th_event_0.50": 0.6057509183883667,
    "test_ipcw_0th_event_0.75": 0.6047506928443909,
    "test_ipcw_0th_event_1.00": 0.6006209254264832,
    "test_ipcw_0th_event_n": 567,
    "test_ipcw_weighted_avg": 0.6035755666569598,
    "test_runtime": 0.2414,
    "test_samples_per_second": 2348.984,
    "test_steps_per_second": 8.286
}