{
    "n": 3,
    "brier": {
        "mean": 0.0,
        "variance": 0.0,
        "sd": 0.0
    },
    "ipcw": {
        "mean": 0.6392934582910439,
        "variance": 4.0787131519086746e-05,
        "sd": 0.006386480370210712
    }
}