{
  "ipcw.mean": 0.6357216022664682,
  "brier.mean": 0.2055229942582819
}