{
    "n": 3,
    "brier": {
        "mean": 0.2055229942582819,
        "variance": 7.507986950447686e-07,
        "sd": 0.0008664864078822982
    },
    "ipcw": {
        "mean": 0.6357216022664682,
        "variance": 2.4534357485075497e-05,
        "sd": 0.004953216882499241
    }
}