{
    "n": 3,
    "test_brier_weighted_avg": {
        "mean": 0.44878455644411774,
        "variance": 0.018165735023638538,
        "sd": 0.13478032135159249
    },
    "test_ipcw_weighted_avg": {
        "mean": 0.5000198933595947,
        "variance": 0.00013636916861167265,
        "sd": 0.011677721036729411
    }
}