{
    "n": 3,
    "test_brier_weighted_avg": {
        "mean": 0.11377236530902132,
        "variance": 8.525988347731961e-06,
        "sd": 0.0029199295107471277
    },
    "test_ipcw_weighted_avg": {
        "mean": 0.6233485984368266,
        "variance": 0.0002149972907617713,
        "sd": 0.01466278591406733
    }
}