{
    "n": 3,
    "test_brier_weighted_avg": {
        "mean": 0.09098578713706348,
        "variance": 1.5089516118785053e-05,
        "sd": 0.0038845226371827276
    },
    "test_ipcw_weighted_avg": {
        "mean": 0.797803251657202,
        "variance": 3.648384228824399e-05,
        "sd": 0.006040185617035621
    }
}