{
    "test_loss": 0.5801430940628052,
    "test_brier_0th_event": 0.10618264228105545,
    "test_brier_0th_event_n": 490,
    "test_brier_1th_event": 0.1191239058971405,
    "test_brier_1th_event_n": 452,
    "test_brier_weighted_avg": 0.11239225072529159,
    "test_ipcw_0th_event": 0.7421290462500836,
    "test_ipcw_0th_event_0.25": 0.7403576970100403,
    "test_ipcw_0th_event_0.50": 0.7379611134529114,
    "test_ipcw_0th_event_0.75": 0.7402244210243225,
    "test_ipcw_0th_event_1.00": 0.7461099028587341,
    "test_ipcw_0th_event_n": 1516,
    "test_ipcw_1th_event": 0.6793702240200902,
    "test_ipcw_1th_event_0.25": 0.6778112649917603,
    "test_ipcw_1th_event_0.50": 0.6777100563049316,
    "test_ipcw_1th_event_0.75": 0.6779468059539795,
    "test_ipcw_1th_event_1.00": 0.6818225383758545,
    "test_ipcw_1th_event_n": 1516,
    "test_ipcw_weighted_avg": 0.7107496351350869,
    "test_runtime": 0.6554,
    "test_samples_per_second": 2313.204,
    "test_steps_per_second": 4.578
}