{
    "n": 3,
    "brier": {
        "mean": 0.1983313952905586,
        "variance": 1.2436449428379819e-05,
        "sd": 0.0035265350456758285
    },
    "ipcw": {
        "mean": 0.6294390218816172,
        "variance": 4.344932772127522e-05,
        "sd": 0.006591610404239257
    }
}