{
  "ipcw.mean": 0.6294390218816172,
  "brier.mean": 0.1983313952905586
}