{
  "ipcw.mean": 0.8423315264366095,
  "brier.mean": 0.08583592854695192
}