{
    "n": 3,
    "brier": {
        "mean": 0.08583592854695192,
        "variance": 3.6234317730021827e-07,
        "sd": 0.000601949480687722
    },
    "ipcw": {
        "mean": 0.8423315264366095,
        "variance": 5.128227421192677e-07,
        "sd": 0.0007161164305608884
    }
}