{
    "n": 3,
    "brier": {
        "mean": 0.2069664085134744,
        "variance": 2.6882503846342494e-05,
        "sd": 0.0051848340230274004
    },
    "ipcw": {
        "mean": 0.5929499114121194,
        "variance": 0.0043402777378896236,
        "sd": 0.06588078428411143
    }
}