{
  "ipcw.mean": 0.5929499114121194,
  "brier.mean": 0.2069664085134744
}