{
    "n": 3,
    "brier": {
        "mean": 0.0,
        "variance": 0.0,
        "sd": 0.0
    },
    "ipcw": {
        "mean": 0.6232785734109169,
        "variance": 0.0009806249983646262,
        "sd": 0.031314932514131755
    }
}