{
    "n": 3,
    "brier": {
        "mean": 0.12278046483909578,
        "variance": 0.002623535614192294,
        "sd": 0.051220460893985464
    },
    "ipcw": {
        "mean": 0.6976581204744358,
        "variance": 0.035055740324152415,
        "sd": 0.18723178235586077
    }
}