{
  "ipcw.mean": 0.6976581204744358,
  "brier.mean": 0.12278046483909578
}