{
    "n": 3,
    "test_brier_weighted_avg": {
        "mean": 0.20723157624403635,
        "variance": 0.00017251855691709692,
        "sd": 0.013134631967325804
    },
    "test_ipcw_weighted_avg": {
        "mean": 0.6293424815051298,
        "variance": 0.00028089407431741416,
        "sd": 0.01675989481820856
    }
}