{
    "test_loss": 0.6145157814025879,
    "test_brier_0th_event": 0.13266779482364655,
    "test_brier_0th_event_n": 490,
    "test_brier_1th_event": 0.11765258014202118,
    "test_brier_1th_event_n": 452,
    "test_brier_weighted_avg": 0.12546304213140166,
    "test_ipcw_0th_event": 0.514099726584426,
    "test_ipcw_0th_event_0.25": 0.508105456829071,
    "test_ipcw_0th_event_0.50": 0.5079295635223389,
    "test_ipcw_0th_event_0.75": 0.5169939398765564,
    "test_ipcw_0th_event_1.00": 0.5165401697158813,
    "test_ipcw_0th_event_n": 1516,
    "test_ipcw_1th_event": 0.6861576604559549,
    "test_ipcw_1th_event_0.25": 0.6856305599212646,
    "test_ipcw_1th_event_0.50": 0.6858716011047363,
    "test_ipcw_1th_event_0.75": 0.6859865188598633,
    "test_ipcw_1th_event_1.00": 0.6865938901901245,
    "test_ipcw_1th_event_n": 1516,
    "test_ipcw_weighted_avg": 0.6001286935201905,
    "test_runtime": 0.5898,
    "test_samples_per_second": 2570.346,
    "test_steps_per_second": 5.086
}