{
    "n": 3,
    "brier": {
        "mean": 0.10527980581429595,
        "variance": 1.1692584804336983e-05,
        "sd": 0.003419442177364165
    },
    "ipcw": {
        "mean": 0.7169439447336736,
        "variance": 0.0002914023364923322,
        "sd": 0.017070510727342992
    }
}