{
  "ipcw.mean": 0.7169439447336736,
  "brier.mean": 0.10527980581429595
}