{
    "n": 3,
    "brier": {
        "mean": 0.09262604566679895,
        "variance": 1.0877795560257265e-05,
        "sd": 0.003298150324084284
    },
    "ipcw": {
        "mean": 0.8430611199624998,
        "variance": 1.7110864041898716e-05,
        "sd": 0.004136528017782391
    }
}