{
  "ipcw.mean": 0.8430611199624998,
  "brier.mean": 0.09262604566679895
}