{
  "ipcw.mean": 0.7979500886946217,
  "brier.mean": 0.09858517847127156
}