{
    "n": 3,
    "brier": {
        "mean": 0.09858517847127156,
        "variance": 1.4354442354602906e-05,
        "sd": 0.0037887256900708587
    },
    "ipcw": {
        "mean": 0.7979500886946217,
        "variance": 0.00031154187115728355,
        "sd": 0.01765054874946622
    }
}