batch_size,num_events,method,forward_time_ms,backward_time_ms,total_time_ms
N/A,1,MultiEventRankingLoss,0.3427664438883464,0.022570292154947918,0.3653367360432943
N/A,1,SampleRankingLoss,0.35254160563151044,0.2658367156982422,0.6183783213297527
N/A,1,SampleListMLELoss,0.22673606872558594,0.018517176310221355,0.24525324503580728
N/A,1,EventListMLELoss,0.016609827677408855,0.012318293253580729,0.028928120930989586
N/A,2,MultiEventRankingLoss,0.293731689453125,0.21537144978841147,0.5091031392415365
N/A,2,SampleRankingLoss,0.3733634948730469,0.2632935841878255,0.6366570790608723
N/A,2,SampleListMLELoss,0.3694693247477214,0.018278757731119793,0.3877480824788412
N/A,2,EventListMLELoss,4.443883895874023,0.04744529724121094,4.491329193115234
