batch_size,num_events,method,forward_time_ms,backward_time_ms,total_time_ms
16,N/A,MultiEventRankingLoss,0.41755040486653644,2.832810084025065,3.2503604888916016
16,N/A,SampleRankingLoss,0.34507115681966144,0.22673606872558594,0.5718072255452473
16,N/A,SampleListMLELoss,1.0808308919270833,0.027179718017578125,1.1080106099446614
16,N/A,EventListMLELoss,2.3844242095947266,0.0549157460530599,2.4393399556477866
32,N/A,MultiEventRankingLoss,0.29095013936360675,0.2151330312093099,0.5060831705729166
32,N/A,SampleRankingLoss,0.4412333170572917,0.28403600056966144,0.7252693176269531
32,N/A,SampleListMLELoss,0.3867149353027344,0.02106030782063802,0.4077752431233724
32,N/A,EventListMLELoss,4.271666208902995,0.057220458984375,4.32888666788737
