,forward_time,backward_time,total_time,output_value,tag,batch_size,num_events
0,0.04661703109741211,0.11009502410888672,0.15671205520629883,0.7555180788040161,SampleRankingLoss (Original),32,1
1,0.00026488304138183594,0.0005540847778320312,0.0008189678192138672,5.692415237426758,SampleRankingLoss (Vectorized),32,1
2,0.002074718475341797,0.0029942989349365234,0.00506901741027832,0.0,MultiEventRankingLoss (Original),32,1
3,0.0002090930938720703,0.0002541542053222656,0.00046324729919433594,0.0,MultiEventRankingLoss (Vectorized),32,1
