{
    "n": 3,
    "brier": {
        "mean": 0.08602670010353877,
        "variance": 6.918217065286667e-06,
        "sd": 0.0026302503807217035
    },
    "ipcw": {
        "mean": 0.8435572592169852,
        "variance": 0.00010850787230195507,
        "sd": 0.010416711203731966
    }
}