{
  "ipcw.mean": 0.8435572592169852,
  "brier.mean": 0.08602670010353877
}