{
    "n": 3,
    "brier": {
        "mean": 0.2269749154521656,
        "variance": 4.188697021632426e-05,
        "sd": 0.006472014386288419
    },
    "ipcw": {
        "mean": 0.5140864118460476,
        "variance": 0.0003240900222553599,
        "sd": 0.018002500444531586
    }
}