{
  "ipcw.mean": 0.5140864118460476,
  "brier.mean": 0.2269749154521656
}