{
    "test_loss": 0.7069797515869141,
    "test_brier_0th_event": 0.19648699462413788,
    "test_brier_0th_event_n": 325,
    "test_brier_weighted_avg": 0.19648699462413788,
    "test_ipcw_0th_event": 0.5934658444766859,
    "test_ipcw_0th_event_0.25": 0.5927204489707947,
    "test_ipcw_0th_event_0.50": 0.5936288833618164,
    "test_ipcw_0th_event_0.75": 0.5953121185302734,
    "test_ipcw_0th_event_1.00": 0.5921555161476135,
    "test_ipcw_0th_event_n": 567,
    "test_ipcw_weighted_avg": 0.5934658444766859,
    "test_runtime": 0.1934,
    "test_samples_per_second": 2931.066,
    "test_steps_per_second": 10.339
}