{
    "test_loss": 1.5450842380523682,
    "test_brier_0th_event": 0.501600444316864,
    "test_brier_0th_event_n": 490,
    "test_brier_1th_event": 0.4391213655471802,
    "test_brier_1th_event_n": 452,
    "test_brier_weighted_avg": 0.4716210986651686,
    "test_ipcw_0th_event": 0.5459972932248127,
    "test_ipcw_0th_event_0.25": 0.5070364475250244,
    "test_ipcw_0th_event_0.50": 0.5468777418136597,
    "test_ipcw_0th_event_0.75": 0.5517095327377319,
    "test_ipcw_0th_event_1.00": 0.5516998767852783,
    "test_ipcw_0th_event_n": 1516,
    "test_ipcw_1th_event": 0.4655070903449111,
    "test_ipcw_1th_event_0.25": 0.4664195477962494,
    "test_ipcw_1th_event_0.50": 0.5078304409980774,
    "test_ipcw_1th_event_0.75": 0.4432413578033447,
    "test_ipcw_1th_event_1.00": 0.45885246992111206,
    "test_ipcw_1th_event_n": 1516,
    "test_ipcw_weighted_avg": 0.5057521917848619,
    "test_runtime": 0.7065,
    "test_samples_per_second": 2145.756,
    "test_steps_per_second": 4.246
}