{
    "n": 3,
    "test_brier_weighted_avg": {
        "mean": 0.19190813104311624,
        "variance": 6.857512875776029e-05,
        "sd": 0.00828101012907002
    },
    "test_ipcw_weighted_avg": {
        "mean": 0.633412126684514,
        "variance": 0.0002484609690336749,
        "sd": 0.01576264473474153
    }
}