{
    "n": 3,
    "brier": {
        "mean": 0.17817300737623157,
        "variance": 7.333213423070515e-07,
        "sd": 0.0008563418372980801
    },
    "ipcw": {
        "mean": 0.6990934179421636,
        "variance": 1.2778357627062618e-05,
        "sd": 0.0035746828708380016
    }
}