{
  "ipcw.mean": 0.6990934179421636,
  "brier.mean": 0.17817300737623157
}