{
  "ipcw.mean": 0.8612749182963324,
  "brier.mean": 0.08340352940857376
}