{
    "n": 3,
    "brier": {
        "mean": 0.08340352940857376,
        "variance": 1.2368330511673342e-06,
        "sd": 0.0011121299614556448
    },
    "ipcw": {
        "mean": 0.8612749182963324,
        "variance": 4.642980412572089e-06,
        "sd": 0.002154757622697293
    }
}