{
    "n": 3,
    "brier": {
        "mean": 0.09203401153007623,
        "variance": 0.0001803320876002701,
        "sd": 0.01342877833610601
    },
    "ipcw": {
        "mean": 0.8064536866677177,
        "variance": 0.006824393353071008,
        "sd": 0.08260988653345923
    }
}