{
  "ipcw.mean": 0.8064536866677177,
  "brier.mean": 0.09203401153007623
}