{
    "test_loss": 0.6340157389640808,
    "test_brier_0th_event": 0.13261912763118744,
    "test_brier_0th_event_n": 490,
    "test_brier_1th_event": 0.13276660442352295,
    "test_brier_1th_event_n": 452,
    "test_brier_weighted_avg": 0.13268989144237178,
    "test_ipcw_0th_event": 0.5932246257724931,
    "test_ipcw_0th_event_0.25": 0.6123557090759277,
    "test_ipcw_0th_event_0.50": 0.5543631315231323,
    "test_ipcw_0th_event_0.75": 0.5878868103027344,
    "test_ipcw_0th_event_1.00": 0.6112586259841919,
    "test_ipcw_0th_event_n": 1516,
    "test_ipcw_1th_event": 0.5488934086456883,
    "test_ipcw_1th_event_0.25": 0.5516330003738403,
    "test_ipcw_1th_event_0.50": 0.5922872424125671,
    "test_ipcw_1th_event_0.75": 0.5898749828338623,
    "test_ipcw_1th_event_1.00": 0.4923059642314911,
    "test_ipcw_1th_event_n": 1516,
    "test_ipcw_weighted_avg": 0.5710590172090907,
    "test_runtime": 0.5793,
    "test_samples_per_second": 2616.997,
    "test_steps_per_second": 5.179
}