{
  "ipcw.mean": 0.841347521424978,
  "brier.mean": 0.08904378054693746
}