{
    "n": 3,
    "brier": {
        "mean": 0.08904378054693746,
        "variance": 6.329819235910694e-06,
        "sd": 0.0025159132011877304
    },
    "ipcw": {
        "mean": 0.841347521424978,
        "variance": 3.196194241287244e-05,
        "sd": 0.0056534894014999655
    }
}