{
    "n": 3,
    "brier": {
        "mean": 0.19834210867637103,
        "variance": 6.112166841806081e-06,
        "sd": 0.0024722796851905896
    },
    "ipcw": {
        "mean": 0.6577276537324149,
        "variance": 6.275166397430552e-05,
        "sd": 0.007921594787308014
    }
}