{
  "ipcw.mean": 0.6577276537324149,
  "brier.mean": 0.19834210867637103
}