{
    "n": 3,
    "test_brier_weighted_avg": {
        "mean": 0.19327592849731445,
        "variance": 0.00020235524379752512,
        "sd": 0.014225162346965504
    },
    "test_ipcw_weighted_avg": {
        "mean": 0.6198308983309623,
        "variance": 0.0004641994055457632,
        "sd": 0.021545287316389244
    }
}