{
    "n": 3,
    "brier": {
        "mean": 0.2045596995835527,
        "variance": 5.499112059164345e-06,
        "sd": 0.0023450185626481394
    },
    "ipcw": {
        "mean": 0.6343046599328969,
        "variance": 0.00013478403571747343,
        "sd": 0.011609652695816246
    }
}