{
  "ipcw.mean": 0.6343046599328969,
  "brier.mean": 0.2045596995835527
}