{
    "n": 3,
    "brier": {
        "mean": 0.21815916941277252,
        "variance": 5.715480443724893e-06,
        "sd": 0.0023907071011993277
    },
    "ipcw": {
        "mean": 0.6461127128681587,
        "variance": 1.535283423053913e-05,
        "sd": 0.0039182692902018776
    }
}