{
  "ipcw.mean": 0.6461127128681587,
  "brier.mean": 0.21815916941277252
}