{
    "test_loss": 0.735536515712738,
    "test_brier_0th_event": 0.1949312686920166,
    "test_brier_0th_event_n": 325,
    "test_brier_weighted_avg": 0.1949312686920166,
    "test_ipcw_0th_event": 0.6032192309215231,
    "test_ipcw_0th_event_0.25": 0.6004971265792847,
    "test_ipcw_0th_event_0.50": 0.6022838950157166,
    "test_ipcw_0th_event_0.75": 0.6036662459373474,
    "test_ipcw_0th_event_1.00": 0.604053795337677,
    "test_ipcw_0th_event_n": 567,
    "test_ipcw_weighted_avg": 0.6032192309215231,
    "test_runtime": 0.1961,
    "test_samples_per_second": 2891.428,
    "test_steps_per_second": 10.199
}