{
    "test_loss": 1.123878002166748,
    "test_brier_0th_event": 0.15732409060001373,
    "test_brier_0th_event_n": 490,
    "test_brier_1th_event": 0.15516051650047302,
    "test_brier_1th_event_n": 452,
    "test_brier_weighted_avg": 0.15628594251828082,
    "test_ipcw_0th_event": 0.6839558717793963,
    "test_ipcw_0th_event_0.25": 0.653616189956665,
    "test_ipcw_0th_event_0.50": 0.6873672008514404,
    "test_ipcw_0th_event_0.75": 0.71467125415802,
    "test_ipcw_0th_event_1.00": 0.6670072078704834,
    "test_ipcw_0th_event_n": 1516,
    "test_ipcw_1th_event": 0.5292183131916399,
    "test_ipcw_1th_event_0.25": 0.6337968111038208,
    "test_ipcw_1th_event_0.50": 0.4760343134403229,
    "test_ipcw_1th_event_0.75": 0.5212566256523132,
    "test_ipcw_1th_event_1.00": 0.5363273024559021,
    "test_ipcw_1th_event_n": 1516,
    "test_ipcw_weighted_avg": 0.6065870924855181,
    "test_runtime": 0.5985,
    "test_samples_per_second": 2532.974,
    "test_steps_per_second": 5.012
}