{
  "ipcw.mean": 0.7259194316876723,
  "brier.mean": 0.10298787883024922
}