{
    "n": 3,
    "brier": {
        "mean": 0.10298787883024922,
        "variance": 9.444997982847379e-07,
        "sd": 0.0009718537947061471
    },
    "ipcw": {
        "mean": 0.7259194316876723,
        "variance": 0.00018061472043186792,
        "sd": 0.013439297616760628
    }
}