{
    "n": 3,
    "test_brier_weighted_avg": {
        "mean": 0.19972954193751016,
        "variance": 0.0003106407776703641,
        "sd": 0.017625004331073627
    },
    "test_ipcw_weighted_avg": {
        "mean": 0.6192724270111294,
        "variance": 5.0645946700438305e-05,
        "sd": 0.007116596567210923
    }
}