{
    "n": 3,
    "test_brier_weighted_avg": {
        "mean": 0.3959404164973908,
        "variance": 0.007178830932768845,
        "sd": 0.08472798199396021
    },
    "test_ipcw_weighted_avg": {
        "mean": 0.574962196726201,
        "variance": 0.0033783682590155734,
        "sd": 0.05812373232179411
    }
}