{
    "n": 3,
    "test_brier_weighted_avg": {
        "mean": 0.13826960132156868,
        "variance": 3.4838269311293377e-06,
        "sd": 0.0018665012539854716
    },
    "test_ipcw_weighted_avg": {
        "mean": 0.6004618994998481,
        "variance": 0.001040436500807438,
        "sd": 0.03225579794095068
    }
}