{
  "ipcw.mean": 0.8349858973449398,
  "brier.mean": 0.09305211494317382
}