{
    "n": 3,
    "brier": {
        "mean": 0.09305211494317382,
        "variance": 5.010466492956109e-06,
        "sd": 0.0022384071329756144
    },
    "ipcw": {
        "mean": 0.8349858973449398,
        "variance": 4.1759170929154814e-05,
        "sd": 0.006462133620496779
    }
}