{
    "n": 3,
    "brier": {
        "mean": 0.1811946999971617,
        "variance": 6.633328882161375e-06,
        "sd": 0.0025755249721486637
    },
    "ipcw": {
        "mean": 0.6827764374950445,
        "variance": 5.789418246734596e-05,
        "sd": 0.0076088226728808685
    }
}