{
  "ipcw.mean": 0.6827764374950445,
  "brier.mean": 0.1811946999971617
}