{
    "test_loss": 0.8317981362342834,
    "test_brier_0th_event": 0.24257667362689972,
    "test_brier_0th_event_n": 325,
    "test_brier_weighted_avg": 0.24257667362689972,
    "test_ipcw_0th_event": 0.5744597976936877,
    "test_ipcw_0th_event_0.25": 0.5626756548881531,
    "test_ipcw_0th_event_0.50": 0.5690860748291016,
    "test_ipcw_0th_event_0.75": 0.5779069066047668,
    "test_ipcw_0th_event_1.00": 0.5775821208953857,
    "test_ipcw_0th_event_n": 567,
    "test_ipcw_weighted_avg": 0.5744597976936877,
    "test_runtime": 0.1904,
    "test_samples_per_second": 2977.537,
    "test_steps_per_second": 10.503
}