{
  "ipcw.mean": 0.6190422009245634,
  "brier.mean": 0.1936164587614407
}