{
    "n": 3,
    "brier": {
        "mean": 0.1936164587614407,
        "variance": 2.6413433890471426e-05,
        "sd": 0.005139400148895922
    },
    "ipcw": {
        "mean": 0.6190422009245634,
        "variance": 0.00020370191384035688,
        "sd": 0.014272417939520861
    }
}