{
    "n": 3,
    "brier": {
        "mean": 0.201895511369781,
        "variance": 5.2195470100553085e-06,
        "sd": 0.002284632795452107
    },
    "ipcw": {
        "mean": 0.6309909928535494,
        "variance": 0.00014331160978657312,
        "sd": 0.011971282712665888
    }
}