{
  "ipcw.mean": 0.6309909928535494,
  "brier.mean": 0.201895511369781
}