{
    "n": 3,
    "brier": {
        "mean": 0.08577991879413172,
        "variance": 5.173067517670494e-06,
        "sd": 0.002274437846517353
    },
    "ipcw": {
        "mean": 0.8509984465849892,
        "variance": 7.27156100511081e-06,
        "sd": 0.002696583209380124
    }
}