{
  "ipcw.mean": 0.8509984465849892,
  "brier.mean": 0.08577991879413172
}