{
    "n": 3,
    "test_brier_weighted_avg": {
        "mean": 0.08842728201916718,
        "variance": 8.699435332775622e-06,
        "sd": 0.002949480519138179
    },
    "test_ipcw_weighted_avg": {
        "mean": 0.7852041015426271,
        "variance": 0.00017089928338196524,
        "sd": 0.013072845267269297
    }
}