{
    "test_loss": 0.6235506534576416,
    "test_brier_0th_event": 0.12613630294799805,
    "test_brier_0th_event_n": 490,
    "test_brier_1th_event": 0.13068176805973053,
    "test_brier_1th_event_n": 452,
    "test_brier_weighted_avg": 0.12831735414810747,
    "test_ipcw_0th_event": 0.6314995240182191,
    "test_ipcw_0th_event_0.25": 0.6389650702476501,
    "test_ipcw_0th_event_0.50": 0.6335558295249939,
    "test_ipcw_0th_event_0.75": 0.6325165033340454,
    "test_ipcw_0th_event_1.00": 0.6277008056640625,
    "test_ipcw_0th_event_n": 1516,
    "test_ipcw_1th_event": 0.5668026112152948,
    "test_ipcw_1th_event_0.25": 0.5229508876800537,
    "test_ipcw_1th_event_0.50": 0.5701711177825928,
    "test_ipcw_1th_event_0.75": 0.5756716132164001,
    "test_ipcw_1th_event_1.00": 0.5701067447662354,
    "test_ipcw_1th_event_n": 1516,
    "test_ipcw_weighted_avg": 0.599151067616757,
    "test_runtime": 0.8582,
    "test_samples_per_second": 1766.527,
    "test_steps_per_second": 3.496
}