{
    "n": 3,
    "test_brier_weighted_avg": {
        "mean": 0.21347206830978394,
        "variance": 0.00011820504738424553,
        "sd": 0.010872214465519227
    },
    "test_ipcw_weighted_avg": {
        "mean": 0.6305153696615197,
        "variance": 2.8618548742324007e-05,
        "sd": 0.005349630710836404
    }
}