{
  "ipcw.mean": 0.8497932608992678,
  "brier.mean": 0.08486746284118572
}