{
    "n": 3,
    "brier": {
        "mean": 0.08486746284118572,
        "variance": 2.0085806283750892e-06,
        "sd": 0.0014172440256974411
    },
    "ipcw": {
        "mean": 0.8497932608992678,
        "variance": 1.0324833614236406e-05,
        "sd": 0.0032132279119658482
    }
}