{
    "validation": {
        "n": 1,
        "loss": {
            "mean": 0.6551789045333862,
            "variance": 0.0,
            "sd": 0.0
        },
        "brier_0th_event": {
            "mean": 0.18536709249019623,
            "variance": 0.0,
            "sd": 0.0
        },
        "brier_0th_event_n": {
            "mean": 253,
            "variance": 0.0,
            "sd": 0.0
        },
        "brier_weighted_avg": {
            "mean": 0.18536709249019623,
            "variance": 0.0,
            "sd": 0.0
        },
        "ipcw_0th_event": {
            "mean": 0.639389363420268,
            "variance": 0.0,
            "sd": 0.0
        },
        "ipcw_0th_event_0.25": {
            "mean": 0.6298507452011108,
            "variance": 0.0,
            "sd": 0.0
        },
        "ipcw_0th_event_0.50": {
            "mean": 0.6388382315635681,
            "variance": 0.0,
            "sd": 0.0
        },
        "ipcw_0th_event_0.75": {
            "mean": 0.6496790051460266,
            "variance": 0.0,
            "sd": 0.0
        },
        "ipcw_0th_event_1.00": {
            "mean": 0.6342418193817139,
            "variance": 0.0,
            "sd": 0.0
        },
        "ipcw_0th_event_n": {
            "mean": 411,
            "variance": 0.0,
            "sd": 0.0
        },
        "ipcw_weighted_avg": {
            "mean": 0.639389363420268,
            "variance": 0.0,
            "sd": 0.0
        },
        "runtime": {
            "mean": 0.1349,
            "variance": 0.0,
            "sd": 0.0
        },
        "samples_per_second": {
            "mean": 3047.13,
            "variance": 0.0,
            "sd": 0.0
        },
        "steps_per_second": {
            "mean": 7.414,
            "variance": 0.0,
            "sd": 0.0
        }
    }
}