{
  "ipcw.mean": 0.6388351960710952,
  "brier.mean": 0.2085443593659927
}