{
    "n": 3,
    "brier": {
        "mean": 0.2085443593659927,
        "variance": 7.23746684717344e-07,
        "sd": 0.0008507330278749874
    },
    "ipcw": {
        "mean": 0.6388351960710952,
        "variance": 2.703140768900346e-05,
        "sd": 0.0051991737506072505
    }
}