{
  "ipcw.mean": 0.6514102298884192,
  "brier.mean": 0.21924923471349236
}