{
    "n": 3,
    "brier": {
        "mean": 0.21924923471349236,
        "variance": 3.6070141433046805e-05,
        "sd": 0.006005842275072399
    },
    "ipcw": {
        "mean": 0.6514102298884192,
        "variance": 8.561592732176554e-05,
        "sd": 0.009252887512650607
    }
}