{
  "ipcw.mean": 0.7922053020079417,
  "brier.mean": 0.09690372995730372
}