{
    "n": 3,
    "brier": {
        "mean": 0.09690372995730372,
        "variance": 0.00012772683702566627,
        "sd": 0.011301629839349113
    },
    "ipcw": {
        "mean": 0.7922053020079417,
        "variance": 0.004909332357138895,
        "sd": 0.07006662798464683
    }
}