{
  "ipcw.mean": 0.5810973786145989,
  "brier.mean": 0.19476506902205887
}