{
    "n": 3,
    "brier": {
        "mean": 0.19476506902205887,
        "variance": 1.95727776185631e-06,
        "sd": 0.0013990274342757937
    },
    "ipcw": {
        "mean": 0.5810973786145989,
        "variance": 1.741810347960039e-05,
        "sd": 0.004173500147310455
    }
}