{
  "ipcw.mean": 0.6189519053440178,
  "brier.mean": 0.21476658600871007
}