{
    "n": 3,
    "brier": {
        "mean": 0.21476658600871007,
        "variance": 5.184183325017327e-07,
        "sd": 0.0007200127307914303
    },
    "ipcw": {
        "mean": 0.6189519053440178,
        "variance": 4.075743273168015e-05,
        "sd": 0.006384154817333313
    }
}