{
    "n": 3,
    "validation_brier_weighted_avg": {
        "mean": 0.2012029786904653,
        "variance": 0.00041193734695739925,
        "sd": 0.02029623972457458
    },
    "validation_ipcw_weighted_avg": {
        "mean": 0.6116497267617915,
        "variance": 0.0002475655166603621,
        "sd": 0.01573421484092429
    }
}