{
  "ipcw.mean": 0.8466205161078807,
  "brier.mean": 0.08973086181924488
}