{
    "n": 3,
    "brier": {
        "mean": 0.08973086181924488,
        "variance": 5.251840255725683e-06,
        "sd": 0.0022916893890153793
    },
    "ipcw": {
        "mean": 0.8466205161078807,
        "variance": 1.8022853468164215e-05,
        "sd": 0.004245333139832988
    }
}