{
    "n": 3,
    "brier": {
        "mean": 0.1796666352114565,
        "variance": 2.67877683513367e-06,
        "sd": 0.0016366969283082527
    },
    "ipcw": {
        "mean": 0.6562830439069566,
        "variance": 1.7748396639474517e-05,
        "sd": 0.0042128845984045794
    }
}