{
  "ipcw.mean": 0.6562830439069566,
  "brier.mean": 0.1796666352114565
}