{
    "n": 3,
    "brier": {
        "mean": 0.09047980382156624,
        "variance": 2.4669646233485307e-06,
        "sd": 0.0015706573857301059
    },
    "ipcw": {
        "mean": 0.8368408702719013,
        "variance": 1.96832961156823e-05,
        "sd": 0.004436586087937695
    }
}