{
  "ipcw.mean": 0.8368408702719013,
  "brier.mean": 0.09047980382156624
}