{
  "ipcw.mean": 0.6703069189127829,
  "brier.mean": 0.16548523606561166
}