{
    "n": 3,
    "brier": {
        "mean": 0.16548523606561166,
        "variance": 0.012115434092262258,
        "sd": 0.11007013260763457
    },
    "ipcw": {
        "mean": 0.6703069189127829,
        "variance": 0.012930628027122436,
        "sd": 0.11371291935010039
    }
}