{
  "ipcw.mean": 0.5207801022877652,
  "brier.mean": 0.46279047306026166
}