{
    "n": 3,
    "brier": {
        "mean": 0.46279047306026166,
        "variance": 0.01073846269097045,
        "sd": 0.1036265539857929
    },
    "ipcw": {
        "mean": 0.5207801022877652,
        "variance": 0.00010911925119851558,
        "sd": 0.010446016044335543
    }
}