{
    "n": 3,
    "brier": {
        "mean": 0.0,
        "variance": 0.0,
        "sd": 0.0
    },
    "ipcw": {
        "mean": 0.6832597931887852,
        "variance": 2.2864568304760058e-06,
        "sd": 0.0015121034456927892
    }
}