{
    "test_loss": 0.6125982999801636,
    "test_brier_0th_event": 0.1211748719215393,
    "test_brier_0th_event_n": 490,
    "test_brier_1th_event": 0.1302095651626587,
    "test_brier_1th_event_n": 452,
    "test_brier_weighted_avg": 0.12550999012216135,
    "test_ipcw_0th_event": 0.6694370667685784,
    "test_ipcw_0th_event_0.25": 0.6764659285545349,
    "test_ipcw_0th_event_0.50": 0.6697941422462463,
    "test_ipcw_0th_event_0.75": 0.6695708632469177,
    "test_ipcw_0th_event_1.00": 0.6672658324241638,
    "test_ipcw_0th_event_n": 1516,
    "test_ipcw_1th_event": 0.5680990823265244,
    "test_ipcw_1th_event_0.25": 0.5915752649307251,
    "test_ipcw_1th_event_0.50": 0.595300018787384,
    "test_ipcw_1th_event_0.75": 0.5629883408546448,
    "test_ipcw_1th_event_1.00": 0.550439715385437,
    "test_ipcw_1th_event_n": 1516,
    "test_ipcw_weighted_avg": 0.6187680745475514,
    "test_runtime": 0.5875,
    "test_samples_per_second": 2580.342,
    "test_steps_per_second": 5.106
}