{
    "n": 3,
    "brier": {
        "mean": 0.21051589596443274,
        "variance": 0.00011137646806442992,
        "sd": 0.01055350501323754
    },
    "ipcw": {
        "mean": 0.5948552397455471,
        "variance": 0.0004163638523546822,
        "sd": 0.020404995769533554
    }
}