{
  "ipcw.mean": 0.5948552397455471,
  "brier.mean": 0.21051589596443274
}