{
    "test_loss": 0.5204117298126221,
    "test_brier_0th_event": 0.09355337172746658,
    "test_brier_0th_event_n": 490,
    "test_brier_1th_event": 0.09044579416513443,
    "test_brier_1th_event_n": 452,
    "test_brier_weighted_avg": 0.0920622623238847,
    "test_ipcw_0th_event": 0.801941288317416,
    "test_ipcw_0th_event_0.25": 0.8017492890357971,
    "test_ipcw_0th_event_0.50": 0.8004449605941772,
    "test_ipcw_0th_event_0.75": 0.8020673394203186,
    "test_ipcw_0th_event_1.00": 0.802632749080658,
    "test_ipcw_0th_event_n": 1516,
    "test_ipcw_1th_event": 0.8001919031750883,
    "test_ipcw_1th_event_0.25": 0.7976911664009094,
    "test_ipcw_1th_event_0.50": 0.7997320294380188,
    "test_ipcw_1th_event_0.75": 0.8017170429229736,
    "test_ipcw_1th_event_1.00": 0.799956738948822,
    "test_ipcw_1th_event_n": 1516,
    "test_ipcw_weighted_avg": 0.8010665957462522,
    "test_runtime": 0.5811,
    "test_samples_per_second": 2608.993,
    "test_steps_per_second": 5.163
}