{
    "n": 3,
    "brier": {
        "mean": 0.08556175747564286,
        "variance": 1.443017900503975e-06,
        "sd": 0.0012012568003986388
    },
    "ipcw": {
        "mean": 0.8478449042240249,
        "variance": 3.4830082334907545e-05,
        "sd": 0.005901701647398617
    }
}