{
  "ipcw.mean": 0.8478449042240249,
  "brier.mean": 0.08556175747564286
}