{
    "test_loss": 0.745842695236206,
    "test_brier_0th_event": 0.1999260038137436,
    "test_brier_0th_event_n": 325,
    "test_brier_weighted_avg": 0.1999260038137436,
    "test_ipcw_0th_event": 0.5688546553832813,
    "test_ipcw_0th_event_0.25": 0.5600190758705139,
    "test_ipcw_0th_event_0.50": 0.5648033022880554,
    "test_ipcw_0th_event_0.75": 0.5694023966789246,
    "test_ipcw_0th_event_1.00": 0.572773814201355,
    "test_ipcw_0th_event_n": 567,
    "test_ipcw_weighted_avg": 0.5688546553832813,
    "test_runtime": 0.198,
    "test_samples_per_second": 2863.634,
    "test_steps_per_second": 10.101
}