{
    "n": 3,
    "brier": {
        "mean": 0.0,
        "variance": 0.0,
        "sd": 0.0
    },
    "ipcw": {
        "mean": 0.6508219788004377,
        "variance": 5.5175518885699645e-05,
        "sd": 0.007428022542083434
    }
}