{
  "ipcw.mean": 0.6404563695503103,
  "brier.mean": 0.19835462407726676
}