{
    "n": 3,
    "brier": {
        "mean": 0.19835462407726676,
        "variance": 7.664087857850052e-06,
        "sd": 0.0027684089036574874
    },
    "ipcw": {
        "mean": 0.6404563695503103,
        "variance": 0.00015458497882524027,
        "sd": 0.0124332207744108
    }
}