{
    "n": 3,
    "brier": {
        "mean": 0.1974374767008503,
        "variance": 6.536865202549454e-07,
        "sd": 0.0008085088250940403
    },
    "ipcw": {
        "mean": 0.6267094310419759,
        "variance": 4.63679035939677e-05,
        "sd": 0.006809398181481804
    }
}