{
  "ipcw.mean": 0.6267094310419759,
  "brier.mean": 0.1974374767008503
}