{
    "n": 3,
    "brier": {
        "mean": 0.0,
        "variance": 0.0,
        "sd": 0.0
    },
    "ipcw": {
        "mean": 0.6969181652442817,
        "variance": 7.169641655390733e-07,
        "sd": 0.0008467373651487651
    }
}