{
    "n": 3,
    "brier": {
        "mean": 0.18275217760910034,
        "variance": 2.356868778995265e-06,
        "sd": 0.0015352096856766065
    },
    "ipcw": {
        "mean": 0.6757454525233026,
        "variance": 2.4325556735041064e-06,
        "sd": 0.0015596652440521032
    }
}