{
  "ipcw.mean": 0.6757454525233026,
  "brier.mean": 0.18275217760910034
}