{
    "test_loss": 0.6783828139305115,
    "test_brier_0th_event": 0.1898045539855957,
    "test_brier_0th_event_n": 325,
    "test_brier_weighted_avg": 0.1898045539855957,
    "test_ipcw_0th_event": 0.6167571008639428,
    "test_ipcw_0th_event_0.25": 0.6188955307006836,
    "test_ipcw_0th_event_0.50": 0.6225394010543823,
    "test_ipcw_0th_event_0.75": 0.6249805092811584,
    "test_ipcw_0th_event_1.00": 0.6069430708885193,
    "test_ipcw_0th_event_n": 567,
    "test_ipcw_weighted_avg": 0.6167571008639428,
    "test_runtime": 0.1849,
    "test_samples_per_second": 3067.103,
    "test_steps_per_second": 10.819
}