{
    "test_loss": 0.5273178815841675,
    "test_brier_0th_event": 0.09410572797060013,
    "test_brier_0th_event_n": 490,
    "test_brier_1th_event": 0.09624453634023666,
    "test_brier_1th_event_n": 452,
    "test_brier_weighted_avg": 0.09513199270847243,
    "test_ipcw_0th_event": 0.7974563259315183,
    "test_ipcw_0th_event_0.25": 0.7962123155593872,
    "test_ipcw_0th_event_0.50": 0.7966845631599426,
    "test_ipcw_0th_event_0.75": 0.7964532971382141,
    "test_ipcw_0th_event_1.00": 0.7989366054534912,
    "test_ipcw_0th_event_n": 1516,
    "test_ipcw_1th_event": 0.7909279248931191,
    "test_ipcw_1th_event_0.25": 0.7861085534095764,
    "test_ipcw_1th_event_0.50": 0.7918792963027954,
    "test_ipcw_1th_event_0.75": 0.7910900712013245,
    "test_ipcw_1th_event_1.00": 0.7915944457054138,
    "test_ipcw_1th_event_n": 1516,
    "test_ipcw_weighted_avg": 0.7941921254123185,
    "test_runtime": 0.7247,
    "test_samples_per_second": 2091.915,
    "test_steps_per_second": 4.14
}