{
  "ipcw.mean": 0.6149987419611527,
  "brier.mean": 0.2011916326462525
}