{
    "n": 3,
    "brier": {
        "mean": 0.2011916326462525,
        "variance": 2.4376261347070163e-05,
        "sd": 0.004937232154463689
    },
    "ipcw": {
        "mean": 0.6149987419611527,
        "variance": 0.001008722891241245,
        "sd": 0.03176039815936263
    }
}