distribution,shape,scale,aic,bic,mu,sigma,alpha,beta
weibull,440.5034522564476,4.167753289152294,17912.380352097593,17922.954104921093,,,,
lognormal,,,18312.192072920512,18322.765825744013,5.940079755118388,0.3350700273084082,,
loglogistic,,,18253.8137591169,18264.3875119404,,,394.7097030942607,5.446310082233782
