distribution,aic,bic
weibull,17912.380352097593,17922.954104921093
lognormal,18312.192072920512,18322.765825744013
loglogistic,18253.8137591169,18264.3875119404
