distribution,shape,scale,aic,bic,mu,sigma,alpha,beta
weibull,444.9285801932973,4.148586271087284,18696.551781606046,18707.204712833725,,,,
lognormal,,,19163.9330160699,19174.58594729758,5.947460058075413,0.3451452899189299,,
loglogistic,,,19086.184449630706,19096.837380858386,,,399.1933338660286,5.322873654279126
