distribution,aic,bic
weibull,18696.551781606046,18707.204712833725
lognormal,19163.9330160699,19174.58594729758
loglogistic,19086.184449630706,19096.837380858386
