{
    "test_loss": 0.5353813767433167,
    "test_brier_0th_event": 0.09128625690937042,
    "test_brier_0th_event_n": 490,
    "test_brier_1th_event": 0.10363874584436417,
    "test_brier_1th_event_n": 452,
    "test_brier_weighted_avg": 0.09721335351087484,
    "test_ipcw_0th_event": 0.807636660824115,
    "test_ipcw_0th_event_0.25": 0.8036133646965027,
    "test_ipcw_0th_event_0.50": 0.8014167547225952,
    "test_ipcw_0th_event_0.75": 0.8097230195999146,
    "test_ipcw_0th_event_1.00": 0.8101872205734253,
    "test_ipcw_0th_event_n": 1516,
    "test_ipcw_1th_event": 0.7612879693052378,
    "test_ipcw_1th_event_0.25": 0.7638859748840332,
    "test_ipcw_1th_event_0.50": 0.7617310881614685,
    "test_ipcw_1th_event_0.75": 0.7649239897727966,
    "test_ipcw_1th_event_1.00": 0.7575207352638245,
    "test_ipcw_1th_event_n": 1516,
    "test_ipcw_weighted_avg": 0.7844623150646763,
    "test_runtime": 0.6019,
    "test_samples_per_second": 2518.665,
    "test_steps_per_second": 4.984
}