{
    "test_loss": 0.48555493354797363,
    "test_brier_0th_event": 0.08414707859994126,
    "test_brier_0th_event_n": 297,
    "test_brier_1th_event": 0.08455159758452194,
    "test_brier_1th_event_n": 275,
    "test_brier_weighted_avg": 0.08434155888098965,
    "test_brier_avg": 0.08434933809223161,
    "test_ipcw_0th_event_0.25": 0.9057828979825859,
    "test_ipcw_0th_event_0.5": 0.8739184994386104,
    "test_ipcw_0th_event_0.75": 0.8373082396054657,
    "test_ipcw_0th_event_1.0": 0.8079029733959311,
    "test_ipcw_avg_0th_event": 0.8562281526056483,
    "test_ipcw_0th_event": 0.8079029733959311,
    "test_ipcw_0th_event_n": 297,
    "test_ipcw_1th_event_0.25": 0.9120510017255232,
    "test_ipcw_1th_event_0.5": 0.8702239743950768,
    "test_ipcw_1th_event_0.75": 0.8464538105648483,
    "test_ipcw_1th_event_1.0": 0.8242684083008532,
    "test_ipcw_avg_1th_event": 0.8632492987465753,
    "test_ipcw_1th_event": 0.8242684083008532,
    "test_ipcw_1th_event_n": 275,
    "test_ipcw": 0.8157709709463744,
    "test_ipcw_weighted_avg": 0.8596037036349402,
    "test_ipcw_avg": 0.8597387256761118,
    "test_runtime": 0.4139,
    "test_samples_per_second": 2418.663,
    "test_steps_per_second": 4.832
}