{
    "n": 3,
    "brier": {
        "mean": 0.08702442339932168,
        "variance": 1.976295036195194e-05,
        "sd": 0.004445553999441683
    },
    "ipcw": {
        "mean": 0.8399889769733977,
        "variance": 0.00015981954235489625,
        "sd": 0.012641975413474598
    }
}