{
  "ipcw.mean": 0.8399889769733977,
  "brier.mean": 0.08702442339932168
}