{
  "ipcw.mean": 0.6304036933849685,
  "brier.mean": 0.20030496720879332
}