{
    "n": 3,
    "brier": {
        "mean": 0.20030496720879332,
        "variance": 4.1379038080533945e-06,
        "sd": 0.0020341838186489916
    },
    "ipcw": {
        "mean": 0.6304036933849685,
        "variance": 8.503336485571274e-05,
        "sd": 0.009221353743117805
    }
}