{
    "n": 3,
    "brier": {
        "mean": 0.15106503154675185,
        "variance": 0.002714929273853665,
        "sd": 0.052104983195982946
    },
    "ipcw": {
        "mean": 0.6092368835328442,
        "variance": 0.0011453132833532447,
        "sd": 0.03384247750022514
    }
}