{
  "ipcw.mean": 0.6092368835328442,
  "brier.mean": 0.15106503154675185
}