{
    "n": 3,
    "brier": {
        "mean": 0.20226479652702561,
        "variance": 1.9105200356131573e-07,
        "sd": 0.00043709495943251934
    },
    "ipcw": {
        "mean": 0.6470707989464,
        "variance": 2.3407348488803903e-05,
        "sd": 0.004838114145904776
    }
}