{
  "ipcw.mean": 0.6470707989464,
  "brier.mean": 0.20226479652702561
}