{
    "n": 3,
    "brier": {
        "mean": 0.2307151473502835,
        "variance": 7.209014761396776e-05,
        "sd": 0.008490591711651653
    },
    "ipcw": {
        "mean": 0.6330563315628615,
        "variance": 1.767191232893938e-05,
        "sd": 0.00420379737010948
    }
}