{
  "ipcw.mean": 0.6330563315628615,
  "brier.mean": 0.2307151473502835
}