{
    "n": 3,
    "brier": {
        "mean": 0.08544155958887954,
        "variance": 4.541271403914215e-06,
        "sd": 0.0021310259040927247
    },
    "ipcw": {
        "mean": 0.8490421674144347,
        "variance": 9.547476319118501e-06,
        "sd": 0.003089899079115449
    }
}