{
  "ipcw.mean": 0.8490421674144347,
  "brier.mean": 0.08544155958887954
}