{
    "n": 3,
    "brier": {
        "mean": 0.30968745672290504,
        "variance": 0.0015622980395326464,
        "sd": 0.03952591604925364
    },
    "ipcw": {
        "mean": 0.5134464752854033,
        "variance": 0.00029682703914257416,
        "sd": 0.017228669105377067
    }
}