{
  "ipcw.mean": 0.5134464752854033,
  "brier.mean": 0.30968745672290504
}