{
    "test_loss": 4.291418075561523,
    "test_brier_0th_event": 0.40474364161491394,
    "test_brier_0th_event_n": 490,
    "test_brier_1th_event": 0.3013130724430084,
    "test_brier_1th_event_n": 452,
    "test_brier_weighted_avg": 0.3551145362373117,
    "test_ipcw_0th_event": 0.5455897708235966,
    "test_ipcw_0th_event_0.25": 0.4929145574569702,
    "test_ipcw_0th_event_0.50": 0.567983865737915,
    "test_ipcw_0th_event_0.75": 0.5530403256416321,
    "test_ipcw_0th_event_1.00": 0.5430788397789001,
    "test_ipcw_0th_event_n": 1516,
    "test_ipcw_1th_event": 0.4624145179100734,
    "test_ipcw_1th_event_0.25": 0.474789559841156,
    "test_ipcw_1th_event_0.50": 0.4617665708065033,
    "test_ipcw_1th_event_0.75": 0.45445170998573303,
    "test_ipcw_1th_event_1.00": 0.46552911400794983,
    "test_ipcw_1th_event_n": 1516,
    "test_ipcw_weighted_avg": 0.504002144366835,
    "test_runtime": 0.8331,
    "test_samples_per_second": 1819.731,
    "test_steps_per_second": 3.601
}