{
    "n": 3,
    "brier": {
        "mean": 0.08209378583581625,
        "variance": 7.146049604086866e-07,
        "sd": 0.0008453431021831825
    },
    "ipcw": {
        "mean": 0.8494858957324787,
        "variance": 1.462557570314238e-06,
        "sd": 0.001209362464406035
    }
}