{
  "ipcw.mean": 0.8494858957324787,
  "brier.mean": 0.08209378583581625
}