{
    "test_loss": 3.391233205795288,
    "test_brier_0th_event": 0.10882428288459778,
    "test_brier_0th_event_n": 490,
    "test_brier_1th_event": 0.11518802493810654,
    "test_brier_1th_event_n": 452,
    "test_brier_weighted_avg": 0.11187779817991196,
    "test_ipcw_0th_event": 0.8061276356732547,
    "test_ipcw_0th_event_0.25": 0.8041049242019653,
    "test_ipcw_0th_event_0.50": 0.8075898289680481,
    "test_ipcw_0th_event_0.75": 0.8061618208885193,
    "test_ipcw_0th_event_1.00": 0.8059272766113281,
    "test_ipcw_0th_event_n": 1516,
    "test_ipcw_1th_event": 0.7816854394282339,
    "test_ipcw_1th_event_0.25": 0.7765632271766663,
    "test_ipcw_1th_event_0.50": 0.7838103771209717,
    "test_ipcw_1th_event_0.75": 0.7821409702301025,
    "test_ipcw_1th_event_1.00": 0.7815542221069336,
    "test_ipcw_1th_event_n": 1516,
    "test_ipcw_weighted_avg": 0.7939065375507444,
    "test_runtime": 0.66,
    "test_samples_per_second": 2297.018,
    "test_steps_per_second": 4.546
}