{
    "n": 3,
    "brier": {
        "mean": 0.08554725278319128,
        "variance": 7.414954771045464e-06,
        "sd": 0.002723041455990978
    },
    "ipcw": {
        "mean": 0.8536916669827485,
        "variance": 2.46667082588109e-06,
        "sd": 0.0015705638560342238
    }
}