{
  "ipcw.mean": 0.8536916669827485,
  "brier.mean": 0.08554725278319128
}