{
    "n": 3,
    "brier": {
        "mean": 0.21065474836231549,
        "variance": 0.00012533248685987698,
        "sd": 0.011195199277363356
    },
    "ipcw": {
        "mean": 0.610727157705844,
        "variance": 0.00032880549589187866,
        "sd": 0.018132994675228872
    }
}