{
  "ipcw.mean": 0.610727157705844,
  "brier.mean": 0.21065474836231549
}