{
  "ipcw.mean": 0.8348194300009579,
  "brier.mean": 0.08686932336304153
}