{
    "n": 3,
    "brier": {
        "mean": 0.08686932336304153,
        "variance": 3.891345058014562e-07,
        "sd": 0.0006238064650205673
    },
    "ipcw": {
        "mean": 0.8348194300009579,
        "variance": 2.3751122624571836e-06,
        "sd": 0.0015411399230625309
    }
}