{
  "ipcw.mean": 0.6253798260019167,
  "brier.mean": 0.20822391359782388
}