{
    "n": 3,
    "brier": {
        "mean": 0.20822391359782388,
        "variance": 4.158027036836377e-06,
        "sd": 0.0020391240856888473
    },
    "ipcw": {
        "mean": 0.6253798260019167,
        "variance": 7.594458802605249e-07,
        "sd": 0.0008714619212911857
    }
}