{
    "n": 3,
    "brier": {
        "mean": 0.1976778665721901,
        "variance": 4.463233971294475e-05,
        "sd": 0.006680743949063214
    },
    "ipcw": {
        "mean": 0.5920385383946306,
        "variance": 0.002208007418522953,
        "sd": 0.04698943943614302
    }
}