{
  "ipcw.mean": 0.5920385383946306,
  "brier.mean": 0.1976778665721901
}