{
    "n": 3,
    "test_brier_weighted_avg": {
        "mean": 0.19688024123509726,
        "variance": 0.00017041799428215348,
        "sd": 0.01305442431829736
    },
    "test_ipcw_weighted_avg": {
        "mean": 0.6233041865020901,
        "variance": 0.00030777851405678,
        "sd": 0.017543617473508136
    }
}