{
    "n": 3,
    "test_brier_weighted_avg": {
        "mean": 0.19519291818141937,
        "variance": 0.00016310614031556092,
        "sd": 0.012771301433900968
    },
    "test_ipcw_weighted_avg": {
        "mean": 0.6187066165910658,
        "variance": 8.58302531152727e-05,
        "sd": 0.009264461836246761
    }
}