{
    "n": 3,
    "test_brier_weighted_avg": {
        "mean": 0.2009261647860209,
        "variance": 0.00021445109587266592,
        "sd": 0.01464414886132567
    },
    "test_ipcw_weighted_avg": {
        "mean": 0.5310177075212582,
        "variance": 0.0005766353489189453,
        "sd": 0.0240132327877557
    }
}