{
    "n": 3,
    "test_brier_weighted_avg": {
        "mean": 0.20463797339429757,
        "variance": 0.0004909574572918651,
        "sd": 0.02215755982259475
    },
    "test_ipcw_weighted_avg": {
        "mean": 0.5556849229752769,
        "variance": 0.0004511113263734739,
        "sd": 0.021239381496961578
    }
}