{
    "test_loss": 0.5352440476417542,
    "test_brier_0th_event": 0.09592173993587494,
    "test_brier_0th_event_n": 490,
    "test_brier_1th_event": 0.09827163815498352,
    "test_brier_1th_event_n": 452,
    "test_brier_weighted_avg": 0.09704929194759158,
    "test_ipcw_0th_event": 0.7967889818243183,
    "test_ipcw_0th_event_0.25": 0.7976162433624268,
    "test_ipcw_0th_event_0.50": 0.7940245270729065,
    "test_ipcw_0th_event_0.75": 0.7989960312843323,
    "test_ipcw_0th_event_1.00": 0.7962412238121033,
    "test_ipcw_0th_event_n": 1516,
    "test_ipcw_1th_event": 0.7682233278084936,
    "test_ipcw_1th_event_0.25": 0.7661489844322205,
    "test_ipcw_1th_event_0.50": 0.7702512145042419,
    "test_ipcw_1th_event_0.75": 0.7680628299713135,
    "test_ipcw_1th_event_1.00": 0.7677857279777527,
    "test_ipcw_1th_event_n": 1516,
    "test_ipcw_weighted_avg": 0.782506154816406,
    "test_runtime": 0.5862,
    "test_samples_per_second": 2586.068,
    "test_steps_per_second": 5.118
}