{
  "ipcw.mean": 0.8507724016377425,
  "brier.mean": 0.08818311565582292
}