{
    "n": 3,
    "brier": {
        "mean": 0.08818311565582292,
        "variance": 4.269711375971014e-06,
        "sd": 0.002066327993318344
    },
    "ipcw": {
        "mean": 0.8507724016377425,
        "variance": 2.5486729675123335e-06,
        "sd": 0.0015964563782052842
    }
}