{
    "n": 3,
    "brier": {
        "mean": 0.0888132055980788,
        "variance": 1.7198239574968327e-06,
        "sd": 0.0013114205875678607
    },
    "ipcw": {
        "mean": 0.8482444272192196,
        "variance": 1.1431745894271879e-05,
        "sd": 0.003381086496123972
    }
}