{
  "ipcw.mean": 0.8482444272192196,
  "brier.mean": 0.0888132055980788
}