{
    "n": 3,
    "brier": {
        "mean": 0.20455793944029366,
        "variance": 1.1694470876624998e-06,
        "sd": 0.0010814097686180294
    },
    "ipcw": {
        "mean": 0.6175895400854773,
        "variance": 0.00010702166570523119,
        "sd": 0.010345127631171652
    }
}