{
  "ipcw.mean": 0.6175895400854773,
  "brier.mean": 0.20455793944029366
}