{
  "ipcw.mean": 0.5545188952636522,
  "brier.mean": 0.22919333613745052
}