{
    "n": 3,
    "brier": {
        "mean": 0.22919333613745052,
        "variance": 0.01665394815703289,
        "sd": 0.1290501768965579
    },
    "ipcw": {
        "mean": 0.5545188952636522,
        "variance": 0.009860566731381295,
        "sd": 0.0993003863606849
    }
}