{
  "ipcw.mean": 0.6256158768201502,
  "brier.mean": 0.20878008523655314
}