{
    "n": 3,
    "brier": {
        "mean": 0.20878008523655314,
        "variance": 1.7558300263050173e-06,
        "sd": 0.0013250773661582999
    },
    "ipcw": {
        "mean": 0.6256158768201502,
        "variance": 3.1684178434390003e-06,
        "sd": 0.0017800050121949097
    }
}