{
  "ipcw.mean": 0.8370189291129503,
  "brier.mean": 0.08833602014211289
}