{
    "n": 3,
    "brier": {
        "mean": 0.08833602014211289,
        "variance": 4.4139847535397776e-07,
        "sd": 0.0006643782622527454
    },
    "ipcw": {
        "mean": 0.8370189291129503,
        "variance": 5.951536323988998e-06,
        "sd": 0.0024395770789194175
    }
}