{
    "n": 3,
    "brier": {
        "mean": 0.19955285300882133,
        "variance": 2.8369554768329635e-05,
        "sd": 0.0053263077988724645
    },
    "ipcw": {
        "mean": 0.6396226151051952,
        "variance": 0.00024159631199661925,
        "sd": 0.015543368746723449
    }
}