{
  "ipcw.mean": 0.6396226151051952,
  "brier.mean": 0.19955285300882133
}