{
  "ipcw.mean": 0.7483576312080058,
  "brier.mean": 0.11066757059819726
}