{
    "n": 3,
    "brier": {
        "mean": 0.11066757059819726,
        "variance": 3.26396490703185e-05,
        "sd": 0.0057131120302614845
    },
    "ipcw": {
        "mean": 0.7483576312080058,
        "variance": 0.004554152247837934,
        "sd": 0.06748445930610938
    }
}