{
    "test_loss": 0.6948699951171875,
    "test_brier_0th_event": 0.192213237285614,
    "test_brier_0th_event_n": 325,
    "test_brier_weighted_avg": 0.192213237285614,
    "test_ipcw_0th_event": 0.6307361126669402,
    "test_ipcw_0th_event_0.25": 0.6293347477912903,
    "test_ipcw_0th_event_0.50": 0.6301919221878052,
    "test_ipcw_0th_event_0.75": 0.6307877898216248,
    "test_ipcw_0th_event_1.00": 0.6313348412513733,
    "test_ipcw_0th_event_n": 567,
    "test_ipcw_weighted_avg": 0.6307361126669402,
    "test_runtime": 0.1898,
    "test_samples_per_second": 2987.34,
    "test_steps_per_second": 10.537
}