{
    "test_loss": 0.8185023069381714,
    "test_brier_0th_event": 0.22960737347602844,
    "test_brier_0th_event_n": 325,
    "test_brier_weighted_avg": 0.22960737347602844,
    "test_ipcw_0th_event": 0.5877733898249645,
    "test_ipcw_0th_event_0.25": 0.5808056592941284,
    "test_ipcw_0th_event_0.50": 0.5940948128700256,
    "test_ipcw_0th_event_0.75": 0.5920254588127136,
    "test_ipcw_0th_event_1.00": 0.5830941200256348,
    "test_ipcw_0th_event_n": 567,
    "test_ipcw_weighted_avg": 0.5877733898249645,
    "test_runtime": 0.1972,
    "test_samples_per_second": 2874.585,
    "test_steps_per_second": 10.14
}