{
    "n": 3,
    "brier": {
        "mean": 0.1906494784044015,
        "variance": 2.2920613537451717e-05,
        "sd": 0.004787547758242388
    },
    "ipcw": {
        "mean": 0.6224181312378102,
        "variance": 3.097885993488628e-05,
        "sd": 0.005565865605176456
    }
}