{
  "ipcw.mean": 0.6224181312378102,
  "brier.mean": 0.1906494784044015
}