{
  "ipcw.mean": 0.6527055810150344,
  "brier.mean": 0.18602421393435903
}