{
    "n": 3,
    "brier": {
        "mean": 0.18602421393435903,
        "variance": 2.626122126649021e-05,
        "sd": 0.005124570349452743
    },
    "ipcw": {
        "mean": 0.6527055810150344,
        "variance": 3.659138741193729e-05,
        "sd": 0.006049081534575087
    }
}