{
  "ipcw.mean": 0.8492807355214816,
  "brier.mean": 0.08321840870273906
}