{
    "n": 3,
    "brier": {
        "mean": 0.08321840870273906,
        "variance": 9.641891686902462e-06,
        "sd": 0.0031051395599718964
    },
    "ipcw": {
        "mean": 0.8492807355214816,
        "variance": 1.872067862414755e-05,
        "sd": 0.004326739953376855
    }
}