{
    "test_loss": 0.3823568820953369,
    "test_brier_0th_event": 0.10408565402030945,
    "test_brier_0th_event_n": 490,
    "test_brier_1th_event": 0.10966425389051437,
    "test_brier_1th_event_n": 452,
    "test_brier_weighted_avg": 0.10676243442512115,
    "test_ipcw_0th_event": 0.8177546650875654,
    "test_ipcw_0th_event_0.25": 0.8140022158622742,
    "test_ipcw_0th_event_0.50": 0.8180115222930908,
    "test_ipcw_0th_event_0.75": 0.8166975975036621,
    "test_ipcw_0th_event_1.00": 0.8194267153739929,
    "test_ipcw_0th_event_n": 1516,
    "test_ipcw_1th_event": 0.8008784602682137,
    "test_ipcw_1th_event_0.25": 0.7964704632759094,
    "test_ipcw_1th_event_0.50": 0.8000528216362,
    "test_ipcw_1th_event_0.75": 0.8020293116569519,
    "test_ipcw_1th_event_1.00": 0.8016278743743896,
    "test_ipcw_1th_event_n": 1516,
    "test_ipcw_weighted_avg": 0.8093165626778897,
    "test_within_subject_ipcw": 0.7290176473127843,
    "test_within_subject_ipcw_n": 1516,
    "test_within_subject_ipcw_0.25": 0.875,
    "test_within_subject_ipcw_0.50": 0.7368421052631576,
    "test_within_subject_ipcw_0.75": 0.7222222222222222,
    "test_within_subject_ipcw_1.00": 0.691358024691358,
    "test_runtime": 0.9808,
    "test_samples_per_second": 1545.741,
    "test_steps_per_second": 3.059
}