{
    "n": 3,
    "test_brier_weighted_avg": {
        "mean": 0.09894073248405544,
        "variance": 2.449594352283105e-06,
        "sd": 0.001565117999475792
    },
    "test_ipcw_weighted_avg": {
        "mean": 0.8110663627623756,
        "variance": 2.305537104001286e-05,
        "sd": 0.004801600883040245
    },
    "test_within_subject_ipcw": {
        "mean": 0.6508273629332259,
        "variance": 0.0023529326415115343,
        "sd": 0.04850703703084259
    }
}