{
  "ipcw.mean": 0.8447976033976975,
  "brier.mean": 0.08845650646970625
}