{
    "n": 3,
    "brier": {
        "mean": 0.08845650646970625,
        "variance": 1.240809211190052e-06,
        "sd": 0.0011139161598567695
    },
    "ipcw": {
        "mean": 0.8447976033976975,
        "variance": 1.7205355878336615e-05,
        "sd": 0.004147933928877919
    }
}