{
  "ipcw.mean": 0.8519843954059322,
  "brier.mean": 0.08156245311850907
}