{
    "n": 3,
    "brier": {
        "mean": 0.08156245311850907,
        "variance": 6.763439263286702e-06,
        "sd": 0.0026006613126831227
    },
    "ipcw": {
        "mean": 0.8519843954059322,
        "variance": 7.317559677429432e-06,
        "sd": 0.002705098829512414
    }
}