{
    "test_loss": 0.5361984968185425,
    "test_brier_0th_event": 0.09015153348445892,
    "test_brier_0th_event_n": 490,
    "test_brier_1th_event": 0.10237927734851837,
    "test_brier_1th_event_n": 452,
    "test_brier_weighted_avg": 0.09601877364003734,
    "test_ipcw_0th_event": 0.8044537217653656,
    "test_ipcw_0th_event_0.25": 0.8030793070793152,
    "test_ipcw_0th_event_0.50": 0.8035708069801331,
    "test_ipcw_0th_event_0.75": 0.8044189810752869,
    "test_ipcw_0th_event_1.00": 0.8052847385406494,
    "test_ipcw_0th_event_n": 1516,
    "test_ipcw_1th_event": 0.788746777133812,
    "test_ipcw_1th_event_0.25": 0.7887618541717529,
    "test_ipcw_1th_event_0.50": 0.7899903059005737,
    "test_ipcw_1th_event_0.75": 0.788912832736969,
    "test_ipcw_1th_event_1.00": 0.787921130657196,
    "test_ipcw_1th_event_n": 1516,
    "test_ipcw_weighted_avg": 0.7966002494495888,
    "test_runtime": 0.5875,
    "test_samples_per_second": 2580.566,
    "test_steps_per_second": 5.107
}