{
    "n": 3,
    "test_brier_weighted_avg": {
        "mean": 0.20335655907789865,
        "variance": 0.0001994867385529304,
        "sd": 0.014123977433886334
    },
    "test_ipcw_weighted_avg": {
        "mean": 0.600839924554398,
        "variance": 0.0002443130184056841,
        "sd": 0.01563051561547744
    }
}