{
    "test_loss": 2.25998854637146,
    "test_brier_0th_event": 0.2617288827896118,
    "test_brier_0th_event_n": 490,
    "test_brier_1th_event": 0.1503346860408783,
    "test_brier_1th_event_n": 452,
    "test_brier_weighted_avg": 0.20827858880826622,
    "test_ipcw_0th_event": 0.47497131008724097,
    "test_ipcw_0th_event_0.25": 0.4968411922454834,
    "test_ipcw_0th_event_0.50": 0.49056532979011536,
    "test_ipcw_0th_event_0.75": 0.4627336263656616,
    "test_ipcw_0th_event_1.00": 0.47075071930885315,
    "test_ipcw_0th_event_n": 1516,
    "test_ipcw_1th_event": 0.48971617338306944,
    "test_ipcw_1th_event_0.25": 0.5167383551597595,
    "test_ipcw_1th_event_0.50": 0.5160022974014282,
    "test_ipcw_1th_event_0.75": 0.5156951546669006,
    "test_ipcw_1th_event_1.00": 0.4475889205932617,
    "test_ipcw_1th_event_n": 1516,
    "test_ipcw_weighted_avg": 0.48234374173515526,
    "test_runtime": 0.6753,
    "test_samples_per_second": 2244.835,
    "test_steps_per_second": 4.442
}