{
    "test_loss": 0.7197228670120239,
    "test_brier_0th_event": 0.20350438356399536,
    "test_brier_0th_event_n": 325,
    "test_brier_weighted_avg": 0.20350438356399536,
    "test_ipcw_0th_event": 0.5933883608978929,
    "test_ipcw_0th_event_0.25": 0.5781722068786621,
    "test_ipcw_0th_event_0.50": 0.5866484642028809,
    "test_ipcw_0th_event_0.75": 0.6019007563591003,
    "test_ipcw_0th_event_1.00": 0.5941949486732483,
    "test_ipcw_0th_event_n": 567,
    "test_ipcw_weighted_avg": 0.5933883608978929,
    "test_runtime": 0.1902,
    "test_samples_per_second": 2980.869,
    "test_steps_per_second": 10.515
}