{
    "n": 3,
    "brier": {
        "mean": 0.2022199379977128,
        "variance": 6.213462349753885e-06,
        "sd": 0.002492681758619396
    },
    "ipcw": {
        "mean": 0.6152917364867371,
        "variance": 0.0005872869450254001,
        "sd": 0.024234003900003815
    }
}