{
  "ipcw.mean": 0.6152917364867371,
  "brier.mean": 0.2022199379977128
}