{
    "n": 3,
    "brier": {
        "mean": 0.08684560837129615,
        "variance": 4.602613868715906e-07,
        "sd": 0.0006784256679044437
    },
    "ipcw": {
        "mean": 0.841188437346786,
        "variance": 6.559747615079104e-06,
        "sd": 0.002561200424621061
    }
}