{
  "ipcw.mean": 0.841188437346786,
  "brier.mean": 0.08684560837129615
}