{
    "n": 3,
    "brier": {
        "mean": 0.2153073198493641,
        "variance": 8.680877791997514e-06,
        "sd": 0.0029463329397740362
    },
    "ipcw": {
        "mean": 0.6392632250783108,
        "variance": 0.0006555797844611585,
        "sd": 0.025604292305415482
    }
}