{
  "ipcw.mean": 0.6392632250783108,
  "brier.mean": 0.2153073198493641
}