{
  "ipcw.mean": 0.8463045054896496,
  "brier.mean": 0.08602745413271742
}