{
    "n": 3,
    "brier": {
        "mean": 0.08602745413271742,
        "variance": 1.4076486014790519e-06,
        "sd": 0.0011864436781740008
    },
    "ipcw": {
        "mean": 0.8463045054896496,
        "variance": 1.1867281162057473e-05,
        "sd": 0.0034448920392455657
    }
}