{
    "test_loss": 0.7594146728515625,
    "test_brier_0th_event": 0.21951493620872498,
    "test_brier_0th_event_n": 325,
    "test_brier_weighted_avg": 0.21951493620872498,
    "test_ipcw_0th_event": 0.5821244093833617,
    "test_ipcw_0th_event_0.25": 0.5724709630012512,
    "test_ipcw_0th_event_0.50": 0.5809066295623779,
    "test_ipcw_0th_event_0.75": 0.5821173191070557,
    "test_ipcw_0th_event_1.00": 0.5852431654930115,
    "test_ipcw_0th_event_n": 567,
    "test_ipcw_weighted_avg": 0.5821244093833617,
    "test_runtime": 0.2,
    "test_samples_per_second": 2834.688,
    "test_steps_per_second": 9.999
}