{
  "ipcw.mean": 0.6395926150081519,
  "brier.mean": 0.19814591403681045
}