{
    "n": 3,
    "brier": {
        "mean": 0.19814591403681045,
        "variance": 3.5015614523096577e-07,
        "sd": 0.0005917399304009877
    },
    "ipcw": {
        "mean": 0.6395926150081519,
        "variance": 7.032405569895362e-06,
        "sd": 0.0026518683168467025
    }
}