{
    "test_loss": 0.5176599621772766,
    "test_brier_0th_event": 0.09093796461820602,
    "test_brier_0th_event_n": 490,
    "test_brier_1th_event": 0.0899491235613823,
    "test_brier_1th_event_n": 452,
    "test_brier_weighted_avg": 0.09046348886694877,
    "test_ipcw_0th_event": 0.8120091063608156,
    "test_ipcw_0th_event_0.25": 0.8112650513648987,
    "test_ipcw_0th_event_0.50": 0.8115911483764648,
    "test_ipcw_0th_event_0.75": 0.8122931122779846,
    "test_ipcw_0th_event_1.00": 0.8121983408927917,
    "test_ipcw_0th_event_n": 1516,
    "test_ipcw_1th_event": 0.8017602072191522,
    "test_ipcw_1th_event_0.25": 0.800266444683075,
    "test_ipcw_1th_event_0.50": 0.8032337427139282,
    "test_ipcw_1th_event_0.75": 0.8017427921295166,
    "test_ipcw_1th_event_1.00": 0.8013619184494019,
    "test_ipcw_1th_event_n": 1516,
    "test_ipcw_weighted_avg": 0.8068846567899839,
    "test_runtime": 0.7442,
    "test_samples_per_second": 2037.005,
    "test_steps_per_second": 4.031
}