{
  "ipcw.mean": 0.845853679066247,
  "brier.mean": 0.09008527651537282
}