{
    "n": 3,
    "brier": {
        "mean": 0.09008527651537282,
        "variance": 1.6523735619207727e-05,
        "sd": 0.00406493980511492
    },
    "ipcw": {
        "mean": 0.845853679066247,
        "variance": 1.546246261503162e-05,
        "sd": 0.003932233794553882
    }
}