{
    "test_loss": 1.2094296216964722,
    "test_brier_0th_event": 0.15649700164794922,
    "test_brier_0th_event_n": 490,
    "test_brier_1th_event": 0.15705499053001404,
    "test_brier_1th_event_n": 452,
    "test_brier_weighted_avg": 0.15676474153615866,
    "test_ipcw_0th_event": 0.6086484280052741,
    "test_ipcw_0th_event_0.25": 0.6313993334770203,
    "test_ipcw_0th_event_0.50": 0.610923707485199,
    "test_ipcw_0th_event_0.75": 0.5895822644233704,
    "test_ipcw_0th_event_1.00": 0.6159530878067017,
    "test_ipcw_0th_event_n": 1516,
    "test_ipcw_1th_event": 0.6512749034566402,
    "test_ipcw_1th_event_0.25": 0.5886902809143066,
    "test_ipcw_1th_event_0.50": 0.6411777138710022,
    "test_ipcw_1th_event_0.75": 0.6510781645774841,
    "test_ipcw_1th_event_1.00": 0.6742254495620728,
    "test_ipcw_1th_event_n": 1516,
    "test_ipcw_weighted_avg": 0.6299616657309571,
    "test_runtime": 0.5968,
    "test_samples_per_second": 2540.359,
    "test_steps_per_second": 5.027
}