{
  "ipcw.mean": 0.6498964711590633,
  "brier.mean": 0.18870183396396698
}