{
    "n": 3,
    "brier": {
        "mean": 0.18870183396396698,
        "variance": 1.708677400622106e-05,
        "sd": 0.004133615125555482
    },
    "ipcw": {
        "mean": 0.6498964711590633,
        "variance": 1.0785979126523455e-05,
        "sd": 0.0032842014442666964
    }
}