{
    "test_loss": 0.5072318315505981,
    "test_brier_0th_event": 0.09085536003112793,
    "test_brier_0th_event_n": 490,
    "test_brier_1th_event": 0.08986623585224152,
    "test_brier_1th_event_n": 452,
    "test_brier_weighted_avg": 0.09038074842936927,
    "test_ipcw_0th_event": 0.8145681074673645,
    "test_ipcw_0th_event_0.25": 0.8151820302009583,
    "test_ipcw_0th_event_0.50": 0.8142102360725403,
    "test_ipcw_0th_event_0.75": 0.814281702041626,
    "test_ipcw_0th_event_1.00": 0.8147973418235779,
    "test_ipcw_0th_event_n": 1516,
    "test_ipcw_1th_event": 0.8036263881847832,
    "test_ipcw_1th_event_0.25": 0.8035228252410889,
    "test_ipcw_1th_event_0.50": 0.8041516542434692,
    "test_ipcw_1th_event_0.75": 0.8041190505027771,
    "test_ipcw_1th_event_1.00": 0.8029815554618835,
    "test_ipcw_1th_event_n": 1516,
    "test_ipcw_weighted_avg": 0.8090972478260738,
    "test_runtime": 0.5753,
    "test_samples_per_second": 2635.344,
    "test_steps_per_second": 5.215
}