{
    "n": 3,
    "brier": {
        "mean": 0.08617848801459717,
        "variance": 1.6014546900929623e-07,
        "sd": 0.00040018179494986553
    },
    "ipcw": {
        "mean": 0.8529410601871295,
        "variance": 1.0175105718838767e-05,
        "sd": 0.0031898441527508465
    }
}