{
  "ipcw.mean": 0.8529410601871295,
  "brier.mean": 0.08617848801459717
}