{
    "n": 3,
    "brier": {
        "mean": 0.10770717826238281,
        "variance": 3.636444217157597e-05,
        "sd": 0.006030293705249851
    },
    "ipcw": {
        "mean": 0.7526076760976539,
        "variance": 0.0018654072958988522,
        "sd": 0.04319036114573311
    }
}