{
  "ipcw.mean": 0.7526076760976539,
  "brier.mean": 0.10770717826238281
}