{
    "n": 3,
    "brier": {
        "mean": 0.19784182144957152,
        "variance": 4.152604442763653e-05,
        "sd": 0.006444070485930188
    },
    "ipcw": {
        "mean": 0.6289360549741752,
        "variance": 2.6653047715231597e-05,
        "sd": 0.005162658977235625
    }
}