{
  "ipcw.mean": 0.6289360549741752,
  "brier.mean": 0.19784182144957152
}