{
  "ipcw.mean": 0.5729361685849587,
  "brier.mean": 0.22200511827425023
}