{
    "n": 3,
    "brier": {
        "mean": 0.22200511827425023,
        "variance": 3.0807668902584e-06,
        "sd": 0.0017552113520195793
    },
    "ipcw": {
        "mean": 0.5729361685849587,
        "variance": 0.0010772670599800732,
        "sd": 0.03282174675394461
    }
}