{
    "n": 3,
    "test_brier_weighted_avg": {
        "mean": 0.19636649390061697,
        "variance": 0.00015609049065819697,
        "sd": 0.012493617997129452
    },
    "test_ipcw_weighted_avg": {
        "mean": 0.6238463881620059,
        "variance": 7.816831516648141e-05,
        "sd": 0.008841284701132603
    }
}