{
    "test_loss": 0.6811976432800293,
    "test_brier_0th_event": 0.19198578596115112,
    "test_brier_0th_event_n": 325,
    "test_brier_weighted_avg": 0.19198578596115112,
    "test_ipcw_0th_event": 0.5995001481864058,
    "test_ipcw_0th_event_0.25": 0.6114521026611328,
    "test_ipcw_0th_event_0.50": 0.6104567646980286,
    "test_ipcw_0th_event_0.75": 0.6161432862281799,
    "test_ipcw_0th_event_1.00": 0.5780460238456726,
    "test_ipcw_0th_event_n": 567,
    "test_ipcw_weighted_avg": 0.5995001481864058,
    "test_runtime": 0.1796,
    "test_samples_per_second": 3156.965,
    "test_steps_per_second": 11.136
}