{
    "n": 3,
    "brier": {
        "mean": 0.0,
        "variance": 0.0,
        "sd": 0.0
    },
    "ipcw": {
        "mean": 0.6502203712455328,
        "variance": 5.397621445715325e-05,
        "sd": 0.007346850648893936
    }
}