{
    "n": 3,
    "brier": {
        "mean": 0.17953894575374477,
        "variance": 4.931958052224764e-07,
        "sd": 0.0007022790081032441
    },
    "ipcw": {
        "mean": 0.6665566715349066,
        "variance": 6.421998312570418e-06,
        "sd": 0.0025341661967144967
    }
}