{
  "ipcw.mean": 0.6665566715349066,
  "brier.mean": 0.17953894575374477
}