{
    "n": 3,
    "test_brier_weighted_avg": {
        "mean": 0.4251714194698312,
        "variance": 0.015591759725692142,
        "sd": 0.12486696811283655
    },
    "test_ipcw_weighted_avg": {
        "mean": 0.4864475598161469,
        "variance": 0.00016614712269098555,
        "sd": 0.012889806929934427
    }
}