{
  "ipcw.mean": 0.6465265732980681,
  "brier.mean": 0.20186599636954722
}