{
    "n": 3,
    "brier": {
        "mean": 0.20186599636954722,
        "variance": 2.253127672069799e-06,
        "sd": 0.0015010421952995855
    },
    "ipcw": {
        "mean": 0.6465265732980681,
        "variance": 0.0003089663636122221,
        "sd": 0.017577439051586045
    }
}