{
    "n": 3,
    "brier": {
        "mean": 0.1895645707311697,
        "variance": 0.012720621195161758,
        "sd": 0.11278573134559955
    },
    "ipcw": {
        "mean": 0.6398161580565865,
        "variance": 0.015635508670998225,
        "sd": 0.12504202761870997
    }
}