{
  "ipcw.mean": 0.6398161580565865,
  "brier.mean": 0.1895645707311697
}