{
    "test_loss": 3.492832899093628,
    "test_brier_0th_event": 0.49254414439201355,
    "test_brier_0th_event_n": 490,
    "test_brier_1th_event": 0.430173397064209,
    "test_brier_1th_event_n": 452,
    "test_brier_weighted_avg": 0.4626167794321753,
    "test_ipcw_0th_event": 0.563004794627693,
    "test_ipcw_0th_event_0.25": 0.44588422775268555,
    "test_ipcw_0th_event_0.50": 0.559573233127594,
    "test_ipcw_0th_event_0.75": 0.5867214202880859,
    "test_ipcw_0th_event_1.00": 0.5781413316726685,
    "test_ipcw_0th_event_n": 1516,
    "test_ipcw_1th_event": 0.5135291297251426,
    "test_ipcw_1th_event_0.25": 0.5031294226646423,
    "test_ipcw_1th_event_0.50": 0.4920443296432495,
    "test_ipcw_1th_event_0.75": 0.5233771800994873,
    "test_ipcw_1th_event_1.00": 0.5207564830780029,
    "test_ipcw_1th_event_n": 1516,
    "test_ipcw_weighted_avg": 0.5382669621764178,
    "test_runtime": 0.6258,
    "test_samples_per_second": 2422.633,
    "test_steps_per_second": 4.794
}