{
    "n": 3,
    "brier": {
        "mean": 0.10687934404209495,
        "variance": 1.2347353716432869e-05,
        "sd": 0.0035138801511196806
    },
    "ipcw": {
        "mean": 0.7190061010030783,
        "variance": 4.8085667011059725e-05,
        "sd": 0.006934382958206139
    }
}