{
  "ipcw.mean": 0.7190061010030783,
  "brier.mean": 0.10687934404209495
}