{
    "n": 3,
    "brier": {
        "mean": 0.1967620519027592,
        "variance": 1.017531470275887e-06,
        "sd": 0.0010087276492075981
    },
    "ipcw": {
        "mean": 0.6401432943857579,
        "variance": 5.3186664883470236e-05,
        "sd": 0.007292918817830775
    }
}