{
  "ipcw.mean": 0.6401432943857579,
  "brier.mean": 0.1967620519027592
}