{
  "ipcw.mean": 0.8360724716961186,
  "brier.mean": 0.08978833362741001
}