{
    "n": 3,
    "brier": {
        "mean": 0.08978833362741001,
        "variance": 5.942655653227603e-06,
        "sd": 0.002437756274369446
    },
    "ipcw": {
        "mean": 0.8360724716961186,
        "variance": 3.474150863018484e-06,
        "sd": 0.0018639074180383756
    }
}