{
    "n": 3,
    "brier": {
        "mean": 0.18695098613778133,
        "variance": 1.6639807864411758e-05,
        "sd": 0.004079192060250627
    },
    "ipcw": {
        "mean": 0.6593730025679081,
        "variance": 0.00011448061538449954,
        "sd": 0.01069956145757851
    }
}