{
  "ipcw.mean": 0.6593730025679081,
  "brier.mean": 0.18695098613778133
}