{
    "test_loss": 1.548033595085144,
    "test_brier_0th_event": 0.50323086977005,
    "test_brier_0th_event_n": 490,
    "test_brier_1th_event": 0.43925973773002625,
    "test_brier_1th_event_n": 452,
    "test_brier_weighted_avg": 0.4725355919758985,
    "test_ipcw_0th_event": 0.5456324841769935,
    "test_ipcw_0th_event_0.25": 0.5065850615501404,
    "test_ipcw_0th_event_0.50": 0.5466793775558472,
    "test_ipcw_0th_event_0.75": 0.5513593554496765,
    "test_ipcw_0th_event_1.00": 0.5512653589248657,
    "test_ipcw_0th_event_n": 1516,
    "test_ipcw_1th_event": 0.46565710991848897,
    "test_ipcw_1th_event_0.25": 0.4659588932991028,
    "test_ipcw_1th_event_0.50": 0.5078364610671997,
    "test_ipcw_1th_event_0.75": 0.4436788558959961,
    "test_ipcw_1th_event_1.00": 0.45902833342552185,
    "test_ipcw_1th_event_n": 1516,
    "test_ipcw_weighted_avg": 0.5056447970477412,
    "test_runtime": 0.8336,
    "test_samples_per_second": 1818.651,
    "test_steps_per_second": 3.599
}