covariate,coef,exp(coef),se(coef),coef lower 95%,coef upper 95%,exp(coef) lower 95%,exp(coef) upper 95%,cmp to,z,p,-log2(p)
split_train,0.008215351315159658,1.0082491899156312,0.06519339737199029,-0.1195613595637495,0.1359920621940688,0.8873095612210705,1.1456727994304257,0.0,0.126015081991866,0.8997199860436431,0.1524520241149411
split_valid,0.011651725334223036,1.0117198711005828,0.09923325496868535,-0.18284188047308061,0.2061453311415267,0.8328998430548035,1.2289317930780665,0.0,0.11741754654626542,0.9065291801172206,0.14157463549944418
