{
    "n": 3,
    "brier": {
        "mean": 0.22149301437893898,
        "variance": 8.438988177334478e-07,
        "sd": 0.0009186396560858059
    },
    "ipcw": {
        "mean": 0.5745154971023274,
        "variance": 0.0023524163343549937,
        "sd": 0.048501714756851576
    }
}