{
  "ipcw.mean": 0.5745154971023274,
  "brier.mean": 0.22149301437893898
}