{
    "test_loss": 0.5262243747711182,
    "test_brier_0th_event": 0.09285987913608551,
    "test_brier_0th_event_n": 490,
    "test_brier_1th_event": 0.09265545010566711,
    "test_brier_1th_event_n": 452,
    "test_brier_weighted_avg": 0.09276178792403762,
    "test_ipcw_0th_event": 0.8040692092626444,
    "test_ipcw_0th_event_0.25": 0.801392674446106,
    "test_ipcw_0th_event_0.50": 0.8018520474433899,
    "test_ipcw_0th_event_0.75": 0.8044880032539368,
    "test_ipcw_0th_event_1.00": 0.8055610656738281,
    "test_ipcw_0th_event_n": 1516,
    "test_ipcw_1th_event": 0.7945574946391349,
    "test_ipcw_1th_event_0.25": 0.7944390773773193,
    "test_ipcw_1th_event_0.50": 0.7939020991325378,
    "test_ipcw_1th_event_0.75": 0.794377326965332,
    "test_ipcw_1th_event_1.00": 0.7950944900512695,
    "test_ipcw_1th_event_n": 1516,
    "test_ipcw_weighted_avg": 0.7993133519508896,
    "test_runtime": 0.6133,
    "test_samples_per_second": 2472.027,
    "test_steps_per_second": 4.892
}