{
    "test_loss": 0.7570173144340515,
    "test_brier_0th_event": 0.2079559862613678,
    "test_brier_0th_event_n": 325,
    "test_brier_weighted_avg": 0.2079559862613678,
    "test_ipcw_0th_event": 0.6210155387237234,
    "test_ipcw_0th_event_0.25": 0.6184154748916626,
    "test_ipcw_0th_event_0.50": 0.6205812692642212,
    "test_ipcw_0th_event_0.75": 0.6223993897438049,
    "test_ipcw_0th_event_1.00": 0.6208435297012329,
    "test_ipcw_0th_event_n": 567,
    "test_ipcw_weighted_avg": 0.6210155387237234,
    "test_runtime": 0.1831,
    "test_samples_per_second": 3096.79,
    "test_steps_per_second": 10.923
}