{
    "n": 3,
    "brier": {
        "mean": 0.08645969441396975,
        "variance": 2.8694207484732224e-06,
        "sd": 0.0016939364653000485
    },
    "ipcw": {
        "mean": 0.8326608951621398,
        "variance": 4.590157593330462e-05,
        "sd": 0.006775070179216199
    }
}