{
  "ipcw.mean": 0.8326608951621398,
  "brier.mean": 0.08645969441396975
}