{
    "n": 3,
    "brier": {
        "mean": 0.08429758858189612,
        "variance": 5.1094551204490365e-06,
        "sd": 0.0022604103876174867
    },
    "ipcw": {
        "mean": 0.8395331804004096,
        "variance": 5.734055167348289e-05,
        "sd": 0.0075723544339579675
    }
}