{
  "ipcw.mean": 0.8395331804004096,
  "brier.mean": 0.08429758858189612
}