{
    "n": 3,
    "brier": {
        "mean": 0.08729830235636131,
        "variance": 1.1316480471365195e-06,
        "sd": 0.0010637894750073998
    },
    "ipcw": {
        "mean": 0.8381030505026257,
        "variance": 1.9275862254229798e-06,
        "sd": 0.0013883753906717663
    }
}