{
  "ipcw.mean": 0.8381030505026257,
  "brier.mean": 0.08729830235636131
}