{
    "n": 3,
    "brier": {
        "mean": 0.178192844086348,
        "variance": 5.273267644483802e-07,
        "sd": 0.000726172682251529
    },
    "ipcw": {
        "mean": 0.6847589880786361,
        "variance": 1.0577634388840791e-05,
        "sd": 0.003252327534065533
    }
}