{
  "ipcw.mean": 0.6847589880786361,
  "brier.mean": 0.178192844086348
}