{
    "n": 3,
    "test_brier_weighted_avg": {
        "mean": 0.18843483428160349,
        "variance": 0.0001267378824346317,
        "sd": 0.011257792076363451
    },
    "test_ipcw_weighted_avg": {
        "mean": 0.6168208744338086,
        "variance": 0.0005429243366085176,
        "sd": 0.023300736825442186
    }
}