{
    "n": 3,
    "test_brier_weighted_avg": {
        "mean": 0.0879674584903487,
        "variance": 1.532425478205149e-05,
        "sd": 0.003914620643440624
    },
    "test_ipcw_weighted_avg": {
        "mean": 0.7956400897669443,
        "variance": 4.8609980888235844e-05,
        "sd": 0.006972085834829907
    }
}