{
    "test_loss": 0.7006440162658691,
    "test_brier_0th_event": 0.19491609930992126,
    "test_brier_0th_event_n": 325,
    "test_brier_weighted_avg": 0.19491609930992126,
    "test_ipcw_0th_event": 0.592524391716545,
    "test_ipcw_0th_event_0.25": 0.6019343733787537,
    "test_ipcw_0th_event_0.50": 0.5984023213386536,
    "test_ipcw_0th_event_0.75": 0.5967274904251099,
    "test_ipcw_0th_event_1.00": 0.5838749408721924,
    "test_ipcw_0th_event_n": 567,
    "test_ipcw_weighted_avg": 0.592524391716545,
    "test_runtime": 0.185,
    "test_samples_per_second": 3065.099,
    "test_steps_per_second": 10.812
}