{
    "n": 3,
    "brier": {
        "mean": 0.17801349142644565,
        "variance": 2.248664235788444e-06,
        "sd": 0.0014995546791592641
    },
    "ipcw": {
        "mean": 0.655199658617966,
        "variance": 2.0938548507774694e-05,
        "sd": 0.004575865875195064
    }
}