{
  "ipcw.mean": 0.655199658617966,
  "brier.mean": 0.17801349142644565
}