{
    "n": 3,
    "brier": {
        "mean": 0.0867819803937123,
        "variance": 2.5866286131845434e-06,
        "sd": 0.0016082999139415955
    },
    "ipcw": {
        "mean": 0.8570461515505298,
        "variance": 3.483542631776492e-05,
        "sd": 0.005902154379357162
    }
}