{
  "ipcw.mean": 0.8570461515505298,
  "brier.mean": 0.0867819803937123
}