{
  "ipcw.mean": 0.8274129953246946,
  "brier.mean": 0.0962767010142831
}