{
    "n": 3,
    "brier": {
        "mean": 0.0962767010142831,
        "variance": 3.524282750585566e-05,
        "sd": 0.005936566979817179
    },
    "ipcw": {
        "mean": 0.8274129953246946,
        "variance": 0.00033761120213229016,
        "sd": 0.018374199360306563
    }
}