{
  "ipcw.mean": 0.8452072453321395,
  "brier.mean": 0.08562758419290335
}