{
    "n": 3,
    "brier": {
        "mean": 0.08562758419290335,
        "variance": 1.030619550948893e-06,
        "sd": 0.0010151943414681217
    },
    "ipcw": {
        "mean": 0.8452072453321395,
        "variance": 4.498851443220765e-06,
        "sd": 0.0021210496088542494
    }
}