{
  "ipcw.mean": 0.6147737065588265,
  "brier.mean": 0.2103668008830171
}