{
    "n": 3,
    "brier": {
        "mean": 0.2103668008830171,
        "variance": 3.864545219282285e-05,
        "sd": 0.006216546645270415
    },
    "ipcw": {
        "mean": 0.6147737065588265,
        "variance": 5.297874378309899e-05,
        "sd": 0.007278649859905268
    }
}