{
    "n": 3,
    "brier": {
        "mean": 0.212426331694265,
        "variance": 8.730586738472022e-06,
        "sd": 0.002954756629313491
    },
    "ipcw": {
        "mean": 0.5176388510847306,
        "variance": 0.00825702884681583,
        "sd": 0.09086819491337897
    }
}