{
  "ipcw.mean": 0.5176388510847306,
  "brier.mean": 0.212426331694265
}