{
    "test_loss": 0.7418742775917053,
    "test_brier_0th_event": 0.20712925493717194,
    "test_brier_0th_event_n": 325,
    "test_brier_weighted_avg": 0.20712925493717194,
    "test_ipcw_0th_event": 0.5402295391247111,
    "test_ipcw_0th_event_0.25": 0.5411831736564636,
    "test_ipcw_0th_event_0.50": 0.5412821173667908,
    "test_ipcw_0th_event_0.75": 0.5400100946426392,
    "test_ipcw_0th_event_1.00": 0.5396174788475037,
    "test_ipcw_0th_event_n": 567,
    "test_ipcw_weighted_avg": 0.5402295391247111,
    "test_runtime": 0.1965,
    "test_samples_per_second": 2885.821,
    "test_steps_per_second": 10.179
}