{
    "n": 3,
    "test_brier_weighted_avg": {
        "mean": 0.09044091208634031,
        "variance": 1.2080544778697708e-05,
        "sd": 0.00347570780974145
    },
    "test_ipcw_weighted_avg": {
        "mean": 0.7947769818547655,
        "variance": 2.501353744141301e-05,
        "sd": 0.005001353560928582
    }
}