{
  "ipcw.mean": 0.640542544011633,
  "brier.mean": 0.2029014841612842
}