{
    "n": 3,
    "brier": {
        "mean": 0.2029014841612842,
        "variance": 5.621425159950093e-06,
        "sd": 0.0023709544828929324
    },
    "ipcw": {
        "mean": 0.640542544011633,
        "variance": 8.756187161487233e-05,
        "sd": 0.009357450059437791
    }
}