{
    "n": 3,
    "brier": {
        "mean": 0.19719813097442718,
        "variance": 1.4669595854713917e-05,
        "sd": 0.0038300908415746376
    },
    "ipcw": {
        "mean": 0.6622799347921022,
        "variance": 7.648139302250784e-05,
        "sd": 0.008745364087475595
    }
}