{
  "ipcw.mean": 0.6622799347921022,
  "brier.mean": 0.19719813097442718
}