{
    "n": 3,
    "brier": {
        "mean": 0.19798925936818212,
        "variance": 4.4093325492907224e-05,
        "sd": 0.006640280528178551
    },
    "ipcw": {
        "mean": 0.6367514760175322,
        "variance": 8.115523582821461e-05,
        "sd": 0.009008620084575363
    }
}