{
  "ipcw.mean": 0.6367514760175322,
  "brier.mean": 0.19798925936818212
}