{
  "ipcw.mean": 0.6327934715880478,
  "brier.mean": 0.20342663233219482
}