{
    "n": 3,
    "brier": {
        "mean": 0.20342663233219482,
        "variance": 4.342607497951569e-05,
        "sd": 0.006589846354773053
    },
    "ipcw": {
        "mean": 0.6327934715880478,
        "variance": 0.0004056019006391464,
        "sd": 0.02013956058704227
    }
}