{
    "n": 3,
    "brier": {
        "mean": 0.20591123377485335,
        "variance": 1.2204150821237776e-05,
        "sd": 0.0034934439771145288
    },
    "ipcw": {
        "mean": 0.6496323091343196,
        "variance": 8.529863562881236e-05,
        "sd": 0.009235726047735086
    }
}