{
  "ipcw.mean": 0.6496323091343196,
  "brier.mean": 0.20591123377485335
}