{
  "ipcw.mean": 0.8480739236263399,
  "brier.mean": 0.08821602840571213
}