{
    "n": 3,
    "brier": {
        "mean": 0.08821602840571213,
        "variance": 2.770139694571738e-06,
        "sd": 0.0016643736643469633
    },
    "ipcw": {
        "mean": 0.8480739236263399,
        "variance": 4.5278970118207105e-07,
        "sd": 0.0006728965010921598
    }
}