{
  "ipcw.mean": 0.8562282631943073,
  "brier.mean": 0.08319881443234234
}