{
    "n": 3,
    "brier": {
        "mean": 0.08319881443234234,
        "variance": 9.089968739558065e-07,
        "sd": 0.0009534132755294561
    },
    "ipcw": {
        "mean": 0.8562282631943073,
        "variance": 9.516479034101273e-07,
        "sd": 0.0009755244248147389
    }
}