{
    "test_loss": 1.0065035820007324,
    "test_brier_0th_event": 0.1324792355298996,
    "test_brier_0th_event_n": 490,
    "test_brier_1th_event": 0.18475526571273804,
    "test_brier_1th_event_n": 452,
    "test_brier_weighted_avg": 0.15756285086179236,
    "test_ipcw_0th_event": 0.5671804933752277,
    "test_ipcw_0th_event_0.25": 0.5728758573532104,
    "test_ipcw_0th_event_0.50": 0.546625554561615,
    "test_ipcw_0th_event_0.75": 0.5694785118103027,
    "test_ipcw_0th_event_1.00": 0.5740019083023071,
    "test_ipcw_0th_event_n": 1516,
    "test_ipcw_1th_event": 0.5892130080784593,
    "test_ipcw_1th_event_0.25": 0.5854141712188721,
    "test_ipcw_1th_event_0.50": 0.5874884724617004,
    "test_ipcw_1th_event_0.75": 0.5985255241394043,
    "test_ipcw_1th_event_1.00": 0.5840262174606323,
    "test_ipcw_1th_event_n": 1516,
    "test_ipcw_weighted_avg": 0.5781967507268435,
    "test_runtime": 0.5907,
    "test_samples_per_second": 2566.551,
    "test_steps_per_second": 5.079
}