{
    "test_loss": 0.6934280395507812,
    "test_brier_0th_event": 0.1923692375421524,
    "test_brier_0th_event_n": 325,
    "test_brier_weighted_avg": 0.1923692375421524,
    "test_ipcw_0th_event": 0.605414393240387,
    "test_ipcw_0th_event_0.25": 0.6018782258033752,
    "test_ipcw_0th_event_0.50": 0.6030651926994324,
    "test_ipcw_0th_event_0.75": 0.6087464094161987,
    "test_ipcw_0th_event_1.00": 0.6049579381942749,
    "test_ipcw_0th_event_n": 567,
    "test_ipcw_weighted_avg": 0.605414393240387,
    "test_runtime": 0.1832,
    "test_samples_per_second": 3094.964,
    "test_steps_per_second": 10.917
}