{
  "ipcw.mean": 0.5047079153938049,
  "brier.mean": 0.3908705255253949
}