{
    "n": 3,
    "brier": {
        "mean": 0.3908705255253949,
        "variance": 0.0037717357958437494,
        "sd": 0.06141445917570022
    },
    "ipcw": {
        "mean": 0.5047079153938049,
        "variance": 0.00041352736825927736,
        "sd": 0.020335372341299222
    }
}