{
  "ipcw.mean": 0.5638292027459323,
  "brier.mean": 0.21936945877188618
}