{
    "n": 3,
    "brier": {
        "mean": 0.21936945877188618,
        "variance": 5.582885925686424e-07,
        "sd": 0.0007471871201838549
    },
    "ipcw": {
        "mean": 0.5638292027459323,
        "variance": 0.012525558842820162,
        "sd": 0.1119176431257385
    }
}