{
    "test_loss": 0.6016033291816711,
    "test_brier_0th_event": 0.12186343967914581,
    "test_brier_0th_event_n": 490,
    "test_brier_1th_event": 0.12072782963514328,
    "test_brier_1th_event_n": 452,
    "test_brier_weighted_avg": 0.12131853974295777,
    "test_ipcw_0th_event": 0.6862850976067392,
    "test_ipcw_0th_event_0.25": 0.6893630027770996,
    "test_ipcw_0th_event_0.50": 0.6883285641670227,
    "test_ipcw_0th_event_0.75": 0.6911917924880981,
    "test_ipcw_0th_event_1.00": 0.6807057857513428,
    "test_ipcw_0th_event_n": 1516,
    "test_ipcw_1th_event": 0.6827266927786368,
    "test_ipcw_1th_event_0.25": 0.6872081160545349,
    "test_ipcw_1th_event_0.50": 0.6856451034545898,
    "test_ipcw_1th_event_0.75": 0.6810625195503235,
    "test_ipcw_1th_event_1.00": 0.6811551451683044,
    "test_ipcw_1th_event_n": 1516,
    "test_ipcw_weighted_avg": 0.684505895192688,
    "test_runtime": 0.658,
    "test_samples_per_second": 2303.787,
    "test_steps_per_second": 4.559
}