{
    "n": 3,
    "brier": {
        "mean": 0.0,
        "variance": 0.0,
        "sd": 0.0
    },
    "ipcw": {
        "mean": 0.6544620370817247,
        "variance": 0.0005747679368529442,
        "sd": 0.023974318277126132
    }
}