{
  "ipcw.mean": 0.8359640003611171,
  "brier.mean": 0.088300095382007
}