{
    "n": 3,
    "brier": {
        "mean": 0.088300095382007,
        "variance": 1.4452370365322364e-06,
        "sd": 0.0012021801181737438
    },
    "ipcw": {
        "mean": 0.8359640003611171,
        "variance": 2.574541295838702e-06,
        "sd": 0.0016045377202916428
    }
}