{
  "ipcw.mean": 0.6675513952095908,
  "brier.mean": 0.17382420111330574
}