{
    "n": 3,
    "brier": {
        "mean": 0.17382420111330574,
        "variance": 6.880164400886014e-07,
        "sd": 0.0008294675642173125
    },
    "ipcw": {
        "mean": 0.6675513952095908,
        "variance": 4.2926862971910906e-05,
        "sd": 0.006551859504897133
    }
}