{
    "test_loss": 3.5053646564483643,
    "test_brier_0th_event": 0.12498365342617035,
    "test_brier_0th_event_n": 490,
    "test_brier_1th_event": 0.33552518486976624,
    "test_brier_1th_event_n": 452,
    "test_brier_weighted_avg": 0.22600782774942443,
    "test_ipcw_0th_event": 0.7355565296225521,
    "test_ipcw_0th_event_0.25": 0.6904320120811462,
    "test_ipcw_0th_event_0.50": 0.7189062833786011,
    "test_ipcw_0th_event_0.75": 0.7464070916175842,
    "test_ipcw_0th_event_1.00": 0.7476198673248291,
    "test_ipcw_0th_event_n": 1516,
    "test_ipcw_1th_event": 0.5514191658494831,
    "test_ipcw_1th_event_0.25": 0.5396497249603271,
    "test_ipcw_1th_event_0.50": 0.5126961469650269,
    "test_ipcw_1th_event_0.75": 0.586664080619812,
    "test_ipcw_1th_event_1.00": 0.549023449420929,
    "test_ipcw_1th_event_n": 1516,
    "test_ipcw_weighted_avg": 0.6434878477360176,
    "test_runtime": 0.7037,
    "test_samples_per_second": 2154.226,
    "test_steps_per_second": 4.263
}