{
    "n": 3,
    "brier": {
        "mean": 0.2206738719490344,
        "variance": 7.471896118435131e-05,
        "sd": 0.008644013025461687
    },
    "ipcw": {
        "mean": 0.5868138106196603,
        "variance": 0.014709407564873857,
        "sd": 0.12128234646837048
    }
}