{
  "ipcw.mean": 0.5868138106196603,
  "brier.mean": 0.2206738719490344
}