{
    "n": 3,
    "brier": {
        "mean": 0.22110997182226128,
        "variance": 2.982701532121167e-05,
        "sd": 0.005461411477009554
    },
    "ipcw": {
        "mean": 0.5544074149010243,
        "variance": 0.0003876825195828906,
        "sd": 0.019689655141289057
    }
}