{
  "ipcw.mean": 0.5544074149010243,
  "brier.mean": 0.22110997182226128
}