{
    "test_loss": 0.7234840989112854,
    "test_brier_0th_event": 0.19643297791481018,
    "test_brier_0th_event_n": 325,
    "test_brier_weighted_avg": 0.19643297791481018,
    "test_ipcw_0th_event": 0.584880676590702,
    "test_ipcw_0th_event_0.25": 0.5870516300201416,
    "test_ipcw_0th_event_0.50": 0.5874501466751099,
    "test_ipcw_0th_event_0.75": 0.5884506702423096,
    "test_ipcw_0th_event_1.00": 0.580268919467926,
    "test_ipcw_0th_event_n": 567,
    "test_ipcw_weighted_avg": 0.584880676590702,
    "test_runtime": 0.1825,
    "test_samples_per_second": 3107.29,
    "test_steps_per_second": 10.96
}