{
    "n": 3,
    "brier": {
        "mean": 0.19677962025941337,
        "variance": 2.887887627761401e-05,
        "sd": 0.0053739069844587015
    },
    "ipcw": {
        "mean": 0.6564932022042642,
        "variance": 0.00024332349094359019,
        "sd": 0.015598829794045135
    }
}