{
  "ipcw.mean": 0.6564932022042642,
  "brier.mean": 0.19677962025941337
}