{
    "n": 3,
    "test_brier_weighted_avg": {
        "mean": 0.4779966828945747,
        "variance": 1.317505887792807e-05,
        "sd": 0.0036297463930594475
    },
    "test_ipcw_weighted_avg": {
        "mean": 0.4999917059225793,
        "variance": 3.369795116786157e-05,
        "sd": 0.005804993640639201
    }
}