{
    "n": 3,
    "brier": {
        "mean": 0.19402591984993942,
        "variance": 2.2214638078907238e-05,
        "sd": 0.004713240719389074
    },
    "ipcw": {
        "mean": 0.6356115243785425,
        "variance": 9.270583198919315e-06,
        "sd": 0.0030447632418497362
    }
}