{
  "ipcw.mean": 0.6356115243785425,
  "brier.mean": 0.19402591984993942
}