{
  "ipcw.mean": 0.8435015219491292,
  "brier.mean": 0.08878438183435475
}