{
    "n": 3,
    "brier": {
        "mean": 0.08878438183435475,
        "variance": 3.3821909369065506e-07,
        "sd": 0.0005815660699272741
    },
    "ipcw": {
        "mean": 0.8435015219491292,
        "variance": 5.573894566995641e-06,
        "sd": 0.002360909690563288
    }
}