{
    "test_loss": 0.745361864566803,
    "test_brier_0th_event": 0.194698765873909,
    "test_brier_0th_event_n": 325,
    "test_brier_weighted_avg": 0.194698765873909,
    "test_ipcw_0th_event": 0.6011636819943641,
    "test_ipcw_0th_event_0.25": 0.5980860590934753,
    "test_ipcw_0th_event_0.50": 0.6012369394302368,
    "test_ipcw_0th_event_0.75": 0.6024354100227356,
    "test_ipcw_0th_event_1.00": 0.6009436845779419,
    "test_ipcw_0th_event_n": 567,
    "test_ipcw_weighted_avg": 0.6011636819943641,
    "test_runtime": 0.2418,
    "test_samples_per_second": 2344.612,
    "test_steps_per_second": 8.27
}