{
    "test_loss": 0.7372211217880249,
    "test_brier_0th_event": 0.206604465842247,
    "test_brier_0th_event_n": 325,
    "test_brier_weighted_avg": 0.206604465842247,
    "test_ipcw_0th_event": 0.593688337041915,
    "test_ipcw_0th_event_0.25": 0.5902899503707886,
    "test_ipcw_0th_event_0.50": 0.60169517993927,
    "test_ipcw_0th_event_0.75": 0.6002995371818542,
    "test_ipcw_0th_event_1.00": 0.5854161381721497,
    "test_ipcw_0th_event_n": 567,
    "test_ipcw_weighted_avg": 0.593688337041915,
    "test_runtime": 0.1776,
    "test_samples_per_second": 3192.462,
    "test_steps_per_second": 11.261
}