{
  "ipcw.mean": 0.8366656719086193,
  "brier.mean": 0.09073829065958423
}