{
    "n": 3,
    "brier": {
        "mean": 0.09073829065958423,
        "variance": 5.961931877851521e-07,
        "sd": 0.0007721354724302932
    },
    "ipcw": {
        "mean": 0.8366656719086193,
        "variance": 5.577012277298164e-07,
        "sd": 0.0007467939660507551
    }
}