{
    "test_loss": 0.5402106642723083,
    "test_brier_0th_event": 0.09931789338588715,
    "test_brier_0th_event_n": 490,
    "test_brier_1th_event": 0.1040835902094841,
    "test_brier_1th_event_n": 452,
    "test_brier_weighted_avg": 0.10160461840103133,
    "test_ipcw_0th_event": 0.798978369469207,
    "test_ipcw_0th_event_0.25": 0.798912525177002,
    "test_ipcw_0th_event_0.50": 0.7999036312103271,
    "test_ipcw_0th_event_0.75": 0.799760639667511,
    "test_ipcw_0th_event_1.00": 0.7979439496994019,
    "test_ipcw_0th_event_n": 1516,
    "test_ipcw_1th_event": 0.7741067412047439,
    "test_ipcw_1th_event_0.25": 0.7762295603752136,
    "test_ipcw_1th_event_0.50": 0.7775695323944092,
    "test_ipcw_1th_event_0.75": 0.7741389870643616,
    "test_ipcw_1th_event_1.00": 0.7715688943862915,
    "test_ipcw_1th_event_n": 1516,
    "test_ipcw_weighted_avg": 0.7865425553369754,
    "test_runtime": 0.5868,
    "test_samples_per_second": 2583.412,
    "test_steps_per_second": 5.112
}