{
  "ipcw.mean": 0.6144821027607659,
  "brier.mean": 0.21118988377481726
}