{
    "n": 3,
    "brier": {
        "mean": 0.21118988377481726,
        "variance": 2.491237891405579e-07,
        "sd": 0.0004991230200467195
    },
    "ipcw": {
        "mean": 0.6144821027607659,
        "variance": 7.66948519724114e-05,
        "sd": 0.008757559704187656
    }
}