{
  "ipcw.mean": 0.8483958695645748,
  "brier.mean": 0.0854396170883552
}