{
    "n": 3,
    "brier": {
        "mean": 0.0854396170883552,
        "variance": 1.6361034601194312e-06,
        "sd": 0.0012791025995280564
    },
    "ipcw": {
        "mean": 0.8483958695645748,
        "variance": 4.673636563642397e-06,
        "sd": 0.002161859515242005
    }
}