{
    "n": 3,
    "test_brier_weighted_avg": {
        "mean": 0.18909571568171182,
        "variance": 0.00014893375890342073,
        "sd": 0.012203841973059988
    },
    "test_ipcw_weighted_avg": {
        "mean": 0.6168187726389672,
        "variance": 0.00019456983379980357,
        "sd": 0.013948829119313333
    }
}