{
    "n": 3,
    "test_brier_weighted_avg": {
        "mean": 0.08718999057202165,
        "variance": 4.3018471221410595e-06,
        "sd": 0.002074089468210342
    },
    "test_ipcw_weighted_avg": {
        "mean": 0.7916463763435384,
        "variance": 6.044565756984004e-05,
        "sd": 0.007774680544552299
    }
}