{
  "ipcw.mean": 0.8445955051546974,
  "brier.mean": 0.08839046212843767
}