{
    "n": 3,
    "brier": {
        "mean": 0.08839046212843767,
        "variance": 5.042045525084765e-07,
        "sd": 0.0007100736247097737
    },
    "ipcw": {
        "mean": 0.8445955051546974,
        "variance": 7.387420353461077e-06,
        "sd": 0.0027179809332409004
    }
}