{
    "test_loss": 0.5267783403396606,
    "test_brier_0th_event": 0.09234141558408737,
    "test_brier_0th_event_n": 490,
    "test_brier_1th_event": 0.09404034167528152,
    "test_brier_1th_event_n": 452,
    "test_brier_weighted_avg": 0.09315661154291939,
    "test_ipcw_0th_event": 0.8208495687933209,
    "test_ipcw_0th_event_0.25": 0.8209125399589539,
    "test_ipcw_0th_event_0.50": 0.819756031036377,
    "test_ipcw_0th_event_0.75": 0.8201752305030823,
    "test_ipcw_0th_event_1.00": 0.8218699097633362,
    "test_ipcw_0th_event_n": 1516,
    "test_ipcw_1th_event": 0.8014736609025435,
    "test_ipcw_1th_event_0.25": 0.8009732961654663,
    "test_ipcw_1th_event_0.50": 0.8013567924499512,
    "test_ipcw_1th_event_0.75": 0.8013413548469543,
    "test_ipcw_1th_event_1.00": 0.8017736673355103,
    "test_ipcw_1th_event_n": 1516,
    "test_ipcw_weighted_avg": 0.8111616148479321,
    "test_within_subject_ipcw": 0.7227995640305667,
    "test_within_subject_ipcw_n": 1516,
    "test_within_subject_ipcw_0.25": 0.75,
    "test_within_subject_ipcw_0.50": 0.7105263157894736,
    "test_within_subject_ipcw_0.75": 0.7222222222222221,
    "test_within_subject_ipcw_1.00": 0.7222222222222223,
    "test_runtime": 0.7467,
    "test_samples_per_second": 2030.323,
    "test_steps_per_second": 4.018
}