{
    "n": 3,
    "test_brier_weighted_avg": {
        "mean": 0.08482199419669413,
        "variance": 2.9054136026210047e-05,
        "sd": 0.005390188867396953
    },
    "test_ipcw_weighted_avg": {
        "mean": 0.8089753980568183,
        "variance": 0.0001465428992963046,
        "sd": 0.012105490460791112
    },
    "test_within_subject_ipcw": {
        "mean": 0.6862557830853435,
        "variance": 0.001831039842480703,
        "sd": 0.042790651344431566
    }
}