{
    "n": 3,
    "test_brier_weighted_avg": {
        "mean": 0.33039238944568455,
        "variance": 0.14398788195630086,
        "sd": 0.3794573519597438
    },
    "test_ipcw_weighted_avg": {
        "mean": 0.6838786382667272,
        "variance": 0.00691828885835554,
        "sd": 0.08317625176909296
    }
}