{
    "n": 3,
    "test_brier_weighted_avg": {
        "mean": 0.23420126736164093,
        "variance": 0.0007765540436424079,
        "sd": 0.02786671928380533
    },
    "test_ipcw_weighted_avg": {
        "mean": 0.6076888430884594,
        "variance": 6.45966198841548e-05,
        "sd": 0.008037202242332515
    }
}