{
    "test_loss": 0.533311665058136,
    "test_brier_0th_event": 0.09447207301855087,
    "test_brier_0th_event_n": 490,
    "test_brier_1th_event": 0.09627993404865265,
    "test_brier_1th_event_n": 452,
    "test_brier_weighted_avg": 0.09533953924530884,
    "test_ipcw_0th_event": 0.7951922444152371,
    "test_ipcw_0th_event_0.25": 0.796790599822998,
    "test_ipcw_0th_event_0.50": 0.7961657643318176,
    "test_ipcw_0th_event_0.75": 0.7945016026496887,
    "test_ipcw_0th_event_1.00": 0.7948099970817566,
    "test_ipcw_0th_event_n": 1516,
    "test_ipcw_1th_event": 0.7766933153013912,
    "test_ipcw_1th_event_0.25": 0.7736620306968689,
    "test_ipcw_1th_event_0.50": 0.7759559154510498,
    "test_ipcw_1th_event_0.75": 0.7772135138511658,
    "test_ipcw_1th_event_1.00": 0.7775343656539917,
    "test_ipcw_1th_event_n": 1516,
    "test_ipcw_weighted_avg": 0.7859427798583141,
    "test_runtime": 0.583,
    "test_samples_per_second": 2600.455,
    "test_steps_per_second": 5.146
}