{
    "n": 3,
    "test_brier_weighted_avg": {
        "mean": 0.20207244654496512,
        "variance": 1.4159583407632118e-05,
        "sd": 0.003762922189951862
    },
    "test_ipcw_weighted_avg": {
        "mean": 0.5836942144787126,
        "variance": 0.0006185136097685475,
        "sd": 0.024869933851310252
    }
}