covariate,coef,exp(coef),se(coef),coef lower 95%,coef upper 95%,exp(coef) lower 95%,exp(coef) upper 95%,cmp to,z,p,-log2(p)
split_train,0.02935946903246781,1.0297947072561615,0.06660757535131974,-0.10118897975365673,0.15990791781859234,0.9037622239842075,1.1734028165259256,0.0,0.4407827319582215,0.659370295898881,0.6008391986655834
split_valid,-0.07263302826592383,0.9299420298559036,0.10404461506358977,-0.27655672657589336,0.1312906700440457,0.7583905970096751,1.1402991839592727,0.0,-0.6980950260763821,0.48511776848221677,1.0435930725764144
