{
  "ipcw.mean": 0.8434137046994323,
  "brier.mean": 0.08702927746448451
}