{
    "n": 3,
    "brier": {
        "mean": 0.08702927746448451,
        "variance": 4.0280337464235997e-07,
        "sd": 0.0006346679246994919
    },
    "ipcw": {
        "mean": 0.8434137046994323,
        "variance": 2.2600572869241184e-05,
        "sd": 0.004754005981195352
    }
}