{
    "test_loss": 0.5128505825996399,
    "test_brier_0th_event": 0.09333312511444092,
    "test_brier_0th_event_n": 490,
    "test_brier_1th_event": 0.09047040343284607,
    "test_brier_1th_event_n": 452,
    "test_brier_weighted_avg": 0.09195950494450368,
    "test_ipcw_0th_event": 0.8081827797808758,
    "test_ipcw_0th_event_0.25": 0.8083102703094482,
    "test_ipcw_0th_event_0.50": 0.8076026439666748,
    "test_ipcw_0th_event_0.75": 0.8070661425590515,
    "test_ipcw_0th_event_1.00": 0.8092860579490662,
    "test_ipcw_0th_event_n": 1516,
    "test_ipcw_1th_event": 0.8003824597814879,
    "test_ipcw_1th_event_0.25": 0.799429178237915,
    "test_ipcw_1th_event_0.50": 0.8016433119773865,
    "test_ipcw_1th_event_0.75": 0.8007931709289551,
    "test_ipcw_1th_event_1.00": 0.7996239066123962,
    "test_ipcw_1th_event_n": 1516,
    "test_ipcw_weighted_avg": 0.804282619781182,
    "test_runtime": 0.5689,
    "test_samples_per_second": 2664.562,
    "test_steps_per_second": 5.273
}