{
    "n": 3,
    "brier": {
        "mean": 0.41446668991345426,
        "variance": 0.06305882238586186,
        "sd": 0.25111515761869463
    },
    "ipcw": {
        "mean": 0.5151004990403166,
        "variance": 0.0014151271012923807,
        "sd": 0.037618175145697604
    }
}