{
  "ipcw.mean": 0.5151004990403166,
  "brier.mean": 0.41446668991345426
}