{
  "ipcw.mean": 0.7011564545876721,
  "brier.mean": 0.18020381085055265
}