{
    "n": 3,
    "brier": {
        "mean": 0.18020381085055265,
        "variance": 1.168336588576174e-06,
        "sd": 0.00108089619694778
    },
    "ipcw": {
        "mean": 0.7011564545876721,
        "variance": 2.4374992048907145e-06,
        "sd": 0.0015612492449608149
    }
}