{
  "ipcw.mean": 0.8488434241402819,
  "brier.mean": 0.0883467162146969
}