{
    "n": 3,
    "brier": {
        "mean": 0.0883467162146969,
        "variance": 1.1300462076119893e-06,
        "sd": 0.0010630363152837204
    },
    "ipcw": {
        "mean": 0.8488434241402819,
        "variance": 1.3052170324628348e-05,
        "sd": 0.0036127787538996004
    }
}