{
    "n": 3,
    "test_brier_weighted_avg": {
        "mean": 0.19261984527111053,
        "variance": 0.00026119073313868313,
        "sd": 0.016161396385791765
    },
    "test_ipcw_weighted_avg": {
        "mean": 0.6276652332486631,
        "variance": 0.0004369282073526379,
        "sd": 0.020902827735802588
    }
}