{
    "n": 3,
    "test_brier_weighted_avg": {
        "mean": 0.10207526872080362,
        "variance": 7.730562535922468e-07,
        "sd": 0.0008792361762303953
    },
    "test_ipcw_weighted_avg": {
        "mean": 0.7998796585640128,
        "variance": 5.959882455133042e-05,
        "sd": 0.007720027496798856
    }
}