{
    "test_loss": 0.7227432727813721,
    "test_brier_0th_event": 0.20131006836891174,
    "test_brier_0th_event_n": 325,
    "test_brier_weighted_avg": 0.20131006836891174,
    "test_ipcw_0th_event": 0.5917569496533246,
    "test_ipcw_0th_event_0.25": 0.598009467124939,
    "test_ipcw_0th_event_0.50": 0.5955116748809814,
    "test_ipcw_0th_event_0.75": 0.5906620025634766,
    "test_ipcw_0th_event_1.00": 0.5890769362449646,
    "test_ipcw_0th_event_n": 567,
    "test_ipcw_weighted_avg": 0.5917569496533246,
    "test_runtime": 0.2291,
    "test_samples_per_second": 2475.129,
    "test_steps_per_second": 8.731
}