{
    "test_loss": 9.414021492004395,
    "test_brier_0th_event": 0.6426906235553423,
    "test_brier_0th_event_n": 325,
    "test_brier_weighted_avg": 0.6426906235553423,
    "test_brier_avg": 0.6426906235553423,
    "test_ipcw_0th_event_0.25": 0.5169397655791874,
    "test_ipcw_0th_event_0.5": 0.49059526148047616,
    "test_ipcw_0th_event_0.75": 0.4776926718301567,
    "test_ipcw_0th_event_1.0": 0.4619707381783063,
    "test_ipcw_avg_0th_event": 0.48679960926703164,
    "test_ipcw_0th_event": 0.4619707381783063,
    "test_ipcw_0th_event_n": 325,
    "test_ipcw": 0.4619707381783063,
    "test_ipcw_weighted_avg": 0.48679960926703164,
    "test_ipcw_avg": 0.48679960926703164,
    "test_runtime": 4.4691,
    "test_samples_per_second": 127.989,
    "test_steps_per_second": 0.448
}