{
  "ipcw.mean": 0.6213017230636324,
  "brier.mean": 0.21613890240062872
}