{
    "n": 3,
    "brier": {
        "mean": 0.21613890240062872,
        "variance": 0.0003999480298914066,
        "sd": 0.01999870070508098
    },
    "ipcw": {
        "mean": 0.6213017230636324,
        "variance": 9.050415831883612e-05,
        "sd": 0.009513367349095489
    }
}