{
    "n": 3,
    "brier": {
        "mean": 0.26143249894761367,
        "variance": 0.017925169453539974,
        "sd": 0.1338849112243048
    },
    "ipcw": {
        "mean": 0.5335395571342487,
        "variance": 0.002165253769020383,
        "sd": 0.04653228738220789
    }
}