{
  "ipcw.mean": 0.5335395571342487,
  "brier.mean": 0.26143249894761367
}