{
    "n": 3,
    "brier": {
        "mean": 0.0,
        "variance": 0.0,
        "sd": 0.0
    },
    "ipcw": {
        "mean": 0.6235421781063599,
        "variance": 0.00030777889876742,
        "sd": 0.0175436284379093
    }
}