{
  "ipcw.mean": 0.8523830227899345,
  "brier.mean": 0.08640018438262193
}