{
    "n": 3,
    "brier": {
        "mean": 0.08640018438262193,
        "variance": 9.5265372367057e-06,
        "sd": 0.003086508907601872
    },
    "ipcw": {
        "mean": 0.8523830227899345,
        "variance": 4.927467289612619e-06,
        "sd": 0.0022197899201529454
    }
}