{
  "ipcw.mean": 0.6120479995901725,
  "brier.mean": 0.18593132401779416
}