{
    "n": 3,
    "brier": {
        "mean": 0.18593132401779416,
        "variance": 0.01443946636695635,
        "sd": 0.1201643306766045
    },
    "ipcw": {
        "mean": 0.6120479995901725,
        "variance": 0.0071511959564684755,
        "sd": 0.08456474416959159
    }
}