{
    "test_loss": 0.699598491191864,
    "test_brier_0th_event": 0.15536744892597198,
    "test_brier_0th_event_n": 490,
    "test_brier_1th_event": 0.14599557220935822,
    "test_brier_1th_event_n": 452,
    "test_brier_weighted_avg": 0.15087053992819127,
    "test_ipcw_0th_event": 0.47203445157507495,
    "test_ipcw_0th_event_0.25": 0.4917379319667816,
    "test_ipcw_0th_event_0.50": 0.4774377644062042,
    "test_ipcw_0th_event_0.75": 0.46688753366470337,
    "test_ipcw_0th_event_1.00": 0.4679974913597107,
    "test_ipcw_0th_event_n": 1516,
    "test_ipcw_1th_event": 0.48541048123559005,
    "test_ipcw_1th_event_0.25": 0.48963120579719543,
    "test_ipcw_1th_event_0.50": 0.48892948031425476,
    "test_ipcw_1th_event_0.75": 0.48871585726737976,
    "test_ipcw_1th_event_1.00": 0.4797385036945343,
    "test_ipcw_1th_event_n": 1516,
    "test_ipcw_weighted_avg": 0.4787224664053325,
    "test_runtime": 0.5971,
    "test_samples_per_second": 2538.955,
    "test_steps_per_second": 5.024
}