{
  "ipcw.mean": 0.6141604154687705,
  "brier.mean": 0.19797072465325047
}