{
    "n": 3,
    "brier": {
        "mean": 0.19797072465325047,
        "variance": 1.0126790912585136e-05,
        "sd": 0.003182261917659377
    },
    "ipcw": {
        "mean": 0.6141604154687705,
        "variance": 4.728673307643517e-05,
        "sd": 0.006876534961478431
    }
}