{
    "n": 3,
    "brier": {
        "mean": 0.21950180002488479,
        "variance": 5.5044765242977155e-06,
        "sd": 0.0023461620839783674
    },
    "ipcw": {
        "mean": 0.5275756471538949,
        "variance": 0.004973382019447798,
        "sd": 0.07052220940560355
    }
}