{
  "ipcw.mean": 0.5275756471538949,
  "brier.mean": 0.21950180002488479
}