{
    "n": 3,
    "brier": {
        "mean": 0.08351834701595068,
        "variance": 2.0027891318565343e-06,
        "sd": 0.0014151993258394856
    },
    "ipcw": {
        "mean": 0.8514618555184265,
        "variance": 1.8832489428241833e-06,
        "sd": 0.0013723151761983045
    }
}