{
  "ipcw.mean": 0.8514618555184265,
  "brier.mean": 0.08351834701595068
}