{
    "n": 3,
    "test_brier_weighted_avg": {
        "mean": 0.20850218832492828,
        "variance": 2.3702164399841408e-05,
        "sd": 0.00486848686963839
    },
    "test_ipcw_weighted_avg": {
        "mean": 0.592739368193607,
        "variance": 9.997461815503754e-05,
        "sd": 0.009998730827211899
    }
}