{
    "test_loss": 0.5275540351867676,
    "test_brier_0th_event": 0.09593003988265991,
    "test_brier_0th_event_n": 490,
    "test_brier_1th_event": 0.092190682888031,
    "test_brier_1th_event_n": 452,
    "test_brier_weighted_avg": 0.09413578366018405,
    "test_ipcw_0th_event": 0.7982493444807413,
    "test_ipcw_0th_event_0.25": 0.8004288673400879,
    "test_ipcw_0th_event_0.50": 0.7960115075111389,
    "test_ipcw_0th_event_0.75": 0.7975439429283142,
    "test_ipcw_0th_event_1.00": 0.799301266670227,
    "test_ipcw_0th_event_n": 1516,
    "test_ipcw_1th_event": 0.7951670460713143,
    "test_ipcw_1th_event_0.25": 0.7948070764541626,
    "test_ipcw_1th_event_0.50": 0.7972974181175232,
    "test_ipcw_1th_event_0.75": 0.795830488204956,
    "test_ipcw_1th_event_1.00": 0.7935658097267151,
    "test_ipcw_1th_event_n": 1516,
    "test_ipcw_weighted_avg": 0.7967081952760277,
    "test_runtime": 0.5839,
    "test_samples_per_second": 2596.521,
    "test_steps_per_second": 5.138
}