{
  "ipcw.mean": 0.6699623626808281,
  "brier.mean": 0.18519226569095334
}