{
    "n": 3,
    "brier": {
        "mean": 0.18519226569095334,
        "variance": 3.2362994276722773e-06,
        "sd": 0.0017989717695595664
    },
    "ipcw": {
        "mean": 0.6699623626808281,
        "variance": 1.055569761592311e-06,
        "sd": 0.0010274092473753149
    }
}