{
    "n": 3,
    "brier": {
        "mean": 0.08405006181183418,
        "variance": 8.571654634049072e-08,
        "sd": 0.0002927738826133416
    },
    "ipcw": {
        "mean": 0.8496569636615743,
        "variance": 5.061717387264366e-06,
        "sd": 0.002249826079336882
    }
}