{
  "ipcw.mean": 0.8496569636615743,
  "brier.mean": 0.08405006181183418
}