{
    "n": 3,
    "brier": {
        "mean": 0.08962586032580032,
        "variance": 1.0992424669717053e-05,
        "sd": 0.0033154825696596647
    },
    "ipcw": {
        "mean": 0.8417660637500849,
        "variance": 1.163194684960534e-06,
        "sd": 0.0010785150369654259
    }
}