{
  "ipcw.mean": 0.8417660637500849,
  "brier.mean": 0.08962586032580032
}