{
    "n": 3,
    "brier": {
        "mean": 0.08279908540820405,
        "variance": 1.3156515455644797e-06,
        "sd": 0.0011470185463036244
    },
    "ipcw": {
        "mean": 0.8528460076636888,
        "variance": 1.0868910128960815e-05,
        "sd": 0.003296803016402529
    }
}