{
  "ipcw.mean": 0.8528460076636888,
  "brier.mean": 0.08279908540820405
}