{
  "ipcw.mean": 0.8420099625535317,
  "brier.mean": 0.08725625669386873
}