{
    "n": 3,
    "brier": {
        "mean": 0.08725625669386873,
        "variance": 1.6679313078534732e-07,
        "sd": 0.0004084031473744385
    },
    "ipcw": {
        "mean": 0.8420099625535317,
        "variance": 7.844823110421075e-06,
        "sd": 0.002800861137297077
    }
}