{
  "ipcw.mean": 0.6200795474246802,
  "brier.mean": 0.19256593435115
}