{
    "n": 3,
    "brier": {
        "mean": 0.19256593435115,
        "variance": 6.567223573331394e-05,
        "sd": 0.008103840801330807
    },
    "ipcw": {
        "mean": 0.6200795474246802,
        "variance": 0.0011925239324498045,
        "sd": 0.034532939817655324
    }
}