{
  "ipcw.mean": 0.8476739907314338,
  "brier.mean": 0.08331448218717627
}