{
    "n": 3,
    "brier": {
        "mean": 0.08331448218717627,
        "variance": 3.211373715255878e-07,
        "sd": 0.0005666898371469068
    },
    "ipcw": {
        "mean": 0.8476739907314338,
        "variance": 6.690292897188617e-07,
        "sd": 0.0008179421065814265
    }
}