{
    "n": 3,
    "brier": {
        "mean": 0.09147614081080994,
        "variance": 6.801764161813062e-07,
        "sd": 0.0008247280862086038
    },
    "ipcw": {
        "mean": 0.8372065174931297,
        "variance": 3.376738961871066e-06,
        "sd": 0.00183759053161227
    }
}