{
  "ipcw.mean": 0.8372065174931297,
  "brier.mean": 0.09147614081080994
}