{
  "ipcw.mean": 0.627046177067733,
  "brier.mean": 0.20042990112413037
}