{
    "n": 3,
    "brier": {
        "mean": 0.20042990112413037,
        "variance": 3.234104578967178e-05,
        "sd": 0.005686918830937521
    },
    "ipcw": {
        "mean": 0.627046177067733,
        "variance": 0.001087109488406823,
        "sd": 0.03297134344255361
    }
}