{
    "n": 3,
    "brier": {
        "mean": 0.08662097423215882,
        "variance": 3.4259061911469294e-07,
        "sd": 0.0005853124115501848
    },
    "ipcw": {
        "mean": 0.8448237636404211,
        "variance": 7.182031610061553e-06,
        "sd": 0.0026799312696525546
    }
}