{
  "ipcw.mean": 0.8448237636404211,
  "brier.mean": 0.08662097423215882
}