{
  "ipcw.mean": 0.626019293429132,
  "brier.mean": 0.21124276915682044
}