{
    "n": 3,
    "brier": {
        "mean": 0.21124276915682044,
        "variance": 1.2913525561129754e-05,
        "sd": 0.0035935394197267063
    },
    "ipcw": {
        "mean": 0.626019293429132,
        "variance": 6.059240351912366e-05,
        "sd": 0.007784112249905165
    }
}