{
  "ipcw.mean": 0.6198549985542282,
  "brier.mean": 0.19585228277776992
}