{
    "n": 3,
    "brier": {
        "mean": 0.19585228277776992,
        "variance": 2.7269501807951945e-06,
        "sd": 0.001651347989006313
    },
    "ipcw": {
        "mean": 0.6198549985542282,
        "variance": 0.000317938074136121,
        "sd": 0.017830818100584196
    }
}