{
  "ipcw.mean": 0.6541992811052071,
  "brier.mean": 0.21183730916768162
}