{
    "n": 3,
    "brier": {
        "mean": 0.21183730916768162,
        "variance": 5.596446344592972e-07,
        "sd": 0.0007480940010849554
    },
    "ipcw": {
        "mean": 0.6541992811052071,
        "variance": 3.173438686909533e-05,
        "sd": 0.005633328223092929
    }
}