{
  "ipcw.mean": 0.8497821954471413,
  "brier.mean": 0.08571371577262445
}