{
    "n": 3,
    "brier": {
        "mean": 0.08571371577262445,
        "variance": 1.532608369783977e-06,
        "sd": 0.001237985609683722
    },
    "ipcw": {
        "mean": 0.8497821954471413,
        "variance": 4.769443748333597e-06,
        "sd": 0.0021839056180003743
    }
}