{
    "test_loss": 0.5375180244445801,
    "test_brier_0th_event": 0.0900072306394577,
    "test_brier_0th_event_n": 490,
    "test_brier_1th_event": 0.09616779536008835,
    "test_brier_1th_event_n": 452,
    "test_brier_weighted_avg": 0.09296325532494078,
    "test_ipcw_0th_event": 0.8066983321258496,
    "test_ipcw_0th_event_0.25": 0.8079608678817749,
    "test_ipcw_0th_event_0.50": 0.8049554824829102,
    "test_ipcw_0th_event_0.75": 0.805660605430603,
    "test_ipcw_0th_event_1.00": 0.8080074787139893,
    "test_ipcw_0th_event_n": 1516,
    "test_ipcw_1th_event": 0.7866077581602533,
    "test_ipcw_1th_event_0.25": 0.78667813539505,
    "test_ipcw_1th_event_0.50": 0.7858486175537109,
    "test_ipcw_1th_event_0.75": 0.7870941758155823,
    "test_ipcw_1th_event_1.00": 0.7866361141204834,
    "test_ipcw_1th_event_n": 1516,
    "test_ipcw_weighted_avg": 0.7966530451430514,
    "test_runtime": 0.7827,
    "test_samples_per_second": 1936.841,
    "test_steps_per_second": 3.833
}