{
    "n": 3,
    "test_brier_weighted_avg": {
        "mean": 0.209465021888415,
        "variance": 3.058984989986096e-05,
        "sd": 0.00553080915417093
    },
    "test_ipcw_weighted_avg": {
        "mean": 0.6149058615321523,
        "variance": 0.00011323542017254679,
        "sd": 0.01064121328479731
    }
}