{
    "n": 3,
    "brier": {
        "mean": 0.20662717792665847,
        "variance": 1.0875657734246972e-06,
        "sd": 0.0010428642161972464
    },
    "ipcw": {
        "mean": 0.6459063628155113,
        "variance": 3.118015263701148e-05,
        "sd": 0.005583919110894379
    }
}