{
  "ipcw.mean": 0.6459063628155113,
  "brier.mean": 0.20662717792665847
}