{
    "n": 3,
    "brier": {
        "mean": 0.22295379161677234,
        "variance": 4.652896918136273e-06,
        "sd": 0.002157057467508984
    },
    "ipcw": {
        "mean": 0.5470240195536341,
        "variance": 0.006859350906325677,
        "sd": 0.08282119841155208
    }
}