{
  "ipcw.mean": 0.5470240195536341,
  "brier.mean": 0.22295379161677234
}