{
    "validation": {
        "n": 1,
        "loss": {
            "mean": 0.6957731246948242,
            "variance": 0.0,
            "sd": 0.0
        },
        "brier_0th_event": {
            "mean": 0.19834090769290924,
            "variance": 0.0,
            "sd": 0.0
        },
        "brier_0th_event_n": {
            "mean": 665,
            "variance": 0.0,
            "sd": 0.0
        },
        "brier_weighted_avg": {
            "mean": 0.19834090769290924,
            "variance": 0.0,
            "sd": 0.0
        },
        "ipcw_0th_event": {
            "mean": 0.5927329262337486,
            "variance": 0.0,
            "sd": 0.0
        },
        "ipcw_0th_event_0.25": {
            "mean": 0.5828942656517029,
            "variance": 0.0,
            "sd": 0.0
        },
        "ipcw_0th_event_0.50": {
            "mean": 0.5943585634231567,
            "variance": 0.0,
            "sd": 0.0
        },
        "ipcw_0th_event_0.75": {
            "mean": 0.6150398850440979,
            "variance": 0.0,
            "sd": 0.0
        },
        "ipcw_0th_event_1.00": {
            "mean": 0.5775163769721985,
            "variance": 0.0,
            "sd": 0.0
        },
        "ipcw_0th_event_n": {
            "mean": 1134,
            "variance": 0.0,
            "sd": 0.0
        },
        "ipcw_weighted_avg": {
            "mean": 0.5927329262337486,
            "variance": 0.0,
            "sd": 0.0
        },
        "runtime": {
            "mean": 0.3236,
            "variance": 0.0,
            "sd": 0.0
        },
        "samples_per_second": {
            "mean": 3504.065,
            "variance": 0.0,
            "sd": 0.0
        },
        "steps_per_second": {
            "mean": 9.27,
            "variance": 0.0,
            "sd": 0.0
        }
    },
    "test": {
        "n": 1,
        "loss": {
            "mean": 0.7129286527633667,
            "variance": 0.0,
            "sd": 0.0
        },
        "brier_0th_event": {
            "mean": 0.20425868034362793,
            "variance": 0.0,
            "sd": 0.0
        },
        "brier_0th_event_n": {
            "mean": 325,
            "variance": 0.0,
            "sd": 0.0
        },
        "brier_weighted_avg": {
            "mean": 0.20425868034362793,
            "variance": 0.0,
            "sd": 0.0
        },
        "ipcw_0th_event": {
            "mean": 0.5837181567856409,
            "variance": 0.0,
            "sd": 0.0
        },
        "ipcw_0th_event_0.25": {
            "mean": 0.5758956670761108,
            "variance": 0.0,
            "sd": 0.0
        },
        "ipcw_0th_event_0.50": {
            "mean": 0.5821137428283691,
            "variance": 0.0,
            "sd": 0.0
        },
        "ipcw_0th_event_0.75": {
            "mean": 0.5933118462562561,
            "variance": 0.0,
            "sd": 0.0
        },
        "ipcw_0th_event_1.00": {
            "mean": 0.5791747570037842,
            "variance": 0.0,
            "sd": 0.0
        },
        "ipcw_0th_event_n": {
            "mean": 567,
            "variance": 0.0,
            "sd": 0.0
        },
        "ipcw_weighted_avg": {
            "mean": 0.5837181567856409,
            "variance": 0.0,
            "sd": 0.0
        },
        "runtime": {
            "mean": 0.3343,
            "variance": 0.0,
            "sd": 0.0
        },
        "samples_per_second": {
            "mean": 1695.833,
            "variance": 0.0,
            "sd": 0.0
        },
        "steps_per_second": {
            "mean": 5.982,
            "variance": 0.0,
            "sd": 0.0
        }
    }
}