{
    "validation": {
        "n": 1,
        "loss": {
            "mean": 0.6676560044288635,
            "variance": 0.0,
            "sd": 0.0
        },
        "brier_0th_event": {
            "mean": 0.18863701820373535,
            "variance": 0.0,
            "sd": 0.0
        },
        "brier_0th_event_n": {
            "mean": 253,
            "variance": 0.0,
            "sd": 0.0
        },
        "brier_weighted_avg": {
            "mean": 0.18863701820373535,
            "variance": 0.0,
            "sd": 0.0
        },
        "ipcw_0th_event": {
            "mean": 0.639061124701249,
            "variance": 0.0,
            "sd": 0.0
        },
        "ipcw_0th_event_0.25": {
            "mean": 0.6288638114929199,
            "variance": 0.0,
            "sd": 0.0
        },
        "ipcw_0th_event_0.50": {
            "mean": 0.6393257975578308,
            "variance": 0.0,
            "sd": 0.0
        },
        "ipcw_0th_event_0.75": {
            "mean": 0.6495117545127869,
            "variance": 0.0,
            "sd": 0.0
        },
        "ipcw_0th_event_1.00": {
            "mean": 0.6335272789001465,
            "variance": 0.0,
            "sd": 0.0
        },
        "ipcw_0th_event_n": {
            "mean": 411,
            "variance": 0.0,
            "sd": 0.0
        },
        "ipcw_weighted_avg": {
            "mean": 0.639061124701249,
            "variance": 0.0,
            "sd": 0.0
        },
        "runtime": {
            "mean": 0.1457,
            "variance": 0.0,
            "sd": 0.0
        },
        "samples_per_second": {
            "mean": 2820.731,
            "variance": 0.0,
            "sd": 0.0
        },
        "steps_per_second": {
            "mean": 6.863,
            "variance": 0.0,
            "sd": 0.0
        }
    },
    "test": {
        "n": 1,
        "loss": {
            "mean": 0.705666720867157,
            "variance": 0.0,
            "sd": 0.0
        },
        "brier_0th_event": {
            "mean": 0.20110687613487244,
            "variance": 0.0,
            "sd": 0.0
        },
        "brier_0th_event_n": {
            "mean": 325,
            "variance": 0.0,
            "sd": 0.0
        },
        "brier_weighted_avg": {
            "mean": 0.20110687613487244,
            "variance": 0.0,
            "sd": 0.0
        },
        "ipcw_0th_event": {
            "mean": 0.5875656773309106,
            "variance": 0.0,
            "sd": 0.0
        },
        "ipcw_0th_event_0.25": {
            "mean": 0.5878313183784485,
            "variance": 0.0,
            "sd": 0.0
        },
        "ipcw_0th_event_0.50": {
            "mean": 0.5930750966072083,
            "variance": 0.0,
            "sd": 0.0
        },
        "ipcw_0th_event_0.75": {
            "mean": 0.5951793789863586,
            "variance": 0.0,
            "sd": 0.0
        },
        "ipcw_0th_event_1.00": {
            "mean": 0.5788432359695435,
            "variance": 0.0,
            "sd": 0.0
        },
        "ipcw_0th_event_n": {
            "mean": 567,
            "variance": 0.0,
            "sd": 0.0
        },
        "ipcw_weighted_avg": {
            "mean": 0.5875656773309106,
            "variance": 0.0,
            "sd": 0.0
        },
        "runtime": {
            "mean": 0.4777,
            "variance": 0.0,
            "sd": 0.0
        },
        "samples_per_second": {
            "mean": 1186.984,
            "variance": 0.0,
            "sd": 0.0
        },
        "steps_per_second": {
            "mean": 4.187,
            "variance": 0.0,
            "sd": 0.0
        }
    }
}