{
    "n": 3,
    "validation_brier_weighted_avg": {
        "mean": 0.1876217176516851,
        "variance": 8.765745528246019e-05,
        "sd": 0.009362556022927723
    },
    "validation_ipcw_weighted_avg": {
        "mean": 0.6281231325204045,
        "variance": 0.00021914047803504925,
        "sd": 0.014803394139015864
    }
}