{
    "n": 3,
    "brier": {
        "mean": 0.20976145347682887,
        "variance": 3.0359707086229807e-05,
        "sd": 0.005509964345277545
    },
    "ipcw": {
        "mean": 0.6328540142685086,
        "variance": 0.0001344323146404726,
        "sd": 0.011594495014465812
    }
}