{
  "ipcw.mean": 0.6328540142685086,
  "brier.mean": 0.20976145347682887
}