{
  "ipcw.mean": 0.5317186689856948,
  "brier.mean": 0.22249546700531675
}