{
    "n": 3,
    "brier": {
        "mean": 0.22249546700531675,
        "variance": 5.531563615820993e-06,
        "sd": 0.0023519276383045873
    },
    "ipcw": {
        "mean": 0.5317186689856948,
        "variance": 0.00024217513494237023,
        "sd": 0.015561977218283358
    }
}