{
  "ipcw.mean": 0.6287361124036398,
  "brier.mean": 0.2067840814966635
}