{
    "n": 3,
    "brier": {
        "mean": 0.2067840814966635,
        "variance": 4.049097237365055e-06,
        "sd": 0.0020122368740695153
    },
    "ipcw": {
        "mean": 0.6287361124036398,
        "variance": 8.410395692928821e-05,
        "sd": 0.009170820951762618
    }
}