{
    "test_loss": 0.7274023294448853,
    "test_brier_0th_event": 0.200470969080925,
    "test_brier_0th_event_n": 325,
    "test_brier_weighted_avg": 0.200470969080925,
    "test_ipcw_0th_event": 0.610439714442179,
    "test_ipcw_0th_event_0.25": 0.61870276927948,
    "test_ipcw_0th_event_0.50": 0.6232860088348389,
    "test_ipcw_0th_event_0.75": 0.6242676973342896,
    "test_ipcw_0th_event_1.00": 0.5911451578140259,
    "test_ipcw_0th_event_n": 567,
    "test_ipcw_weighted_avg": 0.610439714442179,
    "test_runtime": 0.1986,
    "test_samples_per_second": 2855.43,
    "test_steps_per_second": 10.072
}