{
    "n": 3,
    "brier": {
        "mean": 0.08635939659266381,
        "variance": 3.0294333591574996e-06,
        "sd": 0.001740526747613348
    },
    "ipcw": {
        "mean": 0.8459213528452496,
        "variance": 2.7674857757315113e-05,
        "sd": 0.005260689855647747
    }
}