{
  "ipcw.mean": 0.8459213528452496,
  "brier.mean": 0.08635939659266381
}