{
  "ipcw.mean": 0.6141273894683256,
  "brier.mean": 0.20622496562564915
}