{
    "n": 3,
    "brier": {
        "mean": 0.20622496562564915,
        "variance": 2.6505051258630297e-06,
        "sd": 0.0016280372003928626
    },
    "ipcw": {
        "mean": 0.6141273894683256,
        "variance": 0.0007768961194618286,
        "sd": 0.02787285632047474
    }
}