{
    "test_loss": 1.0379575490951538,
    "test_brier_0th_event": 0.2940230071544647,
    "test_brier_0th_event_n": 490,
    "test_brier_1th_event": 0.16694600880146027,
    "test_brier_1th_event_n": 452,
    "test_brier_weighted_avg": 0.2330476321485645,
    "test_ipcw_0th_event": 0.5165587184693222,
    "test_ipcw_0th_event_0.25": 0.48043593764305115,
    "test_ipcw_0th_event_0.50": 0.519182562828064,
    "test_ipcw_0th_event_0.75": 0.5204418897628784,
    "test_ipcw_0th_event_1.00": 0.5220353603363037,
    "test_ipcw_0th_event_n": 1516,
    "test_ipcw_1th_event": 0.5701644401380139,
    "test_ipcw_1th_event_0.25": 0.5529506802558899,
    "test_ipcw_1th_event_0.50": 0.5319599509239197,
    "test_ipcw_1th_event_0.75": 0.5959974527359009,
    "test_ipcw_1th_event_1.00": 0.5762403607368469,
    "test_ipcw_1th_event_n": 1516,
    "test_ipcw_weighted_avg": 0.5433615793036681,
    "test_runtime": 0.6013,
    "test_samples_per_second": 2521.338,
    "test_steps_per_second": 4.989
}