{
    "test_loss": 0.6846310496330261,
    "test_brier_0th_event": 0.19218510389328003,
    "test_brier_0th_event_n": 325,
    "test_brier_weighted_avg": 0.19218510389328003,
    "test_ipcw_0th_event": 0.5926922978562059,
    "test_ipcw_0th_event_0.25": 0.5921287536621094,
    "test_ipcw_0th_event_0.50": 0.5991179943084717,
    "test_ipcw_0th_event_0.75": 0.6019014716148376,
    "test_ipcw_0th_event_1.00": 0.5824916958808899,
    "test_ipcw_0th_event_n": 567,
    "test_ipcw_weighted_avg": 0.5926922978562059,
    "test_runtime": 0.1821,
    "test_samples_per_second": 3114.064,
    "test_steps_per_second": 10.984
}