{
    "n": 3,
    "brier": {
        "mean": 0.21055243113822636,
        "variance": 9.778963702885208e-07,
        "sd": 0.000988886429418728
    },
    "ipcw": {
        "mean": 0.5320781210277024,
        "variance": 0.0014492134532111374,
        "sd": 0.0380685362630498
    }
}