{
  "ipcw.mean": 0.5320781210277024,
  "brier.mean": 0.21055243113822636
}