{
    "test_loss": 0.5371915102005005,
    "test_brier_0th_event": 0.09191098809242249,
    "test_brier_0th_event_n": 490,
    "test_brier_1th_event": 0.10191924124956131,
    "test_brier_1th_event_n": 452,
    "test_brier_weighted_avg": 0.09671324969223857,
    "test_ipcw_0th_event": 0.8101681572540981,
    "test_ipcw_0th_event_0.25": 0.811287522315979,
    "test_ipcw_0th_event_0.50": 0.8108281493186951,
    "test_ipcw_0th_event_0.75": 0.8092828392982483,
    "test_ipcw_0th_event_1.00": 0.8102177381515503,
    "test_ipcw_0th_event_n": 1516,
    "test_ipcw_1th_event": 0.8054685908145791,
    "test_ipcw_1th_event_0.25": 0.8052530884742737,
    "test_ipcw_1th_event_0.50": 0.8059565424919128,
    "test_ipcw_1th_event_0.75": 0.8050386309623718,
    "test_ipcw_1th_event_1.00": 0.805587649345398,
    "test_ipcw_1th_event_n": 1516,
    "test_ipcw_weighted_avg": 0.8078183740343385,
    "test_runtime": 0.5656,
    "test_samples_per_second": 2680.235,
    "test_steps_per_second": 5.304
}