{
  "ipcw.mean": 0.6672720416252077,
  "brier.mean": 0.20099412954731422
}