{
    "n": 3,
    "brier": {
        "mean": 0.20099412954731422,
        "variance": 1.074001535843979e-05,
        "sd": 0.0032771962648641888
    },
    "ipcw": {
        "mean": 0.6672720416252077,
        "variance": 0.00017546373512318178,
        "sd": 0.013246272499204513
    }
}