{
    "n": 3,
    "brier": {
        "mean": 0.2004959548656249,
        "variance": 3.816257924553573e-06,
        "sd": 0.0019535244878305397
    },
    "ipcw": {
        "mean": 0.6502833928517358,
        "variance": 4.1824417423004695e-05,
        "sd": 0.006467180020921383
    }
}