{
  "ipcw.mean": 0.6502833928517358,
  "brier.mean": 0.2004959548656249
}