{
    "test_loss": 1.5612539052963257,
    "test_brier_0th_event": 0.4168756604194641,
    "test_brier_0th_event_n": 490,
    "test_brier_1th_event": 0.626779317855835,
    "test_brier_1th_event_n": 452,
    "test_brier_weighted_avg": 0.5175937635630306,
    "test_ipcw_0th_event": 0.5069257648798758,
    "test_ipcw_0th_event_0.25": 0.4972114562988281,
    "test_ipcw_0th_event_0.50": 0.49948757886886597,
    "test_ipcw_0th_event_0.75": 0.5302749276161194,
    "test_ipcw_0th_event_1.00": 0.4953794479370117,
    "test_ipcw_0th_event_n": 1516,
    "test_ipcw_1th_event": 0.4851820949993604,
    "test_ipcw_1th_event_0.25": 0.4950733780860901,
    "test_ipcw_1th_event_0.50": 0.47855380177497864,
    "test_ipcw_1th_event_0.75": 0.4825059175491333,
    "test_ipcw_1th_event_1.00": 0.48823031783103943,
    "test_ipcw_1th_event_n": 1516,
    "test_ipcw_weighted_avg": 0.4960539299396181,
    "test_runtime": 0.8334,
    "test_samples_per_second": 1819.098,
    "test_steps_per_second": 3.6
}