{
    "test_loss": 2.9457685947418213,
    "test_brier_0th_event": 0.3639127314090729,
    "test_brier_0th_event_n": 490,
    "test_brier_1th_event": 0.27307000756263733,
    "test_brier_1th_event_n": 452,
    "test_brier_weighted_avg": 0.32032365372479593,
    "test_ipcw_0th_event": 0.6543064708659605,
    "test_ipcw_0th_event_0.25": 0.6352183222770691,
    "test_ipcw_0th_event_0.50": 0.6039972901344299,
    "test_ipcw_0th_event_0.75": 0.6514067053794861,
    "test_ipcw_0th_event_1.00": 0.6864057779312134,
    "test_ipcw_0th_event_n": 1516,
    "test_ipcw_1th_event": 0.6468507794880118,
    "test_ipcw_1th_event_0.25": 0.6445353627204895,
    "test_ipcw_1th_event_0.50": 0.6335060000419617,
    "test_ipcw_1th_event_0.75": 0.6519986391067505,
    "test_ipcw_1th_event_1.00": 0.6509512066841125,
    "test_ipcw_1th_event_n": 1516,
    "test_ipcw_weighted_avg": 0.6505786251769862,
    "test_runtime": 0.6447,
    "test_samples_per_second": 2351.507,
    "test_steps_per_second": 4.653
}