{
    "n": 3,
    "brier": {
        "mean": 0.08656955777971449,
        "variance": 6.591253777456849e-06,
        "sd": 0.00256734372016231
    },
    "ipcw": {
        "mean": 0.851531161687175,
        "variance": 3.429778815747038e-06,
        "sd": 0.001851966202647078
    }
}