{
  "ipcw.mean": 0.851531161687175,
  "brier.mean": 0.08656955777971449
}