{
    "n": 3,
    "brier": {
        "mean": 0.18428412930584367,
        "variance": 2.2620128993501034e-05,
        "sd": 0.004756062341212637
    },
    "ipcw": {
        "mean": 0.6588087179091577,
        "variance": 2.1722663521316026e-05,
        "sd": 0.004660757826932872
    }
}