{
  "ipcw.mean": 0.6588087179091577,
  "brier.mean": 0.18428412930584367
}