{
  "ipcw.mean": 0.8505250345345171,
  "brier.mean": 0.08639854757198608
}