{
    "n": 3,
    "brier": {
        "mean": 0.08639854757198608,
        "variance": 7.648565025591958e-06,
        "sd": 0.0027656039169758127
    },
    "ipcw": {
        "mean": 0.8505250345345171,
        "variance": 1.8097838651577648e-06,
        "sd": 0.0013452820764277523
    }
}