{
    "n": 3,
    "brier": {
        "mean": 0.10051962165193747,
        "variance": 0.00017332291303012506,
        "sd": 0.013165216026716959
    },
    "ipcw": {
        "mean": 0.8042089769935584,
        "variance": 0.0031617540914833,
        "sd": 0.05622947706926768
    }
}