{
  "ipcw.mean": 0.8042089769935584,
  "brier.mean": 0.10051962165193747
}