{
    "n": 3,
    "brier": {
        "mean": 0.20133210866743206,
        "variance": 3.281944622092163e-05,
        "sd": 0.005728825902479637
    },
    "ipcw": {
        "mean": 0.6200821198448615,
        "variance": 0.0001194201401537793,
        "sd": 0.010927952239728141
    }
}