{
  "ipcw.mean": 0.6200821198448615,
  "brier.mean": 0.20133210866743206
}