{
  "ipcw.mean": 0.6524692532735117,
  "brier.mean": 0.1973944905022918
}