{
    "n": 3,
    "brier": {
        "mean": 0.1973944905022918,
        "variance": 2.092641657757585e-05,
        "sd": 0.004574540040001383
    },
    "ipcw": {
        "mean": 0.6524692532735117,
        "variance": 0.00011939968819759731,
        "sd": 0.01092701643622802
    }
}