{
  "ipcw.mean": 0.6236428934953974,
  "brier.mean": 0.19673437066695493
}