{
    "n": 3,
    "brier": {
        "mean": 0.19673437066695493,
        "variance": 2.641559942990528e-05,
        "sd": 0.005139610824751742
    },
    "ipcw": {
        "mean": 0.6236428934953974,
        "variance": 0.0004468571813853192,
        "sd": 0.021138996697698764
    }
}