{
    "test_loss": 0.6953451037406921,
    "test_brier_0th_event": 0.19816261529922485,
    "test_brier_0th_event_n": 325,
    "test_brier_weighted_avg": 0.19816261529922485,
    "test_ipcw_0th_event": 0.611528895867681,
    "test_ipcw_0th_event_0.25": 0.6023145914077759,
    "test_ipcw_0th_event_0.50": 0.6082001328468323,
    "test_ipcw_0th_event_0.75": 0.61729496717453,
    "test_ipcw_0th_event_1.00": 0.6111649870872498,
    "test_ipcw_0th_event_n": 567,
    "test_ipcw_weighted_avg": 0.611528895867681,
    "test_runtime": 0.2126,
    "test_samples_per_second": 2666.654,
    "test_steps_per_second": 9.406
}