{
    "test_loss": 0.5856057405471802,
    "test_brier_0th_event": 0.12078388780355453,
    "test_brier_0th_event_n": 490,
    "test_brier_1th_event": 0.11312886327505112,
    "test_brier_1th_event_n": 452,
    "test_brier_weighted_avg": 0.11711077624635333,
    "test_ipcw_0th_event": 0.6902250390237825,
    "test_ipcw_0th_event_0.25": 0.6862218976020813,
    "test_ipcw_0th_event_0.50": 0.6903613209724426,
    "test_ipcw_0th_event_0.75": 0.6887397766113281,
    "test_ipcw_0th_event_1.00": 0.6923700571060181,
    "test_ipcw_0th_event_n": 1516,
    "test_ipcw_1th_event": 0.7161235721210555,
    "test_ipcw_1th_event_0.25": 0.7135226130485535,
    "test_ipcw_1th_event_0.50": 0.71658855676651,
    "test_ipcw_1th_event_0.75": 0.7179774045944214,
    "test_ipcw_1th_event_1.00": 0.7151464819908142,
    "test_ipcw_1th_event_n": 1516,
    "test_ipcw_weighted_avg": 0.703174305572419,
    "test_runtime": 1.037,
    "test_samples_per_second": 1461.857,
    "test_steps_per_second": 2.893
}