{
    "n": 3,
    "brier": {
        "mean": 0.22439205188836164,
        "variance": 2.9696415632211797e-07,
        "sd": 0.000544944177253155
    },
    "ipcw": {
        "mean": 0.5299761626650441,
        "variance": 0.00106762255268863,
        "sd": 0.032674493916335264
    }
}