{
  "ipcw.mean": 0.5299761626650441,
  "brier.mean": 0.22439205188836164
}