{
    "test_loss": 1.5064152479171753,
    "test_brier_0th_event": 0.16032566130161285,
    "test_brier_0th_event_n": 490,
    "test_brier_1th_event": 0.15847627818584442,
    "test_brier_1th_event_n": 452,
    "test_brier_weighted_avg": 0.15943827152631845,
    "test_ipcw_0th_event": 0.5888426061011941,
    "test_ipcw_0th_event_0.25": 0.5229292511940002,
    "test_ipcw_0th_event_0.50": 0.5809603929519653,
    "test_ipcw_0th_event_0.75": 0.5754852890968323,
    "test_ipcw_0th_event_1.00": 0.6206707954406738,
    "test_ipcw_0th_event_n": 1516,
    "test_ipcw_1th_event": 0.6572040834969753,
    "test_ipcw_1th_event_0.25": 0.6672965884208679,
    "test_ipcw_1th_event_0.50": 0.6377617716789246,
    "test_ipcw_1th_event_0.75": 0.6519591808319092,
    "test_ipcw_1th_event_1.00": 0.6693245768547058,
    "test_ipcw_1th_event_n": 1516,
    "test_ipcw_weighted_avg": 0.6230233447990847,
    "test_runtime": 0.7578,
    "test_samples_per_second": 2000.497,
    "test_steps_per_second": 3.959
}