{
    "n": 3,
    "brier": {
        "mean": 0.0935786029203269,
        "variance": 2.347925454466445e-07,
        "sd": 0.00048455396546374945
    },
    "ipcw": {
        "mean": 0.8301971727480151,
        "variance": 1.59218352226936e-05,
        "sd": 0.0039902174405279725
    }
}