{
  "ipcw.mean": 0.8301971727480151,
  "brier.mean": 0.0935786029203269
}