{
    "n": 3,
    "brier": {
        "mean": 0.1333952057502804,
        "variance": 0.0018241411824448063,
        "sd": 0.0427099658445755
    },
    "ipcw": {
        "mean": 0.8295613814825699,
        "variance": 0.00023880200092647708,
        "sd": 0.015453219759211252
    }
}