{
  "ipcw.mean": 0.8295613814825699,
  "brier.mean": 0.1333952057502804
}