{
    "test_loss": 2.0375571250915527,
    "test_brier_0th_event": 0.09482419515425704,
    "test_brier_0th_event_n": 286,
    "test_brier_1th_event": 0.09869810846896367,
    "test_brier_1th_event_n": 288,
    "test_brier_weighted_avg": 0.09676790078951054,
    "test_brier_avg": 0.09676115181161035,
    "test_ipcw_0th_event_0.25": 0.9134384224460607,
    "test_ipcw_0th_event_0.5": 0.8740008980691514,
    "test_ipcw_0th_event_0.75": 0.8373879981920183,
    "test_ipcw_0th_event_1.0": 0.8141124181940509,
    "test_ipcw_avg_0th_event": 0.8597349342253202,
    "test_ipcw_0th_event": 0.8141124181940509,
    "test_ipcw_0th_event_n": 286,
    "test_ipcw_1th_event_0.25": 0.9224438059827615,
    "test_ipcw_1th_event_0.5": 0.8570414761078694,
    "test_ipcw_1th_event_0.75": 0.8309859891532302,
    "test_ipcw_1th_event_1.0": 0.8069622818966077,
    "test_ipcw_avg_1th_event": 0.8543583882851172,
    "test_ipcw_1th_event": 0.8069622818966077,
    "test_ipcw_1th_event_n": 288,
    "test_ipcw": 0.8105248933618843,
    "test_ipcw_weighted_avg": 0.8570372944504449,
    "test_ipcw_avg": 0.8570466612552188,
    "test_runtime": 0.8687,
    "test_samples_per_second": 1152.277,
    "test_steps_per_second": 2.302
}