{
    "n": 3,
    "validation_brier_weighted_avg": {
        "mean": 0.20486805339654288,
        "variance": 0.00016177847660222205,
        "sd": 0.012719216823461343
    },
    "validation_ipcw_weighted_avg": {
        "mean": 0.622048011360061,
        "variance": 3.728300843206941e-06,
        "sd": 0.0019308808464550424
    }
}