{
    "test_loss": 0.7070887684822083,
    "test_brier_0th_event": 0.19397680461406708,
    "test_brier_0th_event_n": 325,
    "test_brier_weighted_avg": 0.19397680461406708,
    "test_ipcw_0th_event": 0.6165287825233727,
    "test_ipcw_0th_event_0.25": 0.6147580742835999,
    "test_ipcw_0th_event_0.50": 0.6155686974525452,
    "test_ipcw_0th_event_0.75": 0.6167082786560059,
    "test_ipcw_0th_event_1.00": 0.6173357963562012,
    "test_ipcw_0th_event_n": 567,
    "test_ipcw_weighted_avg": 0.6165287825233727,
    "test_runtime": 0.1872,
    "test_samples_per_second": 3029.154,
    "test_steps_per_second": 10.685
}