{
    "test_loss": 0.6302375793457031,
    "test_brier_0th_event": 0.1291617900133133,
    "test_brier_0th_event_n": 490,
    "test_brier_1th_event": 0.13288529217243195,
    "test_brier_1th_event_n": 452,
    "test_brier_weighted_avg": 0.13094843860770994,
    "test_ipcw_0th_event": 0.6163680690281219,
    "test_ipcw_0th_event_0.25": 0.6178718209266663,
    "test_ipcw_0th_event_0.50": 0.6151089668273926,
    "test_ipcw_0th_event_0.75": 0.6179553270339966,
    "test_ipcw_0th_event_1.00": 0.6153707504272461,
    "test_ipcw_0th_event_n": 1516,
    "test_ipcw_1th_event": 0.5240860615833999,
    "test_ipcw_1th_event_0.25": 0.5346604585647583,
    "test_ipcw_1th_event_0.50": 0.5244280695915222,
    "test_ipcw_1th_event_0.75": 0.5104897618293762,
    "test_ipcw_1th_event_1.00": 0.5314924716949463,
    "test_ipcw_1th_event_n": 1516,
    "test_ipcw_weighted_avg": 0.570227065305761,
    "test_runtime": 0.5634,
    "test_samples_per_second": 2690.806,
    "test_steps_per_second": 5.325
}