{
    "test_loss": 0.7338922023773193,
    "test_brier_0th_event": 0.2145918607711792,
    "test_brier_0th_event_n": 325,
    "test_brier_weighted_avg": 0.2145918607711792,
    "test_ipcw_0th_event": 0.5728549821284211,
    "test_ipcw_0th_event_0.25": 0.5719149112701416,
    "test_ipcw_0th_event_0.50": 0.5762088894844055,
    "test_ipcw_0th_event_0.75": 0.5779327750205994,
    "test_ipcw_0th_event_1.00": 0.5674892067909241,
    "test_ipcw_0th_event_n": 567,
    "test_ipcw_weighted_avg": 0.5728549821284211,
    "test_runtime": 0.1953,
    "test_samples_per_second": 2903.745,
    "test_steps_per_second": 10.242
}