{
    "n": 3,
    "test_brier_weighted_avg": {
        "mean": 0.11109802830995298,
        "variance": 2.641995799703561e-06,
        "sd": 0.0016254217297992422
    },
    "test_ipcw_weighted_avg": {
        "mean": 0.7016224078578182,
        "variance": 0.0005075237379643567,
        "sd": 0.02252828750625215
    }
}