{
    "n": 3,
    "brier": {
        "mean": 0.09029768512236264,
        "variance": 2.138680314614541e-05,
        "sd": 0.004624586808153287
    },
    "ipcw": {
        "mean": 0.8501393406055942,
        "variance": 6.8380867858536945e-06,
        "sd": 0.002614973572687436
    }
}