{
  "ipcw.mean": 0.8501393406055942,
  "brier.mean": 0.09029768512236264
}