{
    "n": 3,
    "brier": {
        "mean": 0.2174652414168601,
        "variance": 5.028403009891989e-06,
        "sd": 0.0022424100895893214
    },
    "ipcw": {
        "mean": 0.5988862387239229,
        "variance": 4.3338683920631585e-05,
        "sd": 0.006583212279778891
    }
}