{
  "ipcw.mean": 0.5988862387239229,
  "brier.mean": 0.2174652414168601
}