{
    "test_loss": 1.4889158010482788,
    "test_brier_0th_event": 0.5296508073806763,
    "test_brier_0th_event_n": 490,
    "test_brier_1th_event": 0.4535120725631714,
    "test_brier_1th_event_n": 452,
    "test_brier_weighted_avg": 0.49311714693745734,
    "test_ipcw_0th_event": 0.5307488599995402,
    "test_ipcw_0th_event_0.25": 0.5454657673835754,
    "test_ipcw_0th_event_0.50": 0.5430354475975037,
    "test_ipcw_0th_event_0.75": 0.5311359167098999,
    "test_ipcw_0th_event_1.00": 0.5204458832740784,
    "test_ipcw_0th_event_n": 1516,
    "test_ipcw_1th_event": 0.4998268000433378,
    "test_ipcw_1th_event_0.25": 0.47498857975006104,
    "test_ipcw_1th_event_0.50": 0.5033730864524841,
    "test_ipcw_1th_event_0.75": 0.507477879524231,
    "test_ipcw_1th_event_1.00": 0.4987561106681824,
    "test_ipcw_1th_event_n": 1516,
    "test_ipcw_weighted_avg": 0.515287830021439,
    "test_runtime": 0.5982,
    "test_samples_per_second": 2534.338,
    "test_steps_per_second": 5.015
}