{
    "test_loss": 3.1658852100372314,
    "test_brier_0th_event": 0.13116347789764404,
    "test_brier_0th_event_n": 490,
    "test_brier_1th_event": 0.11559546738862991,
    "test_brier_1th_event_n": 452,
    "test_brier_weighted_avg": 0.12369347710138673,
    "test_ipcw_0th_event": 0.6539118146356693,
    "test_ipcw_0th_event_0.25": 0.6315310597419739,
    "test_ipcw_0th_event_0.50": 0.6470696926116943,
    "test_ipcw_0th_event_0.75": 0.6590045690536499,
    "test_ipcw_0th_event_1.00": 0.6594190001487732,
    "test_ipcw_0th_event_n": 1516,
    "test_ipcw_1th_event": 0.7980647990535454,
    "test_ipcw_1th_event_0.25": 0.7954779267311096,
    "test_ipcw_1th_event_0.50": 0.7945454716682434,
    "test_ipcw_1th_event_0.75": 0.7995724678039551,
    "test_ipcw_1th_event_1.00": 0.7995724678039551,
    "test_ipcw_1th_event_n": 1516,
    "test_ipcw_weighted_avg": 0.7259883068446074,
    "test_runtime": 0.794,
    "test_samples_per_second": 1909.421,
    "test_steps_per_second": 3.779
}