{
    "n": 3,
    "brier": {
        "mean": 0.08476078529271884,
        "variance": 3.7608705531516565e-07,
        "sd": 0.0006132593703443639
    },
    "ipcw": {
        "mean": 0.851417411282467,
        "variance": 5.721638802566978e-06,
        "sd": 0.0023919947329722486
    }
}