{
  "ipcw.mean": 0.851417411282467,
  "brier.mean": 0.08476078529271884
}