{
  "ipcw.mean": 0.6076588133967664,
  "brier.mean": 0.20176202872886984
}