{
    "n": 3,
    "brier": {
        "mean": 0.20176202872886984,
        "variance": 1.9087509318146854e-06,
        "sd": 0.0013815755251938584
    },
    "ipcw": {
        "mean": 0.6076588133967664,
        "variance": 0.0006538102914532413,
        "sd": 0.02556971434047008
    }
}