{
    "n": 3,
    "test_brier_weighted_avg": {
        "mean": 0.10015154810807438,
        "variance": 1.3953739114805018e-05,
        "sd": 0.003735470400740048
    },
    "test_ipcw_weighted_avg": {
        "mean": 0.7251818590306105,
        "variance": 0.0005634376619503886,
        "sd": 0.023736841869768367
    }
}