{
  "ipcw.mean": 0.6478830231858566,
  "brier.mean": 0.19372121571358142
}