{
    "n": 3,
    "brier": {
        "mean": 0.19372121571358142,
        "variance": 1.0220245305279573e-06,
        "sd": 0.0010109522889473852
    },
    "ipcw": {
        "mean": 0.6478830231858566,
        "variance": 3.646675214764749e-05,
        "sd": 0.006038770748061851
    }
}