{
  "ipcw.mean": 0.5774103162626266,
  "brier.mean": 0.3316801958480522
}