{
    "n": 3,
    "brier": {
        "mean": 0.3316801958480522,
        "variance": 0.036604824788583123,
        "sd": 0.19132387406851012
    },
    "ipcw": {
        "mean": 0.5774103162626266,
        "variance": 0.0058172076547443625,
        "sd": 0.07627062117712405
    }
}