{
  "ipcw.mean": 0.8495833100956072,
  "brier.mean": 0.08963249420805354
}