{
    "n": 3,
    "brier": {
        "mean": 0.08963249420805354,
        "variance": 2.0701063056541227e-05,
        "sd": 0.004549842091385286
    },
    "ipcw": {
        "mean": 0.8495833100956072,
        "variance": 0.00010361197277567492,
        "sd": 0.010178996648770198
    }
}