{
    "n": 3,
    "test_brier_weighted_avg": {
        "mean": 0.19518804053465524,
        "variance": 0.0003019832125322381,
        "sd": 0.01737766418516131
    },
    "test_ipcw_weighted_avg": {
        "mean": 0.6147794384537213,
        "variance": 0.0003582409711583666,
        "sd": 0.018927254717955443
    }
}