{
    "n": 3,
    "test_brier_weighted_avg": {
        "mean": 0.20481466750303903,
        "variance": 0.00016768810482189103,
        "sd": 0.012949444189689805
    },
    "test_ipcw_weighted_avg": {
        "mean": 0.6143597889494111,
        "variance": 0.000358811993073043,
        "sd": 0.018942333358724396
    }
}