{
  "ipcw.mean": 0.6490467315656191,
  "brier.mean": 0.11731847633471695
}