{
    "n": 3,
    "brier": {
        "mean": 0.11731847633471695,
        "variance": 0.00015877137892333728,
        "sd": 0.012600451536486194
    },
    "ipcw": {
        "mean": 0.6490467315656191,
        "variance": 0.014705997068804518,
        "sd": 0.12126828550286557
    }
}