{
    "n": 3,
    "brier": {
        "mean": 0.19538838945578788,
        "variance": 5.80922457834158e-06,
        "sd": 0.002410233303715966
    },
    "ipcw": {
        "mean": 0.6057097687278055,
        "variance": 0.001936707163840412,
        "sd": 0.04400803521904167
    }
}