{
  "ipcw.mean": 0.6057097687278055,
  "brier.mean": 0.19538838945578788
}