{
    "test_loss": 0.7388609051704407,
    "test_brier_0th_event": 0.2053927183151245,
    "test_brier_0th_event_n": 325,
    "test_brier_weighted_avg": 0.2053927183151245,
    "test_ipcw_0th_event": 0.5874201719043324,
    "test_ipcw_0th_event_0.25": 0.5854995250701904,
    "test_ipcw_0th_event_0.50": 0.5878456234931946,
    "test_ipcw_0th_event_0.75": 0.5884872078895569,
    "test_ipcw_0th_event_1.00": 0.5868797898292542,
    "test_ipcw_0th_event_n": 567,
    "test_ipcw_weighted_avg": 0.5874201719043324,
    "test_runtime": 0.1839,
    "test_samples_per_second": 3083.635,
    "test_steps_per_second": 10.877
}