{
  "ipcw.mean": 0.6747512688461101,
  "brier.mean": 0.18151437942870796
}