{
    "n": 3,
    "brier": {
        "mean": 0.18151437942870796,
        "variance": 1.8627877645468612e-05,
        "sd": 0.00431600250758368
    },
    "ipcw": {
        "mean": 0.6747512688461101,
        "variance": 5.320334541655835e-05,
        "sd": 0.007294062339777359
    }
}