{
    "test_loss": 1.650941014289856,
    "test_brier_0th_event": 0.5671128630638123,
    "test_brier_0th_event_n": 490,
    "test_brier_1th_event": 0.5092853307723999,
    "test_brier_1th_event_n": 452,
    "test_brier_weighted_avg": 0.5393654696500985,
    "test_ipcw_0th_event": 0.53219323174647,
    "test_ipcw_0th_event_0.25": 0.5434064865112305,
    "test_ipcw_0th_event_0.50": 0.5412347912788391,
    "test_ipcw_0th_event_0.75": 0.5395585894584656,
    "test_ipcw_0th_event_1.00": 0.5191038250923157,
    "test_ipcw_0th_event_n": 1516,
    "test_ipcw_1th_event": 0.4994867111832385,
    "test_ipcw_1th_event_0.25": 0.47367265820503235,
    "test_ipcw_1th_event_0.50": 0.5026233196258545,
    "test_ipcw_1th_event_0.75": 0.5074976086616516,
    "test_ipcw_1th_event_1.00": 0.49863430857658386,
    "test_ipcw_1th_event_n": 1516,
    "test_ipcw_weighted_avg": 0.5158399714648543,
    "test_runtime": 0.6152,
    "test_samples_per_second": 2464.336,
    "test_steps_per_second": 4.877
}