{
    "test_loss": 0.7651231288909912,
    "test_brier_0th_event": 0.21026557683944702,
    "test_brier_0th_event_n": 325,
    "test_brier_weighted_avg": 0.21026557683944702,
    "test_ipcw_0th_event": 0.5236825100281863,
    "test_ipcw_0th_event_0.25": 0.5215478539466858,
    "test_ipcw_0th_event_0.50": 0.5202856063842773,
    "test_ipcw_0th_event_0.75": 0.520895779132843,
    "test_ipcw_0th_event_1.00": 0.528102457523346,
    "test_ipcw_0th_event_n": 567,
    "test_ipcw_weighted_avg": 0.5236825100281863,
    "test_runtime": 0.1819,
    "test_samples_per_second": 3117.064,
    "test_steps_per_second": 10.995
}