{
    "n": 3,
    "test_brier_weighted_avg": {
        "mean": 0.20506246387958527,
        "variance": 0.00017019024779263425,
        "sd": 0.013045698440199906
    },
    "test_ipcw_weighted_avg": {
        "mean": 0.6188120795828034,
        "variance": 0.0003518076195893371,
        "sd": 0.01875653538341602
    }
}