{
  "ipcw.mean": 0.8559245063620115,
  "brier.mean": 0.08498790109088479
}