{
    "n": 3,
    "brier": {
        "mean": 0.08498790109088479,
        "variance": 2.7389471511527164e-06,
        "sd": 0.001654976480543671
    },
    "ipcw": {
        "mean": 0.8559245063620115,
        "variance": 6.556226865268599e-06,
        "sd": 0.0025605130082209304
    }
}