{
    "n": 3,
    "brier": {
        "mean": 0.20317968354992683,
        "variance": 1.5539543643823489e-06,
        "sd": 0.0012465770591432962
    },
    "ipcw": {
        "mean": 0.6006651566299245,
        "variance": 0.002230226314848283,
        "sd": 0.04722527199337536
    }
}