{
  "ipcw.mean": 0.6006651566299245,
  "brier.mean": 0.20317968354992683
}