{
  "ipcw.mean": 0.6412147709713822,
  "brier.mean": 0.2208797703767644
}