{
    "n": 3,
    "brier": {
        "mean": 0.2208797703767644,
        "variance": 1.2843185919887315e-05,
        "sd": 0.0035837390976307575
    },
    "ipcw": {
        "mean": 0.6412147709713822,
        "variance": 0.00026397605187057996,
        "sd": 0.016247339839819314
    }
}