{
    "test_loss": 0.5316179990768433,
    "test_brier_0th_event": 0.09453039616346359,
    "test_brier_0th_event_n": 490,
    "test_brier_1th_event": 0.09339655190706253,
    "test_brier_1th_event_n": 452,
    "test_brier_weighted_avg": 0.09398634350540279,
    "test_ipcw_0th_event": 0.7925523148492737,
    "test_ipcw_0th_event_0.25": 0.7898625731468201,
    "test_ipcw_0th_event_0.50": 0.7883590459823608,
    "test_ipcw_0th_event_0.75": 0.7930479049682617,
    "test_ipcw_0th_event_1.00": 0.7949610352516174,
    "test_ipcw_0th_event_n": 1516,
    "test_ipcw_1th_event": 0.7890190971333189,
    "test_ipcw_1th_event_0.25": 0.7802914381027222,
    "test_ipcw_1th_event_0.50": 0.787276029586792,
    "test_ipcw_1th_event_0.75": 0.7906542420387268,
    "test_ipcw_1th_event_1.00": 0.7911226749420166,
    "test_ipcw_1th_event_n": 1516,
    "test_ipcw_weighted_avg": 0.7907857059912963,
    "test_runtime": 0.5946,
    "test_samples_per_second": 2549.765,
    "test_steps_per_second": 5.046
}