{
  "ipcw.mean": 0.6306216323981763,
  "brier.mean": 0.19699921203927068
}