{
    "n": 3,
    "brier": {
        "mean": 0.19699921203927068,
        "variance": 0.0003964115838735783,
        "sd": 0.019910087490354687
    },
    "ipcw": {
        "mean": 0.6306216323981763,
        "variance": 0.00048470059306778685,
        "sd": 0.02201591681188378
    }
}