{
    "test_loss": 0.6997237205505371,
    "test_brier_0th_event": 0.19386306405067444,
    "test_brier_0th_event_n": 325,
    "test_brier_weighted_avg": 0.19386306405067444,
    "test_ipcw_0th_event": 0.606714452716332,
    "test_ipcw_0th_event_0.25": 0.606200098991394,
    "test_ipcw_0th_event_0.50": 0.6074638962745667,
    "test_ipcw_0th_event_0.75": 0.6103535294532776,
    "test_ipcw_0th_event_1.00": 0.6036676168441772,
    "test_ipcw_0th_event_n": 567,
    "test_ipcw_weighted_avg": 0.606714452716332,
    "test_runtime": 0.2056,
    "test_samples_per_second": 2757.593,
    "test_steps_per_second": 9.727
}