{
    "n": 3,
    "brier": {
        "mean": 0.08208163531861253,
        "variance": 9.605940303743816e-06,
        "sd": 0.0030993451411134927
    },
    "ipcw": {
        "mean": 0.8563391431771288,
        "variance": 4.092430465920139e-05,
        "sd": 0.006397210693669655
    }
}