{
  "ipcw.mean": 0.8563391431771288,
  "brier.mean": 0.08208163531861253
}