{
    "test_loss": 0.748756468296051,
    "test_brier_0th_event": 0.20865564048290253,
    "test_brier_0th_event_n": 325,
    "test_brier_weighted_avg": 0.20865564048290253,
    "test_ipcw_0th_event": 0.5932884193161159,
    "test_ipcw_0th_event_0.25": 0.569559633731842,
    "test_ipcw_0th_event_0.50": 0.5827999711036682,
    "test_ipcw_0th_event_0.75": 0.5994836091995239,
    "test_ipcw_0th_event_1.00": 0.5999807715415955,
    "test_ipcw_0th_event_n": 567,
    "test_ipcw_weighted_avg": 0.5932884193161159,
    "test_runtime": 0.1958,
    "test_samples_per_second": 2895.339,
    "test_steps_per_second": 10.213
}