{
    "n": 3,
    "brier": {
        "mean": 0.1948286829139861,
        "variance": 4.7849669247292655e-06,
        "sd": 0.002187456725224356
    },
    "ipcw": {
        "mean": 0.6673537639173905,
        "variance": 1.2090189246711419e-05,
        "sd": 0.003477094943586013
    }
}