{
  "ipcw.mean": 0.6673537639173905,
  "brier.mean": 0.1948286829139861
}