{
  "ipcw.mean": 0.7049525828167083,
  "brier.mean": 0.1077201686374337
}