{
    "n": 3,
    "brier": {
        "mean": 0.1077201686374337,
        "variance": 2.465598174147411e-05,
        "sd": 0.004965479004232533
    },
    "ipcw": {
        "mean": 0.7049525828167083,
        "variance": 0.002854443369528304,
        "sd": 0.05342699102072195
    }
}