{
  "ipcw.mean": 0.5224568750232959,
  "brier.mean": 0.44132550067163073
}