{
    "n": 3,
    "brier": {
        "mean": 0.44132550067163073,
        "variance": 0.0037583695090920434,
        "sd": 0.061305542237974235
    },
    "ipcw": {
        "mean": 0.5224568750232959,
        "variance": 0.00011793827631670232,
        "sd": 0.010859939056767414
    }
}