{
    "n": 3,
    "brier": {
        "mean": 0.19868643446074238,
        "variance": 2.448023799166054e-06,
        "sd": 0.0015646161826997874
    },
    "ipcw": {
        "mean": 0.6403528242934008,
        "variance": 0.00014514826826818848,
        "sd": 0.012047749510518074
    }
}