{
  "ipcw.mean": 0.6403528242934008,
  "brier.mean": 0.19868643446074238
}