{
    "n": 3,
    "test_brier_weighted_avg": {
        "mean": 0.22881487011909485,
        "variance": 0.0002368194176096683,
        "sd": 0.015388938157315088
    },
    "test_ipcw_weighted_avg": {
        "mean": 0.6166072407650247,
        "variance": 0.00013771289478368677,
        "sd": 0.01173511375248177
    }
}