{
    "n": 3,
    "brier": {
        "mean": 0.12680555969057938,
        "variance": 5.764234150665303e-05,
        "sd": 0.007592255363635567
    },
    "ipcw": {
        "mean": 0.5677939629505412,
        "variance": 0.0038668471388190687,
        "sd": 0.06218397815208568
    }
}