{
  "ipcw.mean": 0.5677939629505412,
  "brier.mean": 0.12680555969057938
}