{
    "test_loss": 0.5985990166664124,
    "test_brier_0th_event": 0.13286472856998444,
    "test_brier_0th_event_n": 490,
    "test_brier_1th_event": 0.10365483909845352,
    "test_brier_1th_event_n": 452,
    "test_brier_weighted_avg": 0.11884894296368723,
    "test_ipcw_0th_event": 0.5279779750778488,
    "test_ipcw_0th_event_0.25": 0.529927134513855,
    "test_ipcw_0th_event_0.50": 0.5265836119651794,
    "test_ipcw_0th_event_0.75": 0.5273594856262207,
    "test_ipcw_0th_event_1.00": 0.5286107659339905,
    "test_ipcw_0th_event_n": 1516,
    "test_ipcw_1th_event": 0.7721892166866928,
    "test_ipcw_1th_event_0.25": 0.7722465395927429,
    "test_ipcw_1th_event_0.50": 0.7721951007843018,
    "test_ipcw_1th_event_0.75": 0.7722036838531494,
    "test_ipcw_1th_event_1.00": 0.7721590399742126,
    "test_ipcw_1th_event_n": 1516,
    "test_ipcw_weighted_avg": 0.6500835958822708,
    "test_runtime": 0.5855,
    "test_samples_per_second": 2589.373,
    "test_steps_per_second": 5.124
}