{
    "n": 3,
    "brier": {
        "mean": 0.22244619662346812,
        "variance": 2.2966423692984877e-06,
        "sd": 0.0015154677064518687
    },
    "ipcw": {
        "mean": 0.5761812017046719,
        "variance": 0.002194964571860871,
        "sd": 0.04685044900383422
    }
}