{
  "ipcw.mean": 0.5761812017046719,
  "brier.mean": 0.22244619662346812
}