{
  "ipcw.mean": 0.8399107261599714,
  "brier.mean": 0.08875015152382412
}