{
    "n": 3,
    "brier": {
        "mean": 0.08875015152382412,
        "variance": 1.6707819768929726e-06,
        "sd": 0.0012925873188659141
    },
    "ipcw": {
        "mean": 0.8399107261599714,
        "variance": 3.565719631413923e-05,
        "sd": 0.00597136469445128
    }
}