{
    "n": 3,
    "test_brier_weighted_avg": {
        "mean": 0.40571435357727376,
        "variance": 0.004638351183424019,
        "sd": 0.06810544165794698
    },
    "test_ipcw_weighted_avg": {
        "mean": 0.5118763642976408,
        "variance": 0.001685921539616349,
        "sd": 0.041059974910079386
    }
}