{
    "n": 3,
    "test_brier_weighted_avg": {
        "mean": 0.08767849027317957,
        "variance": 2.4589602138483664e-05,
        "sd": 0.004958790390658155
    },
    "test_ipcw_weighted_avg": {
        "mean": 0.8029844038184363,
        "variance": 5.821637645283566e-05,
        "sd": 0.007629965691458623
    }
}