{
    "n": 3,
    "brier": {
        "mean": 0.19177356356590924,
        "variance": 1.2481662293033197e-06,
        "sd": 0.0011172136005721197
    },
    "ipcw": {
        "mean": 0.6458369984271494,
        "variance": 6.569211124278108e-05,
        "sd": 0.008105067010381906
    }
}