{
  "ipcw.mean": 0.6458369984271494,
  "brier.mean": 0.19177356356590924
}