{
  "ipcw.mean": 0.6585935093930735,
  "brier.mean": 0.177726039095446
}