{
    "n": 3,
    "brier": {
        "mean": 0.177726039095446,
        "variance": 3.4939615361667157e-06,
        "sd": 0.0018692141493597558
    },
    "ipcw": {
        "mean": 0.6585935093930735,
        "variance": 0.00011045940166598352,
        "sd": 0.01050996677758705
    }
}