{
    "test_loss": 3.0284316539764404,
    "test_brier_0th_event": 0.1265747994184494,
    "test_brier_0th_event_n": 490,
    "test_brier_1th_event": 0.1232684999704361,
    "test_brier_1th_event_n": 452,
    "test_brier_weighted_avg": 0.12498833726292709,
    "test_ipcw_0th_event": 0.7129059891693035,
    "test_ipcw_0th_event_0.25": 0.6979985237121582,
    "test_ipcw_0th_event_0.50": 0.7008842825889587,
    "test_ipcw_0th_event_0.75": 0.7188661098480225,
    "test_ipcw_0th_event_1.00": 0.7182854413986206,
    "test_ipcw_0th_event_n": 1516,
    "test_ipcw_1th_event": 0.7353524126637863,
    "test_ipcw_1th_event_0.25": 0.7331613302230835,
    "test_ipcw_1th_event_0.50": 0.7384628057479858,
    "test_ipcw_1th_event_0.75": 0.7347140312194824,
    "test_ipcw_1th_event_1.00": 0.7347123026847839,
    "test_ipcw_1th_event_n": 1516,
    "test_ipcw_weighted_avg": 0.7241292009165449,
    "test_runtime": 0.8357,
    "test_samples_per_second": 1814.105,
    "test_steps_per_second": 3.59
}