{
    "n": 3,
    "brier": {
        "mean": 0.1968142370092759,
        "variance": 1.1899940473730905e-05,
        "sd": 0.0034496290342196077
    },
    "ipcw": {
        "mean": 0.6192548563867392,
        "variance": 0.0002810141105145248,
        "sd": 0.01676347549031897
    }
}