{
  "ipcw.mean": 0.6192548563867392,
  "brier.mean": 0.1968142370092759
}