{
    "n": 3,
    "brier": {
        "mean": 0.0890168106228081,
        "variance": 1.718862082216352e-05,
        "sd": 0.004145916161979584
    },
    "ipcw": {
        "mean": 0.8305600865099408,
        "variance": 0.00014330994793896733,
        "sd": 0.011971213302709435
    }
}