{
  "ipcw.mean": 0.8305600865099408,
  "brier.mean": 0.0890168106228081
}