{
    "n": 3,
    "test_brier_weighted_avg": {
        "mean": 0.08684041411500022,
        "variance": 3.225363688895773e-06,
        "sd": 0.0017959297561140227
    },
    "test_ipcw_weighted_avg": {
        "mean": 0.8041772584745805,
        "variance": 2.291044353286398e-05,
        "sd": 0.00478648550952199
    }
}