{
    "n": 3,
    "test_brier_weighted_avg": {
        "mean": 0.19448724885781607,
        "variance": 2.4052339346954612e-05,
        "sd": 0.004904318438575804
    },
    "test_ipcw_weighted_avg": {
        "mean": 0.615486382945076,
        "variance": 0.0005740854494607767,
        "sd": 0.023960080330849825
    }
}