{
  "ipcw.mean": 0.8453889080223291,
  "brier.mean": 0.08711305184216826
}