{
    "n": 3,
    "brier": {
        "mean": 0.08711305184216826,
        "variance": 3.439130455043371e-07,
        "sd": 0.0005864409991672966
    },
    "ipcw": {
        "mean": 0.8453889080223291,
        "variance": 2.6580082499828847e-06,
        "sd": 0.001630339918539347
    }
}