{
    "n": 3,
    "brier": {
        "mean": 0.1954026143784142,
        "variance": 2.443545955154926e-06,
        "sd": 0.0015631845556922977
    },
    "ipcw": {
        "mean": 0.6491089765978005,
        "variance": 6.534499021477524e-05,
        "sd": 0.008083624819026131
    }
}