{
  "ipcw.mean": 0.6491089765978005,
  "brier.mean": 0.1954026143784142
}