{
  "ipcw.mean": 0.5927300867064679,
  "brier.mean": 0.20100269241396904
}