{
    "n": 3,
    "brier": {
        "mean": 0.20100269241396904,
        "variance": 3.1418120724891827e-07,
        "sd": 0.0005605186948255324
    },
    "ipcw": {
        "mean": 0.5927300867064679,
        "variance": 0.0001246949914724214,
        "sd": 0.011166691160429816
    }
}