{
  "ipcw.mean": 0.6843644132727141,
  "brier.mean": 0.18232715300567195
}