{
    "n": 3,
    "brier": {
        "mean": 0.18232715300567195,
        "variance": 1.3552658939590033e-06,
        "sd": 0.001164158878314727
    },
    "ipcw": {
        "mean": 0.6843644132727141,
        "variance": 1.5325256479505402e-05,
        "sd": 0.0039147485844566576
    }
}