{
  "ipcw.mean": 0.8512922140652297,
  "brier.mean": 0.08379737046120485
}