{
    "n": 3,
    "brier": {
        "mean": 0.08379737046120485,
        "variance": 2.286622886199558e-06,
        "sd": 0.0015121583535462012
    },
    "ipcw": {
        "mean": 0.8512922140652297,
        "variance": 1.4168381946858044e-05,
        "sd": 0.0037640911182990834
    }
}