{
  "ipcw.mean": 0.8427819012880502,
  "brier.mean": 0.08639460804075498
}