{
    "n": 3,
    "brier": {
        "mean": 0.08639460804075498,
        "variance": 3.7504665420564923e-06,
        "sd": 0.0019366121299982846
    },
    "ipcw": {
        "mean": 0.8427819012880502,
        "variance": 9.331144371821851e-05,
        "sd": 0.00965978486914789
    }
}