{
    "n": 3,
    "test_brier_weighted_avg": {
        "mean": 0.22616470556877663,
        "variance": 0.031134282965939425,
        "sd": 0.17644909454553578
    },
    "test_ipcw_weighted_avg": {
        "mean": 0.5410163692468631,
        "variance": 0.001417863554363822,
        "sd": 0.0376545290020181
    }
}