{
    "test_loss": 3.302377462387085,
    "test_brier_0th_event": 0.12228560447692871,
    "test_brier_0th_event_n": 490,
    "test_brier_1th_event": 0.1305946409702301,
    "test_brier_1th_event_n": 452,
    "test_brier_weighted_avg": 0.12627253069239816,
    "test_ipcw_0th_event": 0.7520728073682916,
    "test_ipcw_0th_event_0.25": 0.7468833327293396,
    "test_ipcw_0th_event_0.50": 0.7531840801239014,
    "test_ipcw_0th_event_0.75": 0.7524773478507996,
    "test_ipcw_0th_event_1.00": 0.7526154518127441,
    "test_ipcw_0th_event_n": 1516,
    "test_ipcw_1th_event": 0.5904219436159353,
    "test_ipcw_1th_event_0.25": 0.599204957485199,
    "test_ipcw_1th_event_0.50": 0.5766881704330444,
    "test_ipcw_1th_event_0.75": 0.6041924953460693,
    "test_ipcw_1th_event_1.00": 0.5850367546081543,
    "test_ipcw_1th_event_n": 1516,
    "test_ipcw_weighted_avg": 0.6712473754921134,
    "test_runtime": 0.6701,
    "test_samples_per_second": 2262.234,
    "test_steps_per_second": 4.477
}