{
  "ipcw.mean": 0.5907566630542126,
  "brier.mean": 0.2217040407593616
}