{
    "n": 3,
    "brier": {
        "mean": 0.2217040407593616,
        "variance": 1.9083549099902773e-06,
        "sd": 0.0013814321952199742
    },
    "ipcw": {
        "mean": 0.5907566630542126,
        "variance": 6.0044142075322776e-05,
        "sd": 0.007748815527248198
    }
}