{
    "n": 3,
    "brier": {
        "mean": 0.08218611868728957,
        "variance": 2.7404672074811524e-06,
        "sd": 0.001655435654890021
    },
    "ipcw": {
        "mean": 0.8601071361734398,
        "variance": 1.3277904925234608e-05,
        "sd": 0.003643885964905407
    }
}