{
  "ipcw.mean": 0.8601071361734398,
  "brier.mean": 0.08218611868728957
}