{
    "n": 3,
    "validation_brier_weighted_avg": {
        "mean": 0.18838806947072348,
        "variance": 0.00019526830754930863,
        "sd": 0.01397384369274641
    },
    "validation_ipcw_weighted_avg": {
        "mean": 0.6302326667408388,
        "variance": 0.00012740188927936667,
        "sd": 0.011287244538830841
    }
}