{
    "test_loss": 0.5177327394485474,
    "test_brier_0th_event": 0.09232314676046371,
    "test_brier_0th_event_n": 490,
    "test_brier_1th_event": 0.09638632088899612,
    "test_brier_1th_event_n": 452,
    "test_brier_weighted_avg": 0.09427278020642618,
    "test_ipcw_0th_event": 0.8081641641950645,
    "test_ipcw_0th_event_0.25": 0.8084242939949036,
    "test_ipcw_0th_event_0.50": 0.8082740902900696,
    "test_ipcw_0th_event_0.75": 0.8085519671440125,
    "test_ipcw_0th_event_1.00": 0.807744026184082,
    "test_ipcw_0th_event_n": 1516,
    "test_ipcw_1th_event": 0.793638458166876,
    "test_ipcw_1th_event_0.25": 0.7931377291679382,
    "test_ipcw_1th_event_0.50": 0.7934474349021912,
    "test_ipcw_1th_event_0.75": 0.7941817045211792,
    "test_ipcw_1th_event_1.00": 0.793462872505188,
    "test_ipcw_1th_event_n": 1516,
    "test_ipcw_weighted_avg": 0.8009013111809704,
    "test_runtime": 0.5667,
    "test_samples_per_second": 2675.203,
    "test_steps_per_second": 5.294
}