{
    "test_loss": 0.5336247086524963,
    "test_brier_0th_event": 0.09400490671396255,
    "test_brier_0th_event_n": 490,
    "test_brier_1th_event": 0.09416575729846954,
    "test_brier_1th_event_n": 452,
    "test_brier_weighted_avg": 0.09408208767383215,
    "test_ipcw_0th_event": 0.8058380927881504,
    "test_ipcw_0th_event_0.25": 0.8025645017623901,
    "test_ipcw_0th_event_0.50": 0.8030455708503723,
    "test_ipcw_0th_event_0.75": 0.8054582476615906,
    "test_ipcw_0th_event_1.00": 0.8083833456039429,
    "test_ipcw_0th_event_n": 1516,
    "test_ipcw_1th_event": 0.7922242845937977,
    "test_ipcw_1th_event_0.25": 0.7967973351478577,
    "test_ipcw_1th_event_0.50": 0.7906782627105713,
    "test_ipcw_1th_event_0.75": 0.7927448153495789,
    "test_ipcw_1th_event_1.00": 0.7914297580718994,
    "test_ipcw_1th_event_n": 1516,
    "test_ipcw_weighted_avg": 0.799031188690974,
    "test_runtime": 0.593,
    "test_samples_per_second": 2556.502,
    "test_steps_per_second": 5.059
}