{
  "ipcw.mean": 0.8542801861965139,
  "brier.mean": 0.08252224463558122
}