{
    "n": 3,
    "brier": {
        "mean": 0.08252224463558122,
        "variance": 1.621380630046535e-07,
        "sd": 0.0004026637095699754
    },
    "ipcw": {
        "mean": 0.8542801861965139,
        "variance": 3.516726591790085e-06,
        "sd": 0.0018752937348026535
    }
}