{
    "n": 3,
    "test_brier_weighted_avg": {
        "mean": 0.08935208789317922,
        "variance": 3.123937385725075e-05,
        "sd": 0.005589219431839365
    },
    "test_ipcw_weighted_avg": {
        "mean": 0.7999470859935541,
        "variance": 0.00012386937724833872,
        "sd": 0.0111296620455582
    }
}