{
    "validation": {
        "n": 1,
        "loss": {
            "mean": 0.6750558614730835,
            "variance": 0.0,
            "sd": 0.0
        },
        "brier_0th_event": {
            "mean": 0.18998055160045624,
            "variance": 0.0,
            "sd": 0.0
        },
        "brier_0th_event_n": {
            "mean": 253,
            "variance": 0.0,
            "sd": 0.0
        },
        "brier_weighted_avg": {
            "mean": 0.18998055160045624,
            "variance": 0.0,
            "sd": 0.0
        },
        "ipcw_0th_event": {
            "mean": 0.642232893052116,
            "variance": 0.0,
            "sd": 0.0
        },
        "ipcw_0th_event_0.25": {
            "mean": 0.6406510472297668,
            "variance": 0.0,
            "sd": 0.0
        },
        "ipcw_0th_event_0.50": {
            "mean": 0.6464828252792358,
            "variance": 0.0,
            "sd": 0.0
        },
        "ipcw_0th_event_0.75": {
            "mean": 0.6543777585029602,
            "variance": 0.0,
            "sd": 0.0
        },
        "ipcw_0th_event_1.00": {
            "mean": 0.6310756802558899,
            "variance": 0.0,
            "sd": 0.0
        },
        "ipcw_0th_event_n": {
            "mean": 411,
            "variance": 0.0,
            "sd": 0.0
        },
        "ipcw_weighted_avg": {
            "mean": 0.642232893052116,
            "variance": 0.0,
            "sd": 0.0
        },
        "runtime": {
            "mean": 0.1457,
            "variance": 0.0,
            "sd": 0.0
        },
        "samples_per_second": {
            "mean": 2821.392,
            "variance": 0.0,
            "sd": 0.0
        },
        "steps_per_second": {
            "mean": 6.865,
            "variance": 0.0,
            "sd": 0.0
        }
    }
}