{
    "n": 3,
    "brier": {
        "mean": 0.0,
        "variance": 0.0,
        "sd": 0.0
    },
    "ipcw": {
        "mean": 0.670058075212196,
        "variance": 9.787513637131635e-06,
        "sd": 0.0031285002216927577
    }
}