{
    "n": 3,
    "test_brier_weighted_avg": {
        "mean": 0.11216479297602595,
        "variance": 9.112552777409638e-07,
        "sd": 0.0009545969189877809
    },
    "test_ipcw_weighted_avg": {
        "mean": 0.6346573487238457,
        "variance": 0.0001464666297982804,
        "sd": 0.012102339848074024
    }
}