{
    "n": 3,
    "brier": {
        "mean": 0.08346573384813812,
        "variance": 4.400571490292305e-07,
        "sd": 0.0006633680343740045
    },
    "ipcw": {
        "mean": 0.8501643015131451,
        "variance": 3.309775332091974e-06,
        "sd": 0.0018192787944930195
    }
}