{
  "ipcw.mean": 0.8501643015131451,
  "brier.mean": 0.08346573384813812
}