{
    "n": 3,
    "brier": {
        "mean": 0.19809635883859192,
        "variance": 2.0525706289840468e-07,
        "sd": 0.0004530530464508595
    },
    "ipcw": {
        "mean": 0.6373838184485113,
        "variance": 6.038857665796345e-05,
        "sd": 0.00777100872847042
    }
}