{
  "ipcw.mean": 0.6373838184485113,
  "brier.mean": 0.19809635883859192
}