{
    "test_loss": 6.224288463592529,
    "test_brier_0th_event": 0.6252931356430054,
    "test_brier_0th_event_n": 490,
    "test_brier_1th_event": 0.21496540307998657,
    "test_brier_1th_event_n": 452,
    "test_brier_weighted_avg": 0.42840551874440186,
    "test_ipcw_0th_event": 0.4905005074019575,
    "test_ipcw_0th_event_0.25": 0.49535053968429565,
    "test_ipcw_0th_event_0.50": 0.46417608857154846,
    "test_ipcw_0th_event_0.75": 0.4943024218082428,
    "test_ipcw_0th_event_1.00": 0.49923941493034363,
    "test_ipcw_0th_event_n": 1516,
    "test_ipcw_1th_event": 0.47662905251058163,
    "test_ipcw_1th_event_0.25": 0.47728419303894043,
    "test_ipcw_1th_event_0.50": 0.4759185016155243,
    "test_ipcw_1th_event_0.75": 0.4739077091217041,
    "test_ipcw_1th_event_1.00": 0.4789466857910156,
    "test_ipcw_1th_event_n": 1516,
    "test_ipcw_weighted_avg": 0.4835647799562695,
    "test_runtime": 0.5958,
    "test_samples_per_second": 2544.473,
    "test_steps_per_second": 5.035
}