{
    "n": 3,
    "brier": {
        "mean": 0.08414508880072731,
        "variance": 1.5246882514061347e-07,
        "sd": 0.00039047256643791697
    },
    "ipcw": {
        "mean": 0.8483343219141872,
        "variance": 2.8625830077304864e-07,
        "sd": 0.0005350311213126285
    }
}