{
  "ipcw.mean": 0.8483343219141872,
  "brier.mean": 0.08414508880072731
}