{
    "n": 3,
    "brier": {
        "mean": 0.2133151823087411,
        "variance": 2.325768912033483e-06,
        "sd": 0.001525047183543343
    },
    "ipcw": {
        "mean": 0.6180403902760843,
        "variance": 3.395853973754316e-05,
        "sd": 0.005827395622192058
    }
}