{
  "ipcw.mean": 0.6180403902760843,
  "brier.mean": 0.2133151823087411
}