{
    "test_loss": 0.6965845823287964,
    "test_brier_0th_event": 0.1946260780096054,
    "test_brier_0th_event_n": 325,
    "test_brier_weighted_avg": 0.1946260780096054,
    "test_ipcw_0th_event": 0.5992740258140472,
    "test_ipcw_0th_event_0.25": 0.5914095640182495,
    "test_ipcw_0th_event_0.50": 0.600569486618042,
    "test_ipcw_0th_event_0.75": 0.6082831621170044,
    "test_ipcw_0th_event_1.00": 0.5937188863754272,
    "test_ipcw_0th_event_n": 567,
    "test_ipcw_weighted_avg": 0.5992740258140472,
    "test_runtime": 0.1931,
    "test_samples_per_second": 2936.274,
    "test_steps_per_second": 10.357
}